label,subject,rid,maxabs,min_iqr,deadfrac
0,1,sub-001_ses-01_task-szMonitoring_run-01,8.889718055725098,0.0389510840177536,0.0
0,1,sub-001_ses-01_task-szMonitoring_run-01,22.22027587890625,0.03873234987258911,0.0
0,1,sub-001_ses-01_task-szMonitoring_run-01,28.2009334564209,0.06578090786933899,0.0
0,1,sub-001_ses-01_task-szMonitoring_run-01,26.127485275268555,0.06861790269613266,0.0
0,1,sub-001_ses-01_task-szMonitoring_run-01,10.693360328674316,0.03748185932636261,0.0
0,1,sub-001_ses-01_task-szMonitoring_run-01,25.965068817138672,0.041781745851039886,0.0
0,1,sub-001_ses-01_task-szMonitoring_run-01,35.61119842529297,0.050242483615875244,0.0
0,1,sub-001_ses-01_task-szMonitoring_run-01,15.14424991607666,0.038046956062316895,0.0
0,1,sub-001_ses-01_task-szMonitoring_run-01,35.81974792480469,0.04856494814157486,0.0
0,1,sub-001_ses-01_task-szMonitoring_run-02,29.98923110961914,0.07018408179283142,0.0
0,1,sub-001_ses-01_task-szMonitoring_run-02,4.700962543487549,0.0654057189822197,0.0
1,1,sub-001_ses-01_task-szMonitoring_run-03,21.797317504882812,0.05688841640949249,0.0
1,1,sub-001_ses-01_task-szMonitoring_run-03,22.365066528320312,0.05148247629404068,0.0
1,1,sub-001_ses-01_task-szMonitoring_run-03,21.707969665527344,0.06491883099079132,0.0
1,1,sub-001_ses-01_task-szMonitoring_run-03,21.441930770874023,0.0629306435585022,0.0
1,1,sub-001_ses-01_task-szMonitoring_run-03,21.533958435058594,0.053136251866817474,0.0
1,1,sub-001_ses-01_task-szMonitoring_run-03,21.713638305664062,0.05837389826774597,0.0
1,1,sub-001_ses-01_task-szMonitoring_run-03,22.005428314208984,0.05279862880706787,0.0
0,1,sub-001_ses-01_task-szMonitoring_run-03,9.196916580200195,0.06291335821151733,0.0
0,1,sub-001_ses-01_task-szMonitoring_run-03,23.444107055664062,0.10779770463705063,0.0
0,1,sub-001_ses-01_task-szMonitoring_run-03,21.151084899902344,0.07144002616405487,0.0
0,1,sub-001_ses-01_task-szMonitoring_run-03,35.295440673828125,0.03361129388213158,0.0
0,1,sub-001_ses-01_task-szMonitoring_run-03,14.475093841552734,0.07357579469680786,0.0
0,1,sub-001_ses-01_task-szMonitoring_run-03,40.27961730957031,0.10249356180429459,0.0
0,1,sub-001_ses-01_task-szMonitoring_run-03,33.306915283203125,0.13599314540624619,0.0
0,1,sub-001_ses-01_task-szMonitoring_run-03,38.44630432128906,0.043795082718133926,0.0
0,1,sub-001_ses-01_task-szMonitoring_run-03,49.815467834472656,0.038328997790813446,0.0
0,1,sub-001_ses-01_task-szMonitoring_run-03,8.392120361328125,0.0886540487408638,0.0
0,1,sub-001_ses-01_task-szMonitoring_run-03,30.772174835205078,0.046080105006694794,0.0
0,1,sub-001_ses-01_task-szMonitoring_run-04,14.052978515625,0.06414610147476196,0.0
0,1,sub-001_ses-01_task-szMonitoring_run-04,26.576881408691406,0.10379945486783981,0.0
0,1,sub-001_ses-01_task-szMonitoring_run-04,13.822587013244629,0.09430322051048279,0.0
0,1,sub-001_ses-01_task-szMonitoring_run-04,29.738256454467773,0.09166453033685684,0.0
0,1,sub-001_ses-01_task-szMonitoring_run-04,13.226741790771484,0.13051201403141022,0.0
0,1,sub-001_ses-01_task-szMonitoring_run-04,12.212089538574219,0.09172323346138,0.0
1,1,sub-001_ses-01_task-szMonitoring_run-05,20.66106414794922,0.12069104984402657,0.0
1,1,sub-001_ses-01_task-szMonitoring_run-05,19.975425720214844,0.11701857298612595,0.0
1,1,sub-001_ses-01_task-szMonitoring_run-05,20.834379196166992,0.12126347422599792,0.0
1,1,sub-001_ses-01_task-szMonitoring_run-05,20.052913665771484,0.11470450460910797,0.0
1,1,sub-001_ses-01_task-szMonitoring_run-05,19.39784812927246,0.12105296552181244,0.0
1,1,sub-001_ses-01_task-szMonitoring_run-05,20.511003494262695,0.11814425513148308,0.0
0,1,sub-001_ses-01_task-szMonitoring_run-05,30.08970832824707,0.06961163133382797,0.0
0,1,sub-001_ses-01_task-szMonitoring_run-05,13.735733985900879,0.057147979736328125,0.0
0,1,sub-001_ses-01_task-szMonitoring_run-05,33.56678771972656,0.06633728742599487,0.0
0,1,sub-001_ses-01_task-szMonitoring_run-05,29.069856643676758,0.052783235907554626,0.0
0,1,sub-001_ses-01_task-szMonitoring_run-05,44.97042465209961,0.047196678817272186,0.0
0,1,sub-001_ses-01_task-szMonitoring_run-05,39.92116928100586,0.04245104640722275,0.0
0,1,sub-001_ses-01_task-szMonitoring_run-05,14.983731269836426,0.04740384966135025,0.0
0,1,sub-001_ses-01_task-szMonitoring_run-05,7.7091803550720215,0.10841748863458633,0.0
0,1,sub-001_ses-01_task-szMonitoring_run-05,11.893301010131836,0.05821073800325394,0.0
0,1,sub-001_ses-01_task-szMonitoring_run-05,16.460660934448242,0.1402861326932907,0.0
0,1,sub-001_ses-01_task-szMonitoring_run-06,19.412464141845703,0.03328043967485428,0.0
0,1,sub-001_ses-01_task-szMonitoring_run-06,15.63866901397705,0.12987222522497177,0.0
0,1,sub-001_ses-01_task-szMonitoring_run-06,23.960180282592773,0.08262857794761658,0.0
1,1,sub-001_ses-01_task-szMonitoring_run-07,24.541833877563477,0.09279816597700119,0.0
1,1,sub-001_ses-01_task-szMonitoring_run-07,42.58392333984375,0.06498883664608002,0.0
1,1,sub-001_ses-01_task-szMonitoring_run-07,36.221900939941406,0.07044245302677155,0.0
1,1,sub-001_ses-01_task-szMonitoring_run-07,48.05033493041992,0.06063571572303772,0.0
1,1,sub-001_ses-01_task-szMonitoring_run-07,48.2154426574707,0.06039849668741226,0.0
1,1,sub-001_ses-01_task-szMonitoring_run-07,46.051490783691406,0.06371907889842987,0.0
1,1,sub-001_ses-01_task-szMonitoring_run-07,19.074359893798828,0.10039913654327393,0.0
1,1,sub-001_ses-01_task-szMonitoring_run-07,45.357261657714844,0.06473012268543243,0.0
0,1,sub-001_ses-01_task-szMonitoring_run-07,11.88325309753418,0.13483437150716782,0.0
0,1,sub-001_ses-01_task-szMonitoring_run-07,13.339909553527832,0.06261105835437775,0.0
0,1,sub-001_ses-01_task-szMonitoring_run-07,10.658147811889648,0.08064499497413635,0.0
0,1,sub-001_ses-01_task-szMonitoring_run-07,8.94666862487793,0.1605357751250267,0.0
0,1,sub-001_ses-01_task-szMonitoring_run-07,21.042556762695312,0.0706755667924881,0.0
0,1,sub-001_ses-01_task-szMonitoring_run-07,21.70213508605957,0.07192046195268631,0.0
0,1,sub-001_ses-01_task-szMonitoring_run-07,30.822547912597656,0.07417560368776321,0.0
1,1,sub-001_ses-01_task-szMonitoring_run-08,32.74414825439453,0.05106405168771744,0.0
1,1,sub-001_ses-01_task-szMonitoring_run-08,40.45643997192383,0.06462785601615906,0.0
1,1,sub-001_ses-01_task-szMonitoring_run-08,41.91548156738281,0.05625095218420029,0.0
1,1,sub-001_ses-01_task-szMonitoring_run-08,32.00761795043945,0.052546046674251556,0.0
1,1,sub-001_ses-01_task-szMonitoring_run-08,39.96036911010742,0.05951693654060364,0.0
1,1,sub-001_ses-01_task-szMonitoring_run-08,39.406368255615234,0.06225114315748215,0.0
1,1,sub-001_ses-01_task-szMonitoring_run-08,29.09760093688965,0.055717870593070984,0.0
0,1,sub-001_ses-01_task-szMonitoring_run-08,19.223644256591797,0.04352515563368797,0.0
0,1,sub-001_ses-01_task-szMonitoring_run-08,15.598217964172363,0.03938225656747818,0.0
0,1,sub-001_ses-01_task-szMonitoring_run-08,5.0220112800598145,0.0797993391752243,0.0
0,1,sub-001_ses-01_task-szMonitoring_run-08,16.789920806884766,0.04483941197395325,0.0
0,1,sub-001_ses-01_task-szMonitoring_run-08,14.218266487121582,0.07293634116649628,0.0
0,1,sub-001_ses-01_task-szMonitoring_run-08,7.912425518035889,0.060609884560108185,0.0
0,1,sub-001_ses-01_task-szMonitoring_run-08,10.889071464538574,0.0876794382929802,0.0
0,1,sub-001_ses-01_task-szMonitoring_run-08,30.208799362182617,0.07355478405952454,0.0
0,1,sub-001_ses-01_task-szMonitoring_run-08,17.030954360961914,0.041747674345970154,0.0
0,1,sub-001_ses-01_task-szMonitoring_run-09,27.10306739807129,0.06360036507248878,0.0
0,1,sub-001_ses-01_task-szMonitoring_run-09,34.40336990356445,0.041924554854631424,0.0
0,1,sub-001_ses-01_task-szMonitoring_run-09,12.033748626708984,0.07903500646352768,0.0
1,2,sub-002_ses-01_task-szMonitoring_run-01,21.00497055053711,0.07748803496360779,0.0
1,2,sub-002_ses-01_task-szMonitoring_run-01,20.097620010375977,0.07908359169960022,0.0
1,2,sub-002_ses-01_task-szMonitoring_run-01,20.57908058166504,0.07705781236290932,0.0
1,2,sub-002_ses-01_task-szMonitoring_run-01,17.76137351989746,0.07932157441973686,0.0
1,2,sub-002_ses-01_task-szMonitoring_run-01,15.659649848937988,0.08026595786213875,0.0
1,2,sub-002_ses-01_task-szMonitoring_run-02,27.65352439880371,0.06695450842380524,0.0
1,2,sub-002_ses-01_task-szMonitoring_run-02,31.47459602355957,0.07035918906331062,0.0
1,2,sub-002_ses-01_task-szMonitoring_run-02,27.920738220214844,0.10208681970834732,0.0
1,2,sub-002_ses-01_task-szMonitoring_run-02,27.52216911315918,0.1038191094994545,0.0
1,2,sub-002_ses-01_task-szMonitoring_run-02,28.32121467590332,0.07477249950170517,0.0
1,2,sub-002_ses-01_task-szMonitoring_run-02,26.845918655395508,0.10422453284263611,0.0
1,2,sub-002_ses-01_task-szMonitoring_run-02,28.444255828857422,0.1053326167166233,0.0
1,2,sub-002_ses-01_task-szMonitoring_run-02,29.627300262451172,0.06715172901749611,0.0
1,2,sub-002_ses-01_task-szMonitoring_run-02,28.904090881347656,0.06689533963799477,0.0
1,2,sub-002_ses-01_task-szMonitoring_run-02,28.76432228088379,0.07291381061077118,0.0
0,2,sub-002_ses-01_task-szMonitoring_run-02,23.269065856933594,0.09054232016205788,0.0
0,2,sub-002_ses-01_task-szMonitoring_run-02,22.66782569885254,0.07393211871385574,0.0
1,2,sub-002_ses-01_task-szMonitoring_run-03,27.13523292541504,0.060446858406066895,0.0
1,2,sub-002_ses-01_task-szMonitoring_run-03,30.324790954589844,0.06039820611476898,0.0
1,2,sub-002_ses-01_task-szMonitoring_run-03,31.431678771972656,0.05755554884672165,0.0
1,2,sub-002_ses-01_task-szMonitoring_run-03,36.072364807128906,0.054724521934986115,0.0
1,2,sub-002_ses-01_task-szMonitoring_run-03,35.54399108886719,0.05521579086780548,0.0
1,2,sub-002_ses-01_task-szMonitoring_run-03,34.09632110595703,0.05627135932445526,0.0
1,2,sub-002_ses-01_task-szMonitoring_run-03,32.29052734375,0.057934217154979706,0.0
0,2,sub-002_ses-01_task-szMonitoring_run-03,15.803200721740723,0.06324271485209465,0.0
0,2,sub-002_ses-01_task-szMonitoring_run-03,23.70073699951172,0.06198197603225708,0.0
0,2,sub-002_ses-01_task-szMonitoring_run-03,20.283689498901367,0.06628217548131943,0.0
0,2,sub-002_ses-01_task-szMonitoring_run-03,23.384281158447266,0.061165571212768555,0.0
0,2,sub-002_ses-01_task-szMonitoring_run-03,24.007497787475586,0.061930835247039795,0.0
0,2,sub-002_ses-01_task-szMonitoring_run-03,31.32309341430664,0.04998745769262314,0.0
0,2,sub-002_ses-01_task-szMonitoring_run-03,22.413890838623047,0.057583995163440704,0.0
0,2,sub-002_ses-01_task-szMonitoring_run-03,16.830961227416992,0.05457606911659241,0.0
0,2,sub-002_ses-01_task-szMonitoring_run-04,19.510576248168945,0.0650348998606205,0.0
1,2,sub-002_ses-01_task-szMonitoring_run-05,44.206443786621094,0.05018383264541626,0.0
1,2,sub-002_ses-01_task-szMonitoring_run-05,43.61473846435547,0.05038601905107498,0.0
1,2,sub-002_ses-01_task-szMonitoring_run-05,40.61299133300781,0.051494717597961426,0.0
1,2,sub-002_ses-01_task-szMonitoring_run-05,41.42359161376953,0.050172530114650726,0.0
1,2,sub-002_ses-01_task-szMonitoring_run-05,40.69386291503906,0.05076108127832413,0.0
1,2,sub-002_ses-01_task-szMonitoring_run-05,40.671112060546875,0.05037752538919449,0.0
1,2,sub-002_ses-01_task-szMonitoring_run-05,41.090309143066406,0.05032268166542053,0.0
0,2,sub-002_ses-01_task-szMonitoring_run-05,27.487577438354492,0.054755840450525284,0.0
0,2,sub-002_ses-01_task-szMonitoring_run-05,15.460101127624512,0.07566291466355324,0.0
0,2,sub-002_ses-01_task-szMonitoring_run-05,15.228988647460938,0.06234603002667427,0.0
0,2,sub-002_ses-01_task-szMonitoring_run-05,10.981525421142578,0.09381886571645737,0.0
0,2,sub-002_ses-01_task-szMonitoring_run-05,12.927314758300781,0.07686030492186546,0.0
0,2,sub-002_ses-01_task-szMonitoring_run-05,24.87644386291504,0.06757808476686478,0.0
0,2,sub-002_ses-01_task-szMonitoring_run-05,5.487914085388184,0.07310513779520988,0.0
0,2,sub-002_ses-01_task-szMonitoring_run-05,16.955345153808594,0.06816965341567993,0.0
0,2,sub-002_ses-01_task-szMonitoring_run-05,10.422776222229004,0.07543052732944489,0.0
0,2,sub-002_ses-01_task-szMonitoring_run-05,13.108460426330566,0.06456490978598595,0.0
1,2,sub-002_ses-01_task-szMonitoring_run-06,26.328060150146484,0.06972146034240723,0.0
1,2,sub-002_ses-01_task-szMonitoring_run-06,24.141592025756836,0.06797897815704346,0.0
1,2,sub-002_ses-01_task-szMonitoring_run-06,29.751121520996094,0.06925028562545776,0.0
1,2,sub-002_ses-01_task-szMonitoring_run-06,25.671274185180664,0.07036596536636353,0.0
0,2,sub-002_ses-01_task-szMonitoring_run-06,27.35333824157715,0.06386532261967659,0.0
0,2,sub-002_ses-01_task-szMonitoring_run-06,4.355109214782715,0.21491915360093117,0.0
0,2,sub-002_ses-01_task-szMonitoring_run-06,10.124444007873535,0.07011204957962036,0.0
0,2,sub-002_ses-01_task-szMonitoring_run-06,27.579570770263672,0.0585743710398674,0.0
0,2,sub-002_ses-01_task-szMonitoring_run-06,9.48266887664795,0.15536333248019218,0.0
0,2,sub-002_ses-01_task-szMonitoring_run-06,16.818405151367188,0.07067441940307617,0.0
0,2,sub-002_ses-01_task-szMonitoring_run-06,16.824132919311523,0.07064688205718994,0.0
0,2,sub-002_ses-01_task-szMonitoring_run-06,16.547218322753906,0.07194197177886963,0.0
0,2,sub-002_ses-01_task-szMonitoring_run-06,26.973949432373047,0.14816445112228394,0.0
0,2,sub-002_ses-01_task-szMonitoring_run-08,6.691805839538574,0.06119409203529358,0.0
0,2,sub-002_ses-01_task-szMonitoring_run-08,15.416044235229492,0.06167587265372276,0.0
0,2,sub-002_ses-01_task-szMonitoring_run-08,13.15831184387207,0.05598067492246628,0.0
0,2,sub-002_ses-01_task-szMonitoring_run-08,8.200129508972168,0.05409179627895355,0.0
0,2,sub-002_ses-01_task-szMonitoring_run-08,7.103579521179199,0.06958866864442825,0.0
0,2,sub-002_ses-01_task-szMonitoring_run-08,10.208094596862793,0.07555519789457321,0.0
0,2,sub-002_ses-01_task-szMonitoring_run-08,8.645477294921875,0.04954361543059349,0.0
0,2,sub-002_ses-01_task-szMonitoring_run-08,11.04462718963623,0.07324591279029846,0.0
0,2,sub-002_ses-01_task-szMonitoring_run-08,7.215457916259766,0.07351434603333473,0.0
0,2,sub-002_ses-01_task-szMonitoring_run-08,6.8659491539001465,0.06714066118001938,0.0
1,2,sub-002_ses-01_task-szMonitoring_run-09,11.075339317321777,0.05935678258538246,0.0
1,2,sub-002_ses-01_task-szMonitoring_run-09,11.10110092163086,0.0626087374985218,0.0
1,2,sub-002_ses-01_task-szMonitoring_run-09,10.816056251525879,0.06389247998595238,0.0
1,2,sub-002_ses-01_task-szMonitoring_run-09,10.841869354248047,0.055662620812654495,0.0
1,2,sub-002_ses-01_task-szMonitoring_run-09,10.981424331665039,0.05671580508351326,0.0
1,2,sub-002_ses-01_task-szMonitoring_run-09,10.846553802490234,0.06243421137332916,0.0
1,2,sub-002_ses-01_task-szMonitoring_run-09,10.939184188842773,0.06468689441680908,0.0
0,2,sub-002_ses-01_task-szMonitoring_run-09,16.399789810180664,0.050017692148685455,0.0
0,2,sub-002_ses-01_task-szMonitoring_run-09,18.130386352539062,0.047037627547979355,0.0
1,2,sub-002_ses-01_task-szMonitoring_run-10,20.020681381225586,0.052655890583992004,0.0
1,2,sub-002_ses-01_task-szMonitoring_run-10,20.237178802490234,0.052105411887168884,0.0
1,2,sub-002_ses-01_task-szMonitoring_run-10,20.325016021728516,0.05205747112631798,0.0
1,2,sub-002_ses-01_task-szMonitoring_run-10,20.86797332763672,0.05259810760617256,0.0
1,2,sub-002_ses-01_task-szMonitoring_run-10,20.89795684814453,0.0518285408616066,0.0
0,2,sub-002_ses-01_task-szMonitoring_run-12,21.037246704101562,0.06365541368722916,0.0
0,2,sub-002_ses-01_task-szMonitoring_run-12,15.799166679382324,0.05831489339470863,0.0
0,3,sub-003_ses-01_task-szMonitoring_run-01,4.747298240661621,0.11664806306362152,0.0
0,3,sub-003_ses-01_task-szMonitoring_run-01,3.6750214099884033,0.09951046854257584,0.0
0,3,sub-003_ses-01_task-szMonitoring_run-01,11.634319305419922,0.10161536931991577,0.0
0,3,sub-003_ses-01_task-szMonitoring_run-01,5.01177453994751,0.10694640874862671,0.0
0,3,sub-003_ses-01_task-szMonitoring_run-01,5.801458358764648,0.10421745479106903,0.0
0,3,sub-003_ses-01_task-szMonitoring_run-01,5.110141277313232,0.10397475957870483,0.0
0,3,sub-003_ses-01_task-szMonitoring_run-02,17.13618278503418,0.06321954727172852,0.0
0,3,sub-003_ses-01_task-szMonitoring_run-02,24.253713607788086,0.06914568692445755,0.0
0,3,sub-003_ses-01_task-szMonitoring_run-03,5.58119535446167,0.0861615389585495,0.0
0,3,sub-003_ses-01_task-szMonitoring_run-04,6.8591156005859375,0.13095633685588837,0.0
0,3,sub-003_ses-01_task-szMonitoring_run-04,32.316162109375,0.0630297064781189,0.0
0,3,sub-003_ses-01_task-szMonitoring_run-04,9.286927223205566,0.12108675390481949,0.0
0,3,sub-003_ses-01_task-szMonitoring_run-04,5.71793270111084,0.0816630870103836,0.0
0,3,sub-003_ses-01_task-szMonitoring_run-04,4.0274810791015625,0.12145080417394638,0.0
0,3,sub-003_ses-01_task-szMonitoring_run-04,6.211918830871582,0.19027450680732727,0.0
0,3,sub-003_ses-01_task-szMonitoring_run-04,9.448336601257324,0.09073705971240997,0.0
0,3,sub-003_ses-01_task-szMonitoring_run-04,5.720643520355225,0.1158924475312233,0.0
0,3,sub-003_ses-01_task-szMonitoring_run-04,32.70161437988281,0.06671136617660522,0.0
0,3,sub-003_ses-01_task-szMonitoring_run-04,6.451289653778076,0.11802910268306732,0.0
0,3,sub-003_ses-01_task-szMonitoring_run-04,7.825691223144531,0.12055820971727371,0.0
0,3,sub-003_ses-01_task-szMonitoring_run-04,6.559057235717773,0.13829760253429413,0.0
0,3,sub-003_ses-01_task-szMonitoring_run-04,6.070897102355957,0.10703933238983154,0.0
0,3,sub-003_ses-01_task-szMonitoring_run-04,34.34185028076172,0.06349170207977295,0.0
0,3,sub-003_ses-01_task-szMonitoring_run-04,8.109167098999023,0.10477371513843536,0.0
0,3,sub-003_ses-01_task-szMonitoring_run-04,31.41126251220703,0.058914363384246826,0.0
0,3,sub-003_ses-01_task-szMonitoring_run-04,4.714179992675781,0.12111794948577881,0.0
0,3,sub-003_ses-01_task-szMonitoring_run-05,5.618858337402344,0.08301940560340881,0.0
1,3,sub-003_ses-01_task-szMonitoring_run-06,12.240007400512695,0.10661318898200989,0.0
1,3,sub-003_ses-01_task-szMonitoring_run-06,10.759539604187012,0.11834342777729034,0.0
1,3,sub-003_ses-01_task-szMonitoring_run-06,11.606169700622559,0.10803217440843582,0.0
1,3,sub-003_ses-01_task-szMonitoring_run-06,12.180036544799805,0.10593390464782715,0.0
1,3,sub-003_ses-01_task-szMonitoring_run-06,9.925724983215332,0.13648589700460434,0.0
1,3,sub-003_ses-01_task-szMonitoring_run-06,12.22231388092041,0.10447321832180023,0.0
1,3,sub-003_ses-01_task-szMonitoring_run-06,12.20138931274414,0.10224299877882004,0.0
0,3,sub-003_ses-01_task-szMonitoring_run-06,29.309099197387695,0.06059688702225685,0.0
0,3,sub-003_ses-01_task-szMonitoring_run-06,5.078601360321045,0.1298009231686592,0.0
0,3,sub-003_ses-01_task-szMonitoring_run-06,20.857553482055664,0.05272220820188522,0.0
0,3,sub-003_ses-01_task-szMonitoring_run-06,12.283381462097168,0.10364615172147751,0.0
0,3,sub-003_ses-01_task-szMonitoring_run-06,24.917640686035156,0.06053459644317627,0.0
0,3,sub-003_ses-01_task-szMonitoring_run-06,24.814044952392578,0.06623536348342896,0.0
0,3,sub-003_ses-01_task-szMonitoring_run-06,19.730932235717773,0.06127363443374634,0.0
0,3,sub-003_ses-01_task-szMonitoring_run-06,20.104515075683594,0.0465291291475296,0.0
0,3,sub-003_ses-01_task-szMonitoring_run-06,22.03887176513672,0.0481557697057724,0.0
0,3,sub-003_ses-01_task-szMonitoring_run-06,5.177760601043701,0.09376022219657898,0.0
0,3,sub-003_ses-01_task-szMonitoring_run-06,25.545536041259766,0.06544065475463867,0.0
0,3,sub-003_ses-01_task-szMonitoring_run-06,9.010578155517578,0.09323716908693314,0.0
0,3,sub-003_ses-01_task-szMonitoring_run-06,16.86151885986328,0.09880203008651733,0.0
0,3,sub-003_ses-01_task-szMonitoring_run-06,5.060539722442627,0.11387866735458374,0.0
0,3,sub-003_ses-01_task-szMonitoring_run-06,34.67340850830078,0.07273143529891968,0.0
0,3,sub-003_ses-01_task-szMonitoring_run-06,3.7674269676208496,0.10338080674409866,0.0
0,3,sub-003_ses-01_task-szMonitoring_run-06,11.334362030029297,0.10733282566070557,0.0
0,3,sub-003_ses-01_task-szMonitoring_run-06,4.597757816314697,0.09631515294313431,0.0
0,3,sub-003_ses-01_task-szMonitoring_run-06,25.565736770629883,0.06541085243225098,0.0
0,3,sub-003_ses-01_task-szMonitoring_run-06,13.170384407043457,0.10103222727775574,0.0
0,3,sub-003_ses-01_task-szMonitoring_run-06,4.610959053039551,0.0981513112783432,0.0
0,3,sub-003_ses-01_task-szMonitoring_run-08,15.951619148254395,0.10423765704035759,0.0
0,3,sub-003_ses-01_task-szMonitoring_run-08,5.40257453918457,0.10027147829532623,0.0
0,3,sub-003_ses-01_task-szMonitoring_run-08,6.989119529724121,0.0932929664850235,0.0
0,3,sub-003_ses-01_task-szMonitoring_run-08,4.923148155212402,0.11002317070960999,0.0
0,3,sub-003_ses-01_task-szMonitoring_run-08,4.946483612060547,0.10215611755847931,0.0
0,3,sub-003_ses-01_task-szMonitoring_run-08,6.0213494300842285,0.086054228246212,0.0
0,3,sub-003_ses-01_task-szMonitoring_run-08,28.58104705810547,0.06914222240447998,0.0
0,3,sub-003_ses-01_task-szMonitoring_run-08,3.874969005584717,0.0979684442281723,0.0
0,3,sub-003_ses-01_task-szMonitoring_run-09,7.945908069610596,0.08184325695037842,0.0
0,3,sub-003_ses-01_task-szMonitoring_run-10,18.519390106201172,0.09703516960144043,0.0
0,3,sub-003_ses-01_task-szMonitoring_run-10,5.595974445343018,0.10020381212234497,0.0
0,3,sub-003_ses-01_task-szMonitoring_run-10,4.952477931976318,0.109455406665802,0.0
0,3,sub-003_ses-01_task-szMonitoring_run-10,26.356868743896484,0.06344550848007202,0.0
0,3,sub-003_ses-01_task-szMonitoring_run-10,4.116518020629883,0.12105201184749603,0.0
0,3,sub-003_ses-01_task-szMonitoring_run-10,4.447452068328857,0.11927112936973572,0.0
0,3,sub-003_ses-01_task-szMonitoring_run-10,5.780946731567383,0.10188855975866318,0.0
0,3,sub-003_ses-01_task-szMonitoring_run-10,5.902541160583496,0.10327397286891937,0.0
0,3,sub-003_ses-01_task-szMonitoring_run-10,6.3047590255737305,0.08101697266101837,0.0
0,3,sub-003_ses-01_task-szMonitoring_run-10,4.165731906890869,0.1629810631275177,0.0
0,3,sub-003_ses-01_task-szMonitoring_run-10,4.547694683074951,0.11440829932689667,0.0
0,3,sub-003_ses-01_task-szMonitoring_run-10,7.606528282165527,0.07438205927610397,0.0
0,3,sub-003_ses-01_task-szMonitoring_run-10,6.858160018920898,0.09820272028446198,0.0
0,3,sub-003_ses-01_task-szMonitoring_run-10,5.5660881996154785,0.10255890339612961,0.0
0,3,sub-003_ses-01_task-szMonitoring_run-10,5.188094139099121,0.09818392246961594,0.0
0,3,sub-003_ses-01_task-szMonitoring_run-10,19.308860778808594,0.09292930364608765,0.0
1,4,sub-004_ses-01_task-szMonitoring_run-01,7.661014080047607,0.07514221966266632,0.0
1,4,sub-004_ses-01_task-szMonitoring_run-01,8.67871379852295,0.06945892423391342,0.0
1,4,sub-004_ses-01_task-szMonitoring_run-01,8.505733489990234,0.07188749313354492,0.0
1,4,sub-004_ses-01_task-szMonitoring_run-01,7.842205047607422,0.0720648318529129,0.0
0,4,sub-004_ses-01_task-szMonitoring_run-01,25.636749267578125,0.044913604855537415,0.0
0,4,sub-004_ses-01_task-szMonitoring_run-01,24.320640563964844,0.04437646269798279,0.0
0,4,sub-004_ses-01_task-szMonitoring_run-01,29.261959075927734,0.04345273971557617,0.0
0,4,sub-004_ses-01_task-szMonitoring_run-01,29.349451065063477,0.06929472833871841,0.0
0,4,sub-004_ses-01_task-szMonitoring_run-01,28.129093170166016,0.044654473662376404,0.0
0,4,sub-004_ses-01_task-szMonitoring_run-01,25.00937843322754,0.060135021805763245,0.0
0,4,sub-004_ses-01_task-szMonitoring_run-01,4.872535705566406,0.10020802915096283,0.0
0,4,sub-004_ses-01_task-szMonitoring_run-01,28.244747161865234,0.04440154880285263,0.0
0,4,sub-004_ses-01_task-szMonitoring_run-01,35.68294906616211,0.03606850653886795,0.0
0,4,sub-004_ses-01_task-szMonitoring_run-01,38.47469711303711,0.03818446397781372,0.0
0,5,sub-005_ses-01_task-szMonitoring_run-01,31.49295997619629,0.07986553013324738,0.0
0,5,sub-005_ses-01_task-szMonitoring_run-01,17.578611373901367,0.0716024786233902,0.0
0,5,sub-005_ses-01_task-szMonitoring_run-01,8.085638999938965,0.06120893359184265,0.0
0,5,sub-005_ses-01_task-szMonitoring_run-01,8.975625038146973,0.0805492028594017,0.0
0,5,sub-005_ses-01_task-szMonitoring_run-01,26.168498992919922,0.11041230708360672,0.0
0,5,sub-005_ses-01_task-szMonitoring_run-01,5.12064266204834,0.09995681047439575,0.0
0,5,sub-005_ses-01_task-szMonitoring_run-01,4.96650505065918,0.07874146848917007,0.0
0,5,sub-005_ses-01_task-szMonitoring_run-01,30.501543045043945,0.061948299407958984,0.0
0,5,sub-005_ses-01_task-szMonitoring_run-01,6.814544200897217,0.09625151008367538,0.0
0,5,sub-005_ses-01_task-szMonitoring_run-01,69.24518585205078,0.03590375930070877,0.0
0,5,sub-005_ses-01_task-szMonitoring_run-01,9.289849281311035,0.06586110591888428,0.0
0,5,sub-005_ses-01_task-szMonitoring_run-01,25.29021644592285,0.039724066853523254,0.0
0,5,sub-005_ses-01_task-szMonitoring_run-01,8.977191925048828,0.09568370878696442,0.0
0,5,sub-005_ses-01_task-szMonitoring_run-01,28.268552780151367,0.06292170286178589,0.0
0,5,sub-005_ses-01_task-szMonitoring_run-01,25.642915725708008,0.08262930810451508,0.0
0,5,sub-005_ses-01_task-szMonitoring_run-03,66.5943603515625,0.05316270887851715,0.0
0,5,sub-005_ses-01_task-szMonitoring_run-05,19.903255462646484,0.17647530883550644,0.0
0,5,sub-005_ses-01_task-szMonitoring_run-05,9.584090232849121,0.1926925852894783,0.0
0,5,sub-005_ses-01_task-szMonitoring_run-05,22.037473678588867,0.16421707719564438,0.0
0,5,sub-005_ses-01_task-szMonitoring_run-06,5.600368499755859,0.21212349832057953,0.0
0,5,sub-005_ses-01_task-szMonitoring_run-08,33.69827651977539,0.08756013959646225,0.0
0,5,sub-005_ses-01_task-szMonitoring_run-08,20.119112014770508,0.07887972146272659,0.0
0,5,sub-005_ses-01_task-szMonitoring_run-09,24.96685028076172,0.05457787215709686,0.0
0,5,sub-005_ses-01_task-szMonitoring_run-11,6.330230712890625,0.10070586204528809,0.0
0,5,sub-005_ses-01_task-szMonitoring_run-11,8.083035469055176,0.08543418347835541,0.0
0,5,sub-005_ses-01_task-szMonitoring_run-11,7.72172212600708,0.1320040374994278,0.0
0,5,sub-005_ses-01_task-szMonitoring_run-11,7.173471450805664,0.10341887176036835,0.0
0,5,sub-005_ses-01_task-szMonitoring_run-12,16.23261260986328,0.05805650353431702,0.0
0,5,sub-005_ses-01_task-szMonitoring_run-12,7.0675883293151855,0.08131234347820282,0.0
0,5,sub-005_ses-01_task-szMonitoring_run-12,18.059001922607422,0.04842454940080643,0.0
0,5,sub-005_ses-01_task-szMonitoring_run-12,4.166493892669678,0.09437257796525955,0.0
0,5,sub-005_ses-01_task-szMonitoring_run-12,8.154590606689453,0.07300655543804169,0.0
0,5,sub-005_ses-01_task-szMonitoring_run-12,29.708297729492188,0.03717471659183502,0.0
0,5,sub-005_ses-01_task-szMonitoring_run-12,9.82552719116211,0.06524213403463364,0.0
0,5,sub-005_ses-01_task-szMonitoring_run-12,8.096451759338379,0.07762982696294785,0.0
0,5,sub-005_ses-01_task-szMonitoring_run-12,7.426215171813965,0.062008485198020935,0.0
0,5,sub-005_ses-01_task-szMonitoring_run-12,9.688982963562012,0.06265617907047272,0.0
0,5,sub-005_ses-01_task-szMonitoring_run-12,10.446520805358887,0.08667457103729248,0.0
0,5,sub-005_ses-01_task-szMonitoring_run-12,6.262511730194092,0.07227295637130737,0.0
0,5,sub-005_ses-01_task-szMonitoring_run-12,24.872528076171875,0.04078903794288635,0.0
0,5,sub-005_ses-01_task-szMonitoring_run-12,10.467015266418457,0.1488034725189209,0.0
0,5,sub-005_ses-01_task-szMonitoring_run-18,13.714312553405762,0.08343279361724854,0.0
0,5,sub-005_ses-01_task-szMonitoring_run-18,21.263761520385742,0.06787902116775513,0.0
0,5,sub-005_ses-01_task-szMonitoring_run-18,20.9368839263916,0.11025846749544144,0.0
0,5,sub-005_ses-01_task-szMonitoring_run-18,22.207395553588867,0.12938673049211502,0.0
0,5,sub-005_ses-01_task-szMonitoring_run-18,6.062244892120361,0.08841373026371002,0.0
0,5,sub-005_ses-01_task-szMonitoring_run-18,9.510472297668457,0.14894703775644302,0.0
0,5,sub-005_ses-01_task-szMonitoring_run-18,6.840789318084717,0.1488177254796028,0.0
0,5,sub-005_ses-01_task-szMonitoring_run-18,7.814863204956055,0.16332095861434937,0.0
0,5,sub-005_ses-01_task-szMonitoring_run-18,24.983795166015625,0.1327744722366333,0.0
0,5,sub-005_ses-01_task-szMonitoring_run-18,7.731378555297852,0.10219348967075348,0.0
0,5,sub-005_ses-01_task-szMonitoring_run-19,34.6955451965332,0.07563620805740356,0.0
0,5,sub-005_ses-01_task-szMonitoring_run-19,19.52263641357422,0.09226156026124954,0.0
0,5,sub-005_ses-01_task-szMonitoring_run-19,15.7421875,0.12156689167022705,0.0
0,5,sub-005_ses-01_task-szMonitoring_run-19,17.187759399414062,0.11835698783397675,0.0
0,5,sub-005_ses-01_task-szMonitoring_run-19,34.050479888916016,0.06918907165527344,0.0
0,5,sub-005_ses-01_task-szMonitoring_run-19,26.770599365234375,0.11984890699386597,0.0
1,5,sub-005_ses-01_task-szMonitoring_run-22,9.397631645202637,0.15514803677797318,0.0
1,5,sub-005_ses-01_task-szMonitoring_run-22,16.62079620361328,0.1189105436205864,0.0
1,5,sub-005_ses-01_task-szMonitoring_run-22,13.554732322692871,0.1325543150305748,0.0
1,5,sub-005_ses-01_task-szMonitoring_run-22,11.482539176940918,0.14419995993375778,0.0
1,5,sub-005_ses-01_task-szMonitoring_run-22,10.2649507522583,0.15141136944293976,0.0
1,5,sub-005_ses-01_task-szMonitoring_run-22,14.379708290100098,0.12426423281431198,0.0
1,5,sub-005_ses-01_task-szMonitoring_run-22,9.938614845275879,0.1518065705895424,0.0
1,5,sub-005_ses-01_task-szMonitoring_run-23,7.774595737457275,0.164975605905056,0.0
1,5,sub-005_ses-01_task-szMonitoring_run-23,9.404319763183594,0.15650268644094467,0.0
1,5,sub-005_ses-01_task-szMonitoring_run-23,8.5255126953125,0.16149874031543732,0.0
1,5,sub-005_ses-01_task-szMonitoring_run-23,7.074831962585449,0.16557536274194717,0.0
1,5,sub-005_ses-01_task-szMonitoring_run-23,6.412014484405518,0.17013998329639435,0.0
1,5,sub-005_ses-01_task-szMonitoring_run-23,6.940341949462891,0.16648845374584198,0.0
0,5,sub-005_ses-01_task-szMonitoring_run-23,13.172014236450195,0.16430850327014923,0.0
0,5,sub-005_ses-01_task-szMonitoring_run-23,12.278339385986328,0.16255873441696167,0.0
0,5,sub-005_ses-01_task-szMonitoring_run-23,6.461928367614746,0.22648262232542038,0.0
0,5,sub-005_ses-01_task-szMonitoring_run-23,8.739081382751465,0.185798279941082,0.0
0,5,sub-005_ses-01_task-szMonitoring_run-23,10.884867668151855,0.10722941905260086,0.0
0,5,sub-005_ses-01_task-szMonitoring_run-23,12.384093284606934,0.13529054075479507,0.0
0,5,sub-005_ses-01_task-szMonitoring_run-23,37.58578872680664,0.06443551182746887,0.0
0,5,sub-005_ses-01_task-szMonitoring_run-23,6.4805803298950195,0.21098224818706512,0.0
0,5,sub-005_ses-01_task-szMonitoring_run-24,9.098340034484863,0.2206006906926632,0.0
0,5,sub-005_ses-01_task-szMonitoring_run-26,36.40570831298828,0.07764369249343872,0.0
0,5,sub-005_ses-01_task-szMonitoring_run-26,23.893047332763672,0.0924755334854126,0.0
0,5,sub-005_ses-01_task-szMonitoring_run-26,27.060474395751953,0.07713454961776733,0.0
0,5,sub-005_ses-01_task-szMonitoring_run-26,27.6855411529541,0.10770761966705322,0.0
0,5,sub-005_ses-01_task-szMonitoring_run-26,26.493755340576172,0.07805001735687256,0.0
1,6,sub-006_ses-01_task-szMonitoring_run-01,4.932107925415039,0.09233145415782928,0.0
1,6,sub-006_ses-01_task-szMonitoring_run-01,5.258217811584473,0.08162033557891846,0.0
1,6,sub-006_ses-01_task-szMonitoring_run-01,4.828238010406494,0.09577000141143799,0.0
1,6,sub-006_ses-01_task-szMonitoring_run-01,4.912935733795166,0.09470956027507782,0.0
1,6,sub-006_ses-01_task-szMonitoring_run-01,4.9806671142578125,0.09286931157112122,0.0
1,6,sub-006_ses-01_task-szMonitoring_run-01,4.815512180328369,0.09558475017547607,0.0
1,6,sub-006_ses-01_task-szMonitoring_run-01,4.986471176147461,0.08789785206317902,0.0
1,6,sub-006_ses-01_task-szMonitoring_run-01,4.98503303527832,0.08832277357578278,0.0
0,6,sub-006_ses-01_task-szMonitoring_run-01,7.644657135009766,0.12300948798656464,0.0
0,6,sub-006_ses-01_task-szMonitoring_run-01,15.457869529724121,0.15035346150398254,0.0
0,6,sub-006_ses-01_task-szMonitoring_run-02,26.933643341064453,0.06808608025312424,0.0
0,6,sub-006_ses-01_task-szMonitoring_run-02,12.550639152526855,0.058280229568481445,0.0
0,6,sub-006_ses-01_task-szMonitoring_run-02,18.990793228149414,0.0592254176735878,0.0
0,6,sub-006_ses-01_task-szMonitoring_run-02,21.98984718322754,0.05682980269193649,0.0
0,6,sub-006_ses-01_task-szMonitoring_run-02,46.883056640625,0.052323125302791595,0.0
0,6,sub-006_ses-01_task-szMonitoring_run-02,17.532238006591797,0.06258136034011841,0.0
0,6,sub-006_ses-01_task-szMonitoring_run-02,44.2451171875,0.052038371562957764,0.0
0,6,sub-006_ses-01_task-szMonitoring_run-03,3.556381940841675,0.10370299965143204,0.0
0,6,sub-006_ses-01_task-szMonitoring_run-03,6.817935943603516,0.13046365976333618,0.0
0,6,sub-006_ses-01_task-szMonitoring_run-03,14.577095031738281,0.13772104308009148,0.0
0,6,sub-006_ses-01_task-szMonitoring_run-03,12.2349214553833,0.0634581670165062,0.0
0,6,sub-006_ses-01_task-szMonitoring_run-03,6.962592601776123,0.08064872771501541,0.0
0,6,sub-006_ses-01_task-szMonitoring_run-04,14.421134948730469,0.12280457466840744,0.0
0,6,sub-006_ses-01_task-szMonitoring_run-04,4.77926778793335,0.10776540823280811,0.0
0,6,sub-006_ses-01_task-szMonitoring_run-04,4.387239456176758,0.06881780177354813,0.0
0,6,sub-006_ses-01_task-szMonitoring_run-04,11.285494804382324,0.29986921697854996,0.0
0,6,sub-006_ses-01_task-szMonitoring_run-04,12.854755401611328,0.04621361941099167,0.0
0,6,sub-006_ses-01_task-szMonitoring_run-04,25.6114559173584,0.20605383068323135,0.0
0,6,sub-006_ses-01_task-szMonitoring_run-04,9.201658248901367,0.050007790327072144,0.0
0,6,sub-006_ses-01_task-szMonitoring_run-04,15.48514461517334,0.07957009971141815,0.0
0,6,sub-006_ses-01_task-szMonitoring_run-04,6.785610675811768,0.07305765897035599,0.0
0,6,sub-006_ses-01_task-szMonitoring_run-04,12.071261405944824,0.2330857664346695,0.0
0,6,sub-006_ses-01_task-szMonitoring_run-04,11.91848373413086,0.04408692568540573,0.0
0,6,sub-006_ses-01_task-szMonitoring_run-04,6.119352340698242,0.06842585653066635,0.0
0,6,sub-006_ses-01_task-szMonitoring_run-04,6.158298015594482,0.041152745485305786,0.0
0,6,sub-006_ses-01_task-szMonitoring_run-04,16.74213981628418,0.07631419599056244,0.0
0,6,sub-006_ses-01_task-szMonitoring_run-04,22.00265884399414,0.18322396278381348,0.0
0,6,sub-006_ses-01_task-szMonitoring_run-04,9.285629272460938,0.04899466037750244,0.0
0,6,sub-006_ses-01_task-szMonitoring_run-04,13.293745994567871,0.04748443514108658,0.0
0,6,sub-006_ses-01_task-szMonitoring_run-05,5.323434829711914,0.07697897404432297,0.0
0,6,sub-006_ses-01_task-szMonitoring_run-05,5.144469261169434,0.11021353304386139,0.0
0,6,sub-006_ses-01_task-szMonitoring_run-05,4.720470905303955,0.1148471049964428,0.0
0,6,sub-006_ses-01_task-szMonitoring_run-06,11.546385765075684,0.07923951745033264,0.0
0,6,sub-006_ses-01_task-szMonitoring_run-06,7.831834316253662,0.07327748090028763,0.0
0,6,sub-006_ses-01_task-szMonitoring_run-06,7.100962162017822,0.09215126186609268,0.0
0,6,sub-006_ses-01_task-szMonitoring_run-06,6.780695915222168,0.10406272113323212,0.0
0,6,sub-006_ses-01_task-szMonitoring_run-06,5.830639362335205,0.10937313735485077,0.0
0,6,sub-006_ses-01_task-szMonitoring_run-06,4.95113468170166,0.05657936632633209,0.0
0,6,sub-006_ses-01_task-szMonitoring_run-06,11.590209007263184,0.09086820483207703,0.0
0,6,sub-006_ses-01_task-szMonitoring_run-06,10.914433479309082,0.08207684010267258,0.0
0,6,sub-006_ses-01_task-szMonitoring_run-06,7.649395942687988,0.056476280093193054,0.0
0,6,sub-006_ses-01_task-szMonitoring_run-06,11.086779594421387,0.09032386541366577,0.0
0,6,sub-006_ses-01_task-szMonitoring_run-06,5.683472633361816,0.05652488023042679,0.0
0,6,sub-006_ses-01_task-szMonitoring_run-06,18.079940795898438,0.0634998083114624,0.0
0,6,sub-006_ses-01_task-szMonitoring_run-06,10.968744277954102,0.060664065182209015,0.0
0,6,sub-006_ses-01_task-szMonitoring_run-06,7.041157245635986,0.08893603086471558,0.0
0,6,sub-006_ses-01_task-szMonitoring_run-06,5.041050910949707,0.08365082740783691,0.0
0,6,sub-006_ses-01_task-szMonitoring_run-06,4.765940189361572,0.11786893010139465,0.0
0,6,sub-006_ses-01_task-szMonitoring_run-06,3.6746885776519775,0.11382585763931274,0.0
0,6,sub-006_ses-01_task-szMonitoring_run-07,5.768714427947998,0.11029791086912155,0.0
0,6,sub-006_ses-01_task-szMonitoring_run-07,5.810017108917236,0.10850397869944572,0.0
0,6,sub-006_ses-01_task-szMonitoring_run-07,5.9579386711120605,0.1231159046292305,0.0
0,6,sub-006_ses-01_task-szMonitoring_run-07,6.067111968994141,0.12263372540473938,0.0
0,6,sub-006_ses-01_task-szMonitoring_run-07,9.729730606079102,0.09895563125610352,0.0
0,6,sub-006_ses-01_task-szMonitoring_run-07,12.973381996154785,0.10258575528860092,0.0
0,6,sub-006_ses-01_task-szMonitoring_run-07,5.878172874450684,0.1146404966711998,0.0
0,6,sub-006_ses-01_task-szMonitoring_run-07,4.057891368865967,0.087441086769104,0.0
0,6,sub-006_ses-01_task-szMonitoring_run-07,7.4596333503723145,0.11810770630836487,0.0
0,6,sub-006_ses-01_task-szMonitoring_run-08,7.627376079559326,0.23481221497058868,0.0
0,6,sub-006_ses-01_task-szMonitoring_run-08,21.740097045898438,0.1288708746433258,0.0
0,6,sub-006_ses-01_task-szMonitoring_run-08,48.558284759521484,0.06607455760240555,0.0
0,6,sub-006_ses-01_task-szMonitoring_run-08,28.177452087402344,0.07383041083812714,0.0
0,6,sub-006_ses-01_task-szMonitoring_run-08,10.082889556884766,0.24250008538365364,0.0
0,6,sub-006_ses-01_task-szMonitoring_run-08,6.942352294921875,0.09955532662570477,0.0
0,6,sub-006_ses-01_task-szMonitoring_run-08,12.808858871459961,0.199398435652256,0.0
0,6,sub-006_ses-01_task-szMonitoring_run-08,21.231555938720703,0.13838652521371841,0.0
0,6,sub-006_ses-01_task-szMonitoring_run-08,5.6981120109558105,0.2504361607134342,0.0
0,6,sub-006_ses-01_task-szMonitoring_run-08,6.891497611999512,0.12485893815755844,0.0
0,6,sub-006_ses-01_task-szMonitoring_run-08,61.5083122253418,0.052242495119571686,0.0
0,6,sub-006_ses-01_task-szMonitoring_run-08,33.88111114501953,0.07791116088628769,0.0
0,6,sub-006_ses-01_task-szMonitoring_run-08,5.093941688537598,0.09167198650538921,0.0
0,6,sub-006_ses-01_task-szMonitoring_run-08,20.903968811035156,0.1256064921617508,0.0
0,6,sub-006_ses-01_task-szMonitoring_run-10,30.429258346557617,0.06473968923091888,0.0
0,6,sub-006_ses-01_task-szMonitoring_run-10,4.670381546020508,0.14170386642217636,0.0
0,6,sub-006_ses-01_task-szMonitoring_run-10,15.031000137329102,0.08698416501283646,0.0
0,6,sub-006_ses-01_task-szMonitoring_run-10,10.106901168823242,0.07623419910669327,0.0
0,6,sub-006_ses-01_task-szMonitoring_run-10,8.867494583129883,0.07742652297019958,0.0
0,6,sub-006_ses-01_task-szMonitoring_run-10,7.2172064781188965,0.07477954030036926,0.0
0,6,sub-006_ses-01_task-szMonitoring_run-10,8.873971939086914,0.06493408232927322,0.0
0,6,sub-006_ses-01_task-szMonitoring_run-10,10.797454833984375,0.07961739599704742,0.0
0,6,sub-006_ses-01_task-szMonitoring_run-10,5.719111919403076,0.13578161597251892,0.0
0,6,sub-006_ses-01_task-szMonitoring_run-10,7.07942008972168,0.12285204231739044,0.0
0,6,sub-006_ses-01_task-szMonitoring_run-10,16.968074798583984,0.06301753222942352,0.0
0,6,sub-006_ses-01_task-szMonitoring_run-10,3.793079137802124,0.09429166465997696,0.0
0,6,sub-006_ses-01_task-szMonitoring_run-10,4.312471866607666,0.1461510807275772,0.0
0,6,sub-006_ses-01_task-szMonitoring_run-10,5.58439826965332,0.08203864097595215,0.0
0,6,sub-006_ses-01_task-szMonitoring_run-10,12.274815559387207,0.06468728184700012,0.0
0,6,sub-006_ses-01_task-szMonitoring_run-10,4.452531814575195,0.1451217606663704,0.0
0,6,sub-006_ses-01_task-szMonitoring_run-10,5.090373992919922,0.12686794251203537,0.0
0,6,sub-006_ses-01_task-szMonitoring_run-10,4.403199195861816,0.14491015672683716,0.0
0,6,sub-006_ses-01_task-szMonitoring_run-10,4.105029106140137,0.12537191808223724,0.0
0,6,sub-006_ses-01_task-szMonitoring_run-10,5.264333724975586,0.10132632404565811,0.0
0,6,sub-006_ses-01_task-szMonitoring_run-10,4.537785053253174,0.09558647871017456,0.0
0,7,sub-007_ses-01_task-szMonitoring_run-01,17.05695343017578,0.06588591635227203,0.0
0,7,sub-007_ses-01_task-szMonitoring_run-01,21.769338607788086,0.06552336364984512,0.0
0,7,sub-007_ses-01_task-szMonitoring_run-01,27.72707748413086,0.06202727556228638,0.0
0,7,sub-007_ses-01_task-szMonitoring_run-01,26.29036521911621,0.08402478694915771,0.0
0,7,sub-007_ses-01_task-szMonitoring_run-01,10.06408977508545,0.10857374966144562,0.0
0,7,sub-007_ses-01_task-szMonitoring_run-01,21.457351684570312,0.06030984967947006,0.0
0,7,sub-007_ses-01_task-szMonitoring_run-01,21.065509796142578,0.05880666524171829,0.0
0,7,sub-007_ses-01_task-szMonitoring_run-02,7.565125942230225,0.08850250765681267,0.0
1,7,sub-007_ses-01_task-szMonitoring_run-03,4.28491735458374,0.09641937166452408,0.0
1,7,sub-007_ses-01_task-szMonitoring_run-03,4.154991149902344,0.09631127119064331,0.0
1,7,sub-007_ses-01_task-szMonitoring_run-03,19.078693389892578,0.07428187131881714,0.0
1,7,sub-007_ses-01_task-szMonitoring_run-03,4.160257339477539,0.09695804864168167,0.0
1,7,sub-007_ses-01_task-szMonitoring_run-03,5.12412166595459,0.09367279708385468,0.0
1,7,sub-007_ses-01_task-szMonitoring_run-03,19.067102432250977,0.07435739040374756,0.0
1,7,sub-007_ses-01_task-szMonitoring_run-03,18.429101943969727,0.07649507373571396,0.0
1,7,sub-007_ses-01_task-szMonitoring_run-03,4.151978015899658,0.09695804864168167,0.0
1,7,sub-007_ses-01_task-szMonitoring_run-03,18.883230209350586,0.07505077123641968,0.0
1,7,sub-007_ses-01_task-szMonitoring_run-03,20.78615951538086,0.068492591381073,0.0
1,7,sub-007_ses-01_task-szMonitoring_run-03,4.89192533493042,0.09386467188596725,0.0
1,7,sub-007_ses-01_task-szMonitoring_run-03,20.553022384643555,0.06921601295471191,0.0
1,7,sub-007_ses-01_task-szMonitoring_run-03,20.022998809814453,0.07096296548843384,0.0
0,7,sub-007_ses-01_task-szMonitoring_run-03,8.628286361694336,0.08168996497988701,0.0
0,7,sub-007_ses-01_task-szMonitoring_run-03,22.801237106323242,0.06523224711418152,0.0
0,7,sub-007_ses-01_task-szMonitoring_run-03,15.63964557647705,0.07753108814358711,0.0
0,7,sub-007_ses-01_task-szMonitoring_run-03,5.79606819152832,0.09500039368867874,0.0
0,7,sub-007_ses-01_task-szMonitoring_run-03,17.528709411621094,0.07175181433558464,0.0
0,7,sub-007_ses-01_task-szMonitoring_run-03,16.897016525268555,0.07233678176999092,0.0
0,7,sub-007_ses-01_task-szMonitoring_run-03,16.83804702758789,0.07147689536213875,0.0
0,7,sub-007_ses-01_task-szMonitoring_run-04,8.164050102233887,0.1174657978117466,0.0
0,7,sub-007_ses-01_task-szMonitoring_run-04,36.59691619873047,0.06834644451737404,0.0
0,7,sub-007_ses-01_task-szMonitoring_run-04,4.738540172576904,0.11304626241326332,0.0
0,7,sub-007_ses-01_task-szMonitoring_run-05,14.7317533493042,0.17254066467285156,0.0
0,7,sub-007_ses-01_task-szMonitoring_run-05,23.378170013427734,0.13712447881698608,0.0
0,7,sub-007_ses-01_task-szMonitoring_run-05,5.094511032104492,0.08312781155109406,0.0
0,7,sub-007_ses-01_task-szMonitoring_run-05,18.038036346435547,0.12873898446559906,0.0
0,7,sub-007_ses-01_task-szMonitoring_run-05,20.636537551879883,0.059624604880809784,0.0
0,7,sub-007_ses-01_task-szMonitoring_run-05,21.765989303588867,0.07677119225263596,0.0
0,7,sub-007_ses-01_task-szMonitoring_run-05,21.18023681640625,0.10106036067008972,0.0
0,7,sub-007_ses-01_task-szMonitoring_run-05,24.47024917602539,0.1087324321269989,0.0
0,7,sub-007_ses-01_task-szMonitoring_run-05,25.594341278076172,0.0733395591378212,0.0
1,8,sub-008_ses-01_task-szMonitoring_run-01,11.586884498596191,0.12007484585046768,0.0
1,8,sub-008_ses-01_task-szMonitoring_run-01,12.456378936767578,0.11089324206113815,0.0
1,8,sub-008_ses-01_task-szMonitoring_run-01,11.359027862548828,0.11703689396381378,0.0
1,8,sub-008_ses-01_task-szMonitoring_run-01,11.330391883850098,0.11792515963315964,0.0
1,8,sub-008_ses-01_task-szMonitoring_run-01,12.204636573791504,0.11395805329084396,0.0
1,8,sub-008_ses-01_task-szMonitoring_run-01,13.006014823913574,0.10803686082363129,0.0
1,8,sub-008_ses-01_task-szMonitoring_run-01,11.480350494384766,0.11930647492408752,0.0
0,8,sub-008_ses-01_task-szMonitoring_run-01,8.69402027130127,0.12851117551326752,0.0
0,8,sub-008_ses-01_task-szMonitoring_run-02,19.231643676757812,0.07900366187095642,0.0
0,8,sub-008_ses-01_task-szMonitoring_run-02,34.091041564941406,0.08651947975158691,0.0
0,8,sub-008_ses-01_task-szMonitoring_run-02,17.42346954345703,0.10271698236465454,0.0
0,8,sub-008_ses-01_task-szMonitoring_run-02,26.07623863220215,0.047664374113082886,0.0
0,8,sub-008_ses-01_task-szMonitoring_run-02,17.270463943481445,0.103787362575531,0.0
0,8,sub-008_ses-01_task-szMonitoring_run-02,9.150864601135254,0.106041319668293,0.0
0,8,sub-008_ses-01_task-szMonitoring_run-02,30.1141414642334,0.08228528499603271,0.0
0,8,sub-008_ses-01_task-szMonitoring_run-02,32.7022590637207,0.06288502365350723,0.0
0,8,sub-008_ses-01_task-szMonitoring_run-02,14.494909286499023,0.06789934635162354,0.0
0,8,sub-008_ses-01_task-szMonitoring_run-02,34.60731506347656,0.06879668682813644,0.0
0,8,sub-008_ses-01_task-szMonitoring_run-02,14.033934593200684,0.10697147250175476,0.0
0,8,sub-008_ses-01_task-szMonitoring_run-02,14.713494300842285,0.10546690970659256,0.0
0,8,sub-008_ses-01_task-szMonitoring_run-02,11.33264446258545,0.08689641207456589,0.0
0,8,sub-008_ses-01_task-szMonitoring_run-02,40.49867630004883,0.07426588982343674,0.0
0,8,sub-008_ses-01_task-szMonitoring_run-02,19.386362075805664,0.09606723487377167,0.0
0,8,sub-008_ses-01_task-szMonitoring_run-03,10.83762264251709,0.11525843292474747,0.0
0,8,sub-008_ses-01_task-szMonitoring_run-04,60.11319351196289,0.057522907853126526,0.0
0,8,sub-008_ses-01_task-szMonitoring_run-04,37.2608528137207,0.05887044966220856,0.0
0,8,sub-008_ses-01_task-szMonitoring_run-04,71.55384063720703,0.04816875606775284,0.0
0,8,sub-008_ses-01_task-szMonitoring_run-04,8.83431339263916,0.07985225319862366,0.0
0,8,sub-008_ses-01_task-szMonitoring_run-04,12.866128921508789,0.0793764591217041,0.0
0,8,sub-008_ses-01_task-szMonitoring_run-04,12.926718711853027,0.09133139997720718,0.0
0,8,sub-008_ses-01_task-szMonitoring_run-04,65.5329818725586,0.04699278622865677,0.0
0,8,sub-008_ses-01_task-szMonitoring_run-04,12.997542381286621,0.1520252525806427,0.0
0,8,sub-008_ses-01_task-szMonitoring_run-04,29.359302520751953,0.07459698617458344,0.0
0,8,sub-008_ses-01_task-szMonitoring_run-04,30.210071563720703,0.06783284991979599,0.0
0,8,sub-008_ses-01_task-szMonitoring_run-05,54.45124816894531,0.07709620147943497,0.0
0,8,sub-008_ses-01_task-szMonitoring_run-06,12.02538776397705,0.08056197315454483,0.0
0,8,sub-008_ses-01_task-szMonitoring_run-06,41.25358200073242,0.05274911969900131,0.0
0,8,sub-008_ses-01_task-szMonitoring_run-06,31.316547393798828,0.044781722128391266,0.0
0,8,sub-008_ses-01_task-szMonitoring_run-06,48.6508903503418,0.06314870715141296,0.0
0,8,sub-008_ses-01_task-szMonitoring_run-06,25.293643951416016,0.05371445417404175,0.0
0,8,sub-008_ses-01_task-szMonitoring_run-06,64.85507202148438,0.05062636733055115,0.0
0,8,sub-008_ses-01_task-szMonitoring_run-06,43.47688674926758,0.06058916449546814,0.0
0,8,sub-008_ses-01_task-szMonitoring_run-06,64.19027709960938,0.0607290044426918,0.0
0,8,sub-008_ses-01_task-szMonitoring_run-06,50.11402893066406,0.06290555000305176,0.0
0,8,sub-008_ses-01_task-szMonitoring_run-07,15.311602592468262,0.08744990825653076,0.0
0,8,sub-008_ses-01_task-szMonitoring_run-08,29.876893997192383,0.062227435410022736,0.0
0,8,sub-008_ses-01_task-szMonitoring_run-08,34.98021697998047,0.06877738237380981,0.0
0,8,sub-008_ses-01_task-szMonitoring_run-08,28.939836502075195,0.048933565616607666,0.0
0,8,sub-008_ses-01_task-szMonitoring_run-08,29.078636169433594,0.0786316990852356,0.0
0,8,sub-008_ses-01_task-szMonitoring_run-08,40.46388244628906,0.07688337564468384,0.0
0,8,sub-008_ses-01_task-szMonitoring_run-08,30.80478858947754,0.045625731348991394,0.0
0,8,sub-008_ses-01_task-szMonitoring_run-08,36.79423522949219,0.056916482746601105,0.0
0,8,sub-008_ses-01_task-szMonitoring_run-08,17.34273338317871,0.07724883407354355,0.0
0,8,sub-008_ses-01_task-szMonitoring_run-08,41.86323928833008,0.06932928413152695,0.0
0,8,sub-008_ses-01_task-szMonitoring_run-08,26.018207550048828,0.04077528417110443,0.0
0,8,sub-008_ses-01_task-szMonitoring_run-08,25.968181610107422,0.06693578511476517,0.0
0,8,sub-008_ses-01_task-szMonitoring_run-08,15.659163475036621,0.05598156899213791,0.0
0,8,sub-008_ses-01_task-szMonitoring_run-08,16.911563873291016,0.07343713939189911,0.0
0,8,sub-008_ses-01_task-szMonitoring_run-08,19.144468307495117,0.06737738847732544,0.0
0,8,sub-008_ses-01_task-szMonitoring_run-08,37.625728607177734,0.06869722157716751,0.0
1,8,sub-008_ses-01_task-szMonitoring_run-09,11.580244064331055,0.09486424177885056,0.0
1,8,sub-008_ses-01_task-szMonitoring_run-09,11.526208877563477,0.0964454635977745,0.0
1,8,sub-008_ses-01_task-szMonitoring_run-09,17.145395278930664,0.09305116534233093,0.0
0,8,sub-008_ses-01_task-szMonitoring_run-11,18.8695068359375,0.11308494955301285,0.0
0,8,sub-008_ses-01_task-szMonitoring_run-11,14.640788078308105,0.13637018203735352,0.0
0,8,sub-008_ses-01_task-szMonitoring_run-11,15.700078964233398,0.14901059120893478,0.0
0,8,sub-008_ses-01_task-szMonitoring_run-11,31.15348243713379,0.05003873258829117,0.0
0,8,sub-008_ses-01_task-szMonitoring_run-11,15.55651569366455,0.11489439010620117,0.0
0,8,sub-008_ses-01_task-szMonitoring_run-11,17.27941131591797,0.06270122528076172,0.0
0,8,sub-008_ses-01_task-szMonitoring_run-11,21.130983352661133,0.11432039737701416,0.0
0,8,sub-008_ses-01_task-szMonitoring_run-11,41.30368423461914,0.06672719866037369,0.0
0,8,sub-008_ses-01_task-szMonitoring_run-11,16.409379959106445,0.15983347967267036,0.0
0,8,sub-008_ses-01_task-szMonitoring_run-11,8.384214401245117,0.07167445868253708,0.0
0,8,sub-008_ses-01_task-szMonitoring_run-11,18.46732521057129,0.07888135313987732,0.0
0,8,sub-008_ses-01_task-szMonitoring_run-11,14.871415138244629,0.11849851906299591,0.0
0,8,sub-008_ses-01_task-szMonitoring_run-11,17.065980911254883,0.12655413895845413,0.0
0,8,sub-008_ses-01_task-szMonitoring_run-11,14.090576171875,0.11303270608186722,0.0
0,8,sub-008_ses-01_task-szMonitoring_run-11,17.570253372192383,0.09520327299833298,0.0
0,8,sub-008_ses-01_task-szMonitoring_run-11,51.66783142089844,0.06057209521532059,0.0
0,8,sub-008_ses-01_task-szMonitoring_run-11,29.1467227935791,0.0771365687251091,0.0
0,8,sub-008_ses-01_task-szMonitoring_run-11,6.920351505279541,0.09581944346427917,0.0
0,8,sub-008_ses-01_task-szMonitoring_run-11,16.768939971923828,0.0695696771144867,0.0
0,9,sub-009_ses-01_task-szMonitoring_run-01,18.031049728393555,0.08503612875938416,0.0
0,9,sub-009_ses-01_task-szMonitoring_run-01,5.616045951843262,0.12423897534608841,0.0
0,9,sub-009_ses-01_task-szMonitoring_run-01,10.1199312210083,0.06786803156137466,0.0
0,9,sub-009_ses-01_task-szMonitoring_run-01,4.47476863861084,0.10706313699483871,0.0
0,9,sub-009_ses-01_task-szMonitoring_run-01,10.72866153717041,0.06684806942939758,0.0
0,9,sub-009_ses-01_task-szMonitoring_run-01,6.265575885772705,0.10323028266429901,0.0
0,9,sub-009_ses-01_task-szMonitoring_run-01,13.857401847839355,0.06476012617349625,0.0
0,9,sub-009_ses-01_task-szMonitoring_run-01,5.585277080535889,0.08687866479158401,0.0
0,9,sub-009_ses-01_task-szMonitoring_run-01,25.26779556274414,0.04879654198884964,0.0
0,9,sub-009_ses-01_task-szMonitoring_run-01,4.8661394119262695,0.1359018310904503,0.0
0,9,sub-009_ses-01_task-szMonitoring_run-01,9.990606307983398,0.08379995077848434,0.0
0,9,sub-009_ses-01_task-szMonitoring_run-01,5.305218696594238,0.13110113888978958,0.0
0,9,sub-009_ses-01_task-szMonitoring_run-01,10.722522735595703,0.06744159013032913,0.0
0,9,sub-009_ses-01_task-szMonitoring_run-01,13.423698425292969,0.1254260465502739,0.0
0,9,sub-009_ses-01_task-szMonitoring_run-01,6.137481689453125,0.10470693558454514,0.0
0,9,sub-009_ses-01_task-szMonitoring_run-02,5.510929584503174,0.0869598239660263,0.0
0,9,sub-009_ses-01_task-szMonitoring_run-03,22.25712776184082,0.08819153904914856,0.0
0,9,sub-009_ses-01_task-szMonitoring_run-03,8.165499687194824,0.08824130892753601,0.0
0,9,sub-009_ses-01_task-szMonitoring_run-03,9.895277976989746,0.09246018528938293,0.0
0,9,sub-009_ses-01_task-szMonitoring_run-03,6.07396125793457,0.10456323623657227,0.0
0,9,sub-009_ses-01_task-szMonitoring_run-03,6.094297885894775,0.11564348638057709,0.0
0,9,sub-009_ses-01_task-szMonitoring_run-03,17.89835548400879,0.07528512924909592,0.0
0,9,sub-009_ses-01_task-szMonitoring_run-03,16.007051467895508,0.12827680259943008,0.0
0,9,sub-009_ses-01_task-szMonitoring_run-03,10.431046485900879,0.08727432787418365,0.0
0,9,sub-009_ses-01_task-szMonitoring_run-03,21.308128356933594,0.10002848505973816,0.0
0,9,sub-009_ses-01_task-szMonitoring_run-03,7.849177837371826,0.10868765413761139,0.0
0,9,sub-009_ses-01_task-szMonitoring_run-03,7.252980709075928,0.07124222815036774,0.0
0,9,sub-009_ses-01_task-szMonitoring_run-03,10.577628135681152,0.10105695575475693,0.0
0,9,sub-009_ses-01_task-szMonitoring_run-03,15.443958282470703,0.07025821506977081,0.0
0,9,sub-009_ses-01_task-szMonitoring_run-03,7.310116767883301,0.1140625923871994,0.0
0,9,sub-009_ses-01_task-szMonitoring_run-03,10.061319351196289,0.08538538217544556,0.0
0,9,sub-009_ses-01_task-szMonitoring_run-03,36.01766586303711,0.041486382484436035,0.0
0,9,sub-009_ses-01_task-szMonitoring_run-03,21.746212005615234,0.11229677498340607,0.0
0,9,sub-009_ses-01_task-szMonitoring_run-03,8.231858253479004,0.12567570060491562,0.0
0,9,sub-009_ses-01_task-szMonitoring_run-03,20.716629028320312,0.08138865977525711,0.0
0,9,sub-009_ses-01_task-szMonitoring_run-03,12.483848571777344,0.1020592525601387,0.0
0,9,sub-009_ses-01_task-szMonitoring_run-04,11.185559272766113,0.09510630369186401,0.0
0,9,sub-009_ses-01_task-szMonitoring_run-04,108.44668579101562,0.10163190960884094,0.0
0,9,sub-009_ses-01_task-szMonitoring_run-05,27.942049026489258,0.13076916337013245,0.0
0,9,sub-009_ses-01_task-szMonitoring_run-05,32.75136184692383,0.05822858214378357,0.0
0,9,sub-009_ses-01_task-szMonitoring_run-05,8.988391876220703,0.12153438478708267,0.0
0,9,sub-009_ses-01_task-szMonitoring_run-05,30.981508255004883,0.06820780038833618,0.0
0,9,sub-009_ses-01_task-szMonitoring_run-05,7.45088005065918,0.06993988156318665,0.0
0,9,sub-009_ses-01_task-szMonitoring_run-05,32.26961898803711,0.0657811164855957,0.0
0,9,sub-009_ses-01_task-szMonitoring_run-05,29.112119674682617,0.08276110887527466,0.0
0,9,sub-009_ses-01_task-szMonitoring_run-05,5.525366306304932,0.14068374782800674,0.0
0,9,sub-009_ses-01_task-szMonitoring_run-05,21.958274841308594,0.07620170712471008,0.0
0,9,sub-009_ses-01_task-szMonitoring_run-05,35.91130065917969,0.04777264595031738,0.0
0,9,sub-009_ses-01_task-szMonitoring_run-05,7.303613662719727,0.07808158546686172,0.0
0,9,sub-009_ses-01_task-szMonitoring_run-05,22.954347610473633,0.05010572820901871,0.0
0,9,sub-009_ses-01_task-szMonitoring_run-05,33.87160110473633,0.05070974677801132,0.0
0,9,sub-009_ses-01_task-szMonitoring_run-05,17.605655670166016,0.06947951763868332,0.0
0,9,sub-009_ses-01_task-szMonitoring_run-05,32.88679504394531,0.11032041907310486,0.0
0,9,sub-009_ses-01_task-szMonitoring_run-07,16.101234436035156,0.10728080570697784,0.0
0,9,sub-009_ses-01_task-szMonitoring_run-07,22.0677547454834,0.04379020631313324,0.0
0,9,sub-009_ses-01_task-szMonitoring_run-07,14.328140258789062,0.10496196895837784,0.0
0,9,sub-009_ses-01_task-szMonitoring_run-07,7.440563201904297,0.104044109582901,0.0
0,9,sub-009_ses-01_task-szMonitoring_run-07,24.076988220214844,0.05774720758199692,0.0
0,9,sub-009_ses-01_task-szMonitoring_run-07,28.00831413269043,0.047356970608234406,0.0
0,9,sub-009_ses-01_task-szMonitoring_run-07,5.101890563964844,0.10213416814804077,0.0
0,9,sub-009_ses-01_task-szMonitoring_run-07,8.813332557678223,0.11104065924882889,0.0
0,9,sub-009_ses-01_task-szMonitoring_run-07,20.935155868530273,0.07834585011005402,0.0
0,9,sub-009_ses-01_task-szMonitoring_run-07,17.66362762451172,0.12976136058568954,0.0
0,9,sub-009_ses-01_task-szMonitoring_run-07,19.904020309448242,0.10489220172166824,0.0
0,9,sub-009_ses-01_task-szMonitoring_run-07,29.800779342651367,0.08817359805107117,0.0
0,9,sub-009_ses-01_task-szMonitoring_run-07,13.538116455078125,0.06312644481658936,0.0
0,9,sub-009_ses-01_task-szMonitoring_run-07,18.832674026489258,0.1268308088183403,0.0
1,9,sub-009_ses-01_task-szMonitoring_run-09,11.060900688171387,0.15644066035747528,0.0
1,9,sub-009_ses-01_task-szMonitoring_run-09,11.156450271606445,0.15490327775478363,0.0
1,9,sub-009_ses-01_task-szMonitoring_run-09,11.030420303344727,0.15744180232286453,0.0
1,9,sub-009_ses-01_task-szMonitoring_run-09,9.599542617797852,0.1688261404633522,0.0
1,9,sub-009_ses-01_task-szMonitoring_run-09,9.995996475219727,0.1609494462609291,0.0
1,9,sub-009_ses-01_task-szMonitoring_run-09,9.489165306091309,0.17307662963867188,0.0
1,9,sub-009_ses-01_task-szMonitoring_run-09,10.22271728515625,0.15904592722654343,0.0
0,9,sub-009_ses-01_task-szMonitoring_run-09,11.64781379699707,0.09214640408754349,0.0
0,9,sub-009_ses-01_task-szMonitoring_run-09,26.208675384521484,0.08100461214780807,0.0
0,10,sub-010_ses-01_task-szMonitoring_run-02,17.2393798828125,0.09178739041090012,0.0
0,10,sub-010_ses-01_task-szMonitoring_run-02,7.197290420532227,0.15932774543762207,0.0
0,10,sub-010_ses-01_task-szMonitoring_run-02,47.19833755493164,0.06887639313936234,0.0
0,10,sub-010_ses-01_task-szMonitoring_run-02,69.23002624511719,0.05586690455675125,0.0
0,10,sub-010_ses-01_task-szMonitoring_run-02,43.01581573486328,0.08110203593969345,0.0
0,10,sub-010_ses-01_task-szMonitoring_run-02,48.76633071899414,0.06716559082269669,0.0
0,10,sub-010_ses-01_task-szMonitoring_run-02,24.158300399780273,0.06536576896905899,0.0
0,10,sub-010_ses-01_task-szMonitoring_run-02,56.606319427490234,0.07412035018205643,0.0
0,10,sub-010_ses-01_task-szMonitoring_run-02,31.660600662231445,0.0674237608909607,0.0
0,10,sub-010_ses-01_task-szMonitoring_run-02,10.097320556640625,0.08476702868938446,0.0
0,10,sub-010_ses-01_task-szMonitoring_run-04,21.328716278076172,0.08592720329761505,0.0
0,10,sub-010_ses-01_task-szMonitoring_run-04,30.488697052001953,0.11251998692750931,0.0
0,10,sub-010_ses-01_task-szMonitoring_run-04,10.616802215576172,0.09295806288719177,0.0
0,10,sub-010_ses-01_task-szMonitoring_run-04,20.694732666015625,0.08890404552221298,0.0
0,10,sub-010_ses-01_task-szMonitoring_run-04,32.554683685302734,0.08203338831663132,0.0
0,10,sub-010_ses-01_task-szMonitoring_run-04,22.070398330688477,0.06345854699611664,0.0
0,10,sub-010_ses-01_task-szMonitoring_run-04,18.820350646972656,0.06080740690231323,0.0
0,10,sub-010_ses-01_task-szMonitoring_run-04,5.066131114959717,0.13758666068315506,0.0
0,10,sub-010_ses-01_task-szMonitoring_run-04,32.81333541870117,0.07477445900440216,0.0
0,10,sub-010_ses-01_task-szMonitoring_run-04,22.986064910888672,0.054492734372615814,0.0
0,10,sub-010_ses-01_task-szMonitoring_run-04,23.742311477661133,0.06418347358703613,0.0
0,10,sub-010_ses-01_task-szMonitoring_run-04,25.935331344604492,0.11557523906230927,0.0
0,10,sub-010_ses-01_task-szMonitoring_run-04,22.36359214782715,0.06897270679473877,0.0
0,10,sub-010_ses-01_task-szMonitoring_run-04,10.044533729553223,0.08099253475666046,0.0
0,10,sub-010_ses-01_task-szMonitoring_run-06,25.61970329284668,0.12883971631526947,0.0
0,10,sub-010_ses-01_task-szMonitoring_run-06,8.27730941772461,0.13265511393547058,0.0
0,10,sub-010_ses-01_task-szMonitoring_run-06,11.615602493286133,0.08977701514959335,0.0
0,10,sub-010_ses-01_task-szMonitoring_run-06,13.482860565185547,0.0821843072772026,0.0
0,10,sub-010_ses-01_task-szMonitoring_run-06,7.121435165405273,0.12015776336193085,0.0
0,10,sub-010_ses-01_task-szMonitoring_run-06,17.922412872314453,0.1047089546918869,0.0
0,10,sub-010_ses-01_task-szMonitoring_run-06,5.110647201538086,0.12142662703990936,0.0
0,10,sub-010_ses-01_task-szMonitoring_run-06,12.024813652038574,0.05105113983154297,0.0
0,10,sub-010_ses-01_task-szMonitoring_run-06,66.81578826904297,0.04544994235038757,0.0
0,10,sub-010_ses-01_task-szMonitoring_run-06,24.669668197631836,0.10535896569490433,0.0
0,10,sub-010_ses-01_task-szMonitoring_run-06,44.68999481201172,0.10348816961050034,0.0
0,10,sub-010_ses-01_task-szMonitoring_run-06,31.12240219116211,0.06991934031248093,0.0
0,10,sub-010_ses-01_task-szMonitoring_run-06,50.84660720825195,0.0797051265835762,0.0
0,10,sub-010_ses-01_task-szMonitoring_run-07,17.816789627075195,0.0734374076128006,0.0
0,10,sub-010_ses-01_task-szMonitoring_run-07,25.495786666870117,0.061169154942035675,0.0
1,10,sub-010_ses-01_task-szMonitoring_run-08,22.685670852661133,0.08598453551530838,0.0
1,10,sub-010_ses-01_task-szMonitoring_run-08,24.941057205200195,0.07811661064624786,0.0
1,10,sub-010_ses-01_task-szMonitoring_run-08,24.21231460571289,0.07942921668291092,0.0
1,10,sub-010_ses-01_task-szMonitoring_run-08,23.288999557495117,0.08369532972574234,0.0
0,10,sub-010_ses-01_task-szMonitoring_run-08,7.254426002502441,0.1454073265194893,0.0
0,10,sub-010_ses-01_task-szMonitoring_run-09,24.32222557067871,0.0614534355700016,0.0
0,10,sub-010_ses-01_task-szMonitoring_run-09,48.936241149902344,0.0737280622124672,0.0
0,10,sub-010_ses-01_task-szMonitoring_run-09,37.255863189697266,0.11735904961824417,0.0
0,10,sub-010_ses-01_task-szMonitoring_run-09,34.751399993896484,0.06569410115480423,0.0
0,10,sub-010_ses-01_task-szMonitoring_run-09,16.18785285949707,0.11238783597946167,0.0
0,10,sub-010_ses-01_task-szMonitoring_run-09,10.140581130981445,0.07136481255292892,0.0
0,10,sub-010_ses-01_task-szMonitoring_run-09,12.198677062988281,0.11882220953702927,0.0
0,10,sub-010_ses-01_task-szMonitoring_run-09,65.02233123779297,0.07763627171516418,0.0
0,10,sub-010_ses-01_task-szMonitoring_run-09,16.651899337768555,0.12340201437473297,0.0
0,10,sub-010_ses-01_task-szMonitoring_run-09,33.65279006958008,0.09515884518623352,0.0
0,10,sub-010_ses-01_task-szMonitoring_run-09,9.345144271850586,0.07964771240949631,0.0
0,10,sub-010_ses-01_task-szMonitoring_run-10,9.73410701751709,0.12617869675159454,0.0
0,10,sub-010_ses-01_task-szMonitoring_run-10,79.95338439941406,0.12396092712879181,0.0
0,10,sub-010_ses-01_task-szMonitoring_run-10,16.089384078979492,0.029427334666252136,0.0
0,10,sub-010_ses-01_task-szMonitoring_run-10,55.01325607299805,0.1343073695898056,0.0
0,10,sub-010_ses-01_task-szMonitoring_run-11,11.037023544311523,0.1528896912932396,0.0
0,10,sub-010_ses-01_task-szMonitoring_run-11,13.671272277832031,0.18199128657579422,0.0
0,10,sub-010_ses-01_task-szMonitoring_run-11,22.9891357421875,0.056634336709976196,0.0
0,10,sub-010_ses-01_task-szMonitoring_run-11,11.809497833251953,0.14855946600437164,0.0
0,10,sub-010_ses-01_task-szMonitoring_run-11,19.212600708007812,0.10319119691848755,0.0
0,10,sub-010_ses-01_task-szMonitoring_run-11,23.49785041809082,0.08201707899570465,0.0
0,10,sub-010_ses-01_task-szMonitoring_run-11,9.911209106445312,0.14949281513690948,0.0
0,11,sub-011_ses-01_task-szMonitoring_run-01,31.80729866027832,0.07246258482336998,0.0
0,11,sub-011_ses-01_task-szMonitoring_run-01,6.383443355560303,0.13873381912708282,0.0
0,11,sub-011_ses-01_task-szMonitoring_run-01,32.444610595703125,0.06639038771390915,0.0
0,11,sub-011_ses-01_task-szMonitoring_run-01,12.687031745910645,0.10535519570112228,0.0
0,11,sub-011_ses-01_task-szMonitoring_run-01,11.798022270202637,0.1216975599527359,0.0
0,11,sub-011_ses-01_task-szMonitoring_run-01,21.561372756958008,0.05209474265575409,0.0
0,11,sub-011_ses-01_task-szMonitoring_run-01,45.0604362487793,0.057648442685604095,0.0
0,11,sub-011_ses-01_task-szMonitoring_run-01,6.3306989669799805,0.1359969899058342,0.0
0,11,sub-011_ses-01_task-szMonitoring_run-01,19.91500473022461,0.06532589346170425,0.0
0,11,sub-011_ses-01_task-szMonitoring_run-01,12.618912696838379,0.1036762222647667,0.0
0,11,sub-011_ses-01_task-szMonitoring_run-02,6.108858585357666,0.12494219094514847,0.0
0,11,sub-011_ses-01_task-szMonitoring_run-02,6.564105033874512,0.12139913439750671,0.0
0,11,sub-011_ses-01_task-szMonitoring_run-02,7.435566425323486,0.11305303126573563,0.0
0,11,sub-011_ses-01_task-szMonitoring_run-02,6.405734539031982,0.1037059798836708,0.0
1,11,sub-011_ses-01_task-szMonitoring_run-03,7.757081031799316,0.0943317823112011,0.0
1,11,sub-011_ses-01_task-szMonitoring_run-03,6.871067047119141,0.09284734725952148,0.0
1,11,sub-011_ses-01_task-szMonitoring_run-03,7.764858722686768,0.09684727340936661,0.0
1,11,sub-011_ses-01_task-szMonitoring_run-03,7.45263671875,0.09742128849029541,0.0
1,11,sub-011_ses-01_task-szMonitoring_run-03,7.0935893058776855,0.09240458160638809,0.0
1,11,sub-011_ses-01_task-szMonitoring_run-03,8.239291191101074,0.09317243844270706,0.0
1,11,sub-011_ses-01_task-szMonitoring_run-03,7.757081031799316,0.09277530387043953,0.0
1,11,sub-011_ses-01_task-szMonitoring_run-03,7.747453212738037,0.0944105014204979,0.0
1,11,sub-011_ses-01_task-szMonitoring_run-03,8.113485336303711,0.09544309973716736,0.0
1,11,sub-011_ses-01_task-szMonitoring_run-03,6.96832799911499,0.09036281704902649,0.0
1,11,sub-011_ses-01_task-szMonitoring_run-03,7.6793904304504395,0.09255171194672585,0.0
1,11,sub-011_ses-01_task-szMonitoring_run-03,7.826696872711182,0.09428609907627106,0.0
1,11,sub-011_ses-01_task-szMonitoring_run-03,7.553488254547119,0.09408150613307953,0.0
1,11,sub-011_ses-01_task-szMonitoring_run-03,7.853189468383789,0.09383940696716309,0.0
0,11,sub-011_ses-01_task-szMonitoring_run-03,6.406260013580322,0.09449877217411995,0.0
0,11,sub-011_ses-01_task-szMonitoring_run-03,9.926717758178711,0.1057887077331543,0.0
0,11,sub-011_ses-01_task-szMonitoring_run-03,3.5659127235412598,0.14148599654436111,0.0
0,11,sub-011_ses-01_task-szMonitoring_run-03,3.528715133666992,0.14632081985473633,0.0
0,11,sub-011_ses-01_task-szMonitoring_run-04,19.59518814086914,0.043593380600214005,0.0
0,11,sub-011_ses-01_task-szMonitoring_run-04,19.638813018798828,0.04442562721669674,0.0
0,11,sub-011_ses-01_task-szMonitoring_run-06,17.327186584472656,0.0685872957110405,0.0
0,11,sub-011_ses-01_task-szMonitoring_run-06,12.236943244934082,0.11568960547447205,0.0
0,11,sub-011_ses-01_task-szMonitoring_run-07,28.47106170654297,0.11523491144180298,0.0
0,11,sub-011_ses-01_task-szMonitoring_run-07,26.721956253051758,0.12273335456848145,0.0
0,11,sub-011_ses-01_task-szMonitoring_run-07,5.478931903839111,0.1555280089378357,0.0
0,11,sub-011_ses-01_task-szMonitoring_run-07,15.952325820922852,0.09274059906601906,0.0
0,11,sub-011_ses-01_task-szMonitoring_run-07,26.273025512695312,0.10202355682849884,0.0
0,11,sub-011_ses-01_task-szMonitoring_run-07,9.672791481018066,0.08046575635671616,0.0
0,11,sub-011_ses-01_task-szMonitoring_run-07,53.81504440307617,0.07263742387294769,0.0
0,11,sub-011_ses-01_task-szMonitoring_run-07,11.873616218566895,0.1626214236021042,0.0
0,11,sub-011_ses-01_task-szMonitoring_run-07,15.412406921386719,0.1737490240484476,0.0
0,11,sub-011_ses-01_task-szMonitoring_run-07,12.3275785446167,0.06146395206451416,0.0
0,11,sub-011_ses-01_task-szMonitoring_run-08,13.811212539672852,0.11863663420081139,0.0
0,11,sub-011_ses-01_task-szMonitoring_run-09,22.14385223388672,0.08564446493983269,0.0
0,11,sub-011_ses-01_task-szMonitoring_run-09,6.958702564239502,0.16866399347782135,0.0
0,11,sub-011_ses-01_task-szMonitoring_run-09,14.227173805236816,0.0654984675347805,0.0
0,11,sub-011_ses-01_task-szMonitoring_run-09,9.12530517578125,0.08643876388669014,0.0
0,11,sub-011_ses-01_task-szMonitoring_run-09,5.869904041290283,0.12371160089969635,0.0
0,11,sub-011_ses-01_task-szMonitoring_run-09,21.078367233276367,0.04640638828277588,0.0
0,11,sub-011_ses-01_task-szMonitoring_run-09,23.43769645690918,0.09677353501319885,0.0
0,11,sub-011_ses-01_task-szMonitoring_run-09,13.785194396972656,0.08499083667993546,0.0
0,11,sub-011_ses-01_task-szMonitoring_run-09,33.03594207763672,0.0327594131231308,0.0
0,11,sub-011_ses-01_task-szMonitoring_run-09,16.5755672454834,0.0712091326713562,0.0
0,11,sub-011_ses-01_task-szMonitoring_run-09,5.497862815856934,0.16121789813041687,0.0
0,11,sub-011_ses-01_task-szMonitoring_run-09,9.493768692016602,0.03397335112094879,0.0
0,11,sub-011_ses-01_task-szMonitoring_run-09,18.35948371887207,0.08034761250019073,0.0
0,11,sub-011_ses-01_task-szMonitoring_run-10,4.398818492889404,0.1000766009092331,0.0
0,11,sub-011_ses-01_task-szMonitoring_run-11,10.422407150268555,0.11195825040340424,0.0
0,11,sub-011_ses-01_task-szMonitoring_run-11,10.634196281433105,0.0522933155298233,0.0
0,11,sub-011_ses-01_task-szMonitoring_run-11,5.705847263336182,0.27913229167461395,0.0
0,11,sub-011_ses-01_task-szMonitoring_run-11,8.541013717651367,0.25943346321582794,0.0
0,11,sub-011_ses-01_task-szMonitoring_run-11,16.001873016357422,0.08957026898860931,0.0
0,11,sub-011_ses-01_task-szMonitoring_run-11,11.329909324645996,0.09481725096702576,0.0
0,11,sub-011_ses-01_task-szMonitoring_run-11,9.539794921875,0.0466877818107605,0.0
0,11,sub-011_ses-01_task-szMonitoring_run-11,18.45844078063965,0.05730687081813812,0.0
0,11,sub-011_ses-01_task-szMonitoring_run-11,10.383879661560059,0.0436292439699173,0.0
0,11,sub-011_ses-01_task-szMonitoring_run-11,12.46733570098877,0.03882212936878204,0.0
0,11,sub-011_ses-01_task-szMonitoring_run-11,12.887893676757812,0.11369041353464127,0.0
0,11,sub-011_ses-01_task-szMonitoring_run-11,12.149580955505371,0.08644889667630196,0.0
0,11,sub-011_ses-01_task-szMonitoring_run-11,12.928943634033203,0.06095832586288452,0.0
0,11,sub-011_ses-01_task-szMonitoring_run-11,13.312827110290527,0.0776008665561676,0.0
0,11,sub-011_ses-01_task-szMonitoring_run-11,10.354973793029785,0.05267605185508728,0.0
0,11,sub-011_ses-01_task-szMonitoring_run-11,6.2136688232421875,0.06940829008817673,0.0
0,11,sub-011_ses-01_task-szMonitoring_run-11,12.976483345031738,0.06210550293326378,0.0
0,11,sub-011_ses-01_task-szMonitoring_run-11,10.182432174682617,0.06458009779453278,0.0
0,12,sub-012_ses-01_task-szMonitoring_run-01,11.051237106323242,0.08406579494476318,0.0
0,12,sub-012_ses-01_task-szMonitoring_run-01,24.032352447509766,0.057012759149074554,0.0
0,12,sub-012_ses-01_task-szMonitoring_run-01,9.527120590209961,0.05266271531581879,0.0
0,12,sub-012_ses-01_task-szMonitoring_run-01,4.141826152801514,0.1441921591758728,0.0
0,12,sub-012_ses-01_task-szMonitoring_run-01,5.736940383911133,0.059720300137996674,0.0
0,12,sub-012_ses-01_task-szMonitoring_run-01,21.50945281982422,0.0701780915260315,0.0
0,12,sub-012_ses-01_task-szMonitoring_run-01,6.702317237854004,0.06179081276059151,0.0
0,12,sub-012_ses-01_task-szMonitoring_run-01,5.5264506340026855,0.054940205067396164,0.0
0,12,sub-012_ses-01_task-szMonitoring_run-01,10.299033164978027,0.03654345124959946,0.0
0,12,sub-012_ses-01_task-szMonitoring_run-01,23.283763885498047,0.0466814786195755,0.0
0,12,sub-012_ses-01_task-szMonitoring_run-01,18.600557327270508,0.03540375083684921,0.0
0,12,sub-012_ses-01_task-szMonitoring_run-01,10.667811393737793,0.053467750549316406,0.0
0,12,sub-012_ses-01_task-szMonitoring_run-01,7.706907749176025,0.08003510534763336,0.0
0,12,sub-012_ses-01_task-szMonitoring_run-01,15.518021583557129,0.05864959955215454,0.0
0,12,sub-012_ses-01_task-szMonitoring_run-01,10.983973503112793,0.03535957634449005,0.0
0,12,sub-012_ses-01_task-szMonitoring_run-01,7.257263660430908,0.09625735133886337,0.0
0,12,sub-012_ses-01_task-szMonitoring_run-01,35.14984130859375,0.1495872437953949,0.0
0,12,sub-012_ses-01_task-szMonitoring_run-01,17.08135223388672,0.0532214418053627,0.0
0,12,sub-012_ses-01_task-szMonitoring_run-01,11.35758113861084,0.03226423263549805,0.0
0,12,sub-012_ses-01_task-szMonitoring_run-02,26.82390594482422,0.067896768450737,0.0
0,12,sub-012_ses-01_task-szMonitoring_run-02,20.881052017211914,0.09967777132987976,0.0
0,12,sub-012_ses-01_task-szMonitoring_run-02,47.41156768798828,0.064175546169281,0.0
0,12,sub-012_ses-01_task-szMonitoring_run-02,19.78323745727539,0.10913832485675812,0.0
1,12,sub-012_ses-01_task-szMonitoring_run-03,18.67578887939453,0.08508602529764175,0.0
1,12,sub-012_ses-01_task-szMonitoring_run-03,13.689160346984863,0.17976690083742142,0.0
1,12,sub-012_ses-01_task-szMonitoring_run-03,13.124353408813477,0.17976441979408264,0.0
1,12,sub-012_ses-01_task-szMonitoring_run-03,13.510485649108887,0.18346577882766724,0.0
1,12,sub-012_ses-01_task-szMonitoring_run-03,16.396589279174805,0.09708881378173828,0.0
1,12,sub-012_ses-01_task-szMonitoring_run-03,13.566215515136719,0.17945930361747742,0.0
1,12,sub-012_ses-01_task-szMonitoring_run-03,10.645953178405762,0.18081779778003693,0.0
1,12,sub-012_ses-01_task-szMonitoring_run-03,16.69466209411621,0.09640881419181824,0.0
1,12,sub-012_ses-01_task-szMonitoring_run-03,13.65227222442627,0.1795876920223236,0.0
1,12,sub-012_ses-01_task-szMonitoring_run-03,10.523416519165039,0.18298060446977615,0.0
1,12,sub-012_ses-01_task-szMonitoring_run-03,17.388362884521484,0.09383770078420639,0.0
1,12,sub-012_ses-01_task-szMonitoring_run-03,17.553390502929688,0.08871397376060486,0.0
1,12,sub-012_ses-01_task-szMonitoring_run-03,13.534960746765137,0.1812973991036415,0.0
0,12,sub-012_ses-01_task-szMonitoring_run-03,10.1754150390625,0.14911003410816193,0.0
0,12,sub-012_ses-01_task-szMonitoring_run-03,3.572249412536621,0.05770150572061539,0.0
0,12,sub-012_ses-01_task-szMonitoring_run-03,32.500003814697266,0.05879366397857666,0.0
0,12,sub-012_ses-01_task-szMonitoring_run-03,29.75585174560547,0.06230968236923218,0.0
0,12,sub-012_ses-01_task-szMonitoring_run-03,19.77490234375,0.03505668789148331,0.0
0,12,sub-012_ses-01_task-szMonitoring_run-03,13.980530738830566,0.09040722623467445,0.0
0,12,sub-012_ses-01_task-szMonitoring_run-03,23.713220596313477,0.059580981731414795,0.0
0,12,sub-012_ses-01_task-szMonitoring_run-03,5.1073832511901855,0.1679978258907795,0.0
0,12,sub-012_ses-01_task-szMonitoring_run-04,18.974185943603516,0.0588923916220665,0.0
1,12,sub-012_ses-01_task-szMonitoring_run-05,10.565918922424316,0.08579298853874207,0.0
1,12,sub-012_ses-01_task-szMonitoring_run-05,11.466485977172852,0.07690227031707764,0.0
1,12,sub-012_ses-01_task-szMonitoring_run-05,10.333077430725098,0.0896976962685585,0.0
1,12,sub-012_ses-01_task-szMonitoring_run-05,10.2550048828125,0.09076801687479019,0.0
1,12,sub-012_ses-01_task-szMonitoring_run-05,10.45203685760498,0.08924969285726547,0.0
1,12,sub-012_ses-01_task-szMonitoring_run-05,11.192460060119629,0.08042865991592407,0.0
1,12,sub-012_ses-01_task-szMonitoring_run-05,9.854381561279297,0.09075970947742462,0.0
1,12,sub-012_ses-01_task-szMonitoring_run-05,9.9568510055542,0.0919046550989151,0.0
0,12,sub-012_ses-01_task-szMonitoring_run-05,22.921749114990234,0.10143846273422241,0.0
0,12,sub-012_ses-01_task-szMonitoring_run-06,13.48009204864502,0.08490287512540817,0.0
0,12,sub-012_ses-01_task-szMonitoring_run-06,25.988216400146484,0.05156588554382324,0.0
0,12,sub-012_ses-01_task-szMonitoring_run-06,10.456533432006836,0.12916769832372665,0.0
0,12,sub-012_ses-01_task-szMonitoring_run-06,4.772505283355713,0.05270747095346451,0.0
0,12,sub-012_ses-01_task-szMonitoring_run-06,9.026082038879395,0.18039944022893906,0.0
0,12,sub-012_ses-01_task-szMonitoring_run-06,13.791606903076172,0.07801377773284912,0.0
0,12,sub-012_ses-01_task-szMonitoring_run-06,8.82042121887207,0.11507059633731842,0.0
0,12,sub-012_ses-01_task-szMonitoring_run-06,9.032102584838867,0.18728457391262054,0.0
0,12,sub-012_ses-01_task-szMonitoring_run-06,27.2536563873291,0.050765812397003174,0.0
0,12,sub-012_ses-01_task-szMonitoring_run-06,38.421913146972656,0.04559784196317196,0.0
0,12,sub-012_ses-01_task-szMonitoring_run-06,4.618542671203613,0.09068359434604645,0.0
0,12,sub-012_ses-01_task-szMonitoring_run-06,9.98660945892334,0.11276694387197495,0.0
0,12,sub-012_ses-01_task-szMonitoring_run-06,9.341531753540039,0.12931041419506073,0.0
0,12,sub-012_ses-01_task-szMonitoring_run-06,23.57006072998047,0.049113593995571136,0.0
0,12,sub-012_ses-01_task-szMonitoring_run-06,36.65353775024414,0.04548876918852329,0.0
0,12,sub-012_ses-01_task-szMonitoring_run-06,10.766876220703125,0.12836767733097076,0.0
0,12,sub-012_ses-01_task-szMonitoring_run-08,10.874470710754395,0.12208502739667892,0.0
0,12,sub-012_ses-01_task-szMonitoring_run-08,11.521440505981445,0.045209698379039764,0.0
0,12,sub-012_ses-01_task-szMonitoring_run-08,29.002979278564453,0.050960928201675415,0.0
0,12,sub-012_ses-01_task-szMonitoring_run-08,12.860443115234375,0.09746809676289558,0.0
0,12,sub-012_ses-01_task-szMonitoring_run-08,24.726221084594727,0.06668565422296524,0.0
0,12,sub-012_ses-01_task-szMonitoring_run-08,18.186941146850586,0.13365435600280762,0.0
0,12,sub-012_ses-01_task-szMonitoring_run-08,17.005861282348633,0.13456768542528152,0.0
0,12,sub-012_ses-01_task-szMonitoring_run-08,17.080486297607422,0.0932549312710762,0.0
0,12,sub-012_ses-01_task-szMonitoring_run-08,19.427839279174805,0.10114304721355438,0.0
0,12,sub-012_ses-01_task-szMonitoring_run-08,13.22657299041748,0.14404307305812836,0.0
0,12,sub-012_ses-01_task-szMonitoring_run-08,40.78753662109375,0.0546703040599823,0.0
0,12,sub-012_ses-01_task-szMonitoring_run-08,29.616472244262695,0.06150875985622406,0.0
0,12,sub-012_ses-01_task-szMonitoring_run-08,16.03925895690918,0.10142452269792557,0.0
0,12,sub-012_ses-01_task-szMonitoring_run-08,8.391473770141602,0.07943308353424072,0.0
0,12,sub-012_ses-01_task-szMonitoring_run-08,9.89694881439209,0.17549653351306915,0.0
0,12,sub-012_ses-01_task-szMonitoring_run-08,34.36433029174805,0.06855465471744537,0.0
0,12,sub-012_ses-01_task-szMonitoring_run-10,3.1107611656188965,0.006398618221282959,0.0
0,12,sub-012_ses-01_task-szMonitoring_run-10,13.69024658203125,0.04122567176818848,0.0
0,12,sub-012_ses-01_task-szMonitoring_run-10,12.741521835327148,0.039734311401844025,0.0
0,12,sub-012_ses-01_task-szMonitoring_run-10,24.232017517089844,0.05051916092634201,0.0
0,12,sub-012_ses-01_task-szMonitoring_run-10,11.495234489440918,0.0401509627699852,0.0
0,12,sub-012_ses-01_task-szMonitoring_run-10,12.176794052124023,0.039762966334819794,0.0
0,12,sub-012_ses-01_task-szMonitoring_run-10,12.944680213928223,0.04826056584715843,0.0
0,12,sub-012_ses-01_task-szMonitoring_run-10,3.146268844604492,0.00649338960647583,0.0
1,13,sub-013_ses-01_task-szMonitoring_run-01,32.053531646728516,0.07883855700492859,0.0
1,13,sub-013_ses-01_task-szMonitoring_run-01,20.32515525817871,0.16470853984355927,0.0
1,13,sub-013_ses-01_task-szMonitoring_run-01,21.356748580932617,0.1534796506166458,0.0
1,13,sub-013_ses-01_task-szMonitoring_run-01,20.666460037231445,0.15937263518571854,0.0
1,13,sub-013_ses-01_task-szMonitoring_run-01,33.08055877685547,0.07475203275680542,0.0
1,13,sub-013_ses-01_task-szMonitoring_run-01,26.89263153076172,0.08645525574684143,0.0
1,13,sub-013_ses-01_task-szMonitoring_run-01,31.535808563232422,0.07844871282577515,0.0
1,13,sub-013_ses-01_task-szMonitoring_run-01,32.07001876831055,0.07558576762676239,0.0
1,13,sub-013_ses-01_task-szMonitoring_run-01,29.212770462036133,0.08213178813457489,0.0
1,13,sub-013_ses-01_task-szMonitoring_run-01,32.06718444824219,0.07622714340686798,0.0
1,13,sub-013_ses-01_task-szMonitoring_run-01,21.43120574951172,0.15533621609210968,0.0
1,13,sub-013_ses-01_task-szMonitoring_run-01,21.34752082824707,0.17739852517843246,0.0
1,13,sub-013_ses-01_task-szMonitoring_run-01,32.210453033447266,0.07884234935045242,0.0
0,13,sub-013_ses-01_task-szMonitoring_run-01,28.9914493560791,0.13623126596212387,0.0
0,13,sub-013_ses-01_task-szMonitoring_run-01,38.398555755615234,0.14658138900995255,0.0
0,13,sub-013_ses-01_task-szMonitoring_run-01,26.99046516418457,0.13778959587216377,0.0
0,13,sub-013_ses-01_task-szMonitoring_run-01,36.16962814331055,0.10499364882707596,0.0
0,13,sub-013_ses-01_task-szMonitoring_run-01,10.715957641601562,0.12399127706885338,0.0
0,13,sub-013_ses-01_task-szMonitoring_run-01,9.571885108947754,0.09240310452878475,0.0
0,13,sub-013_ses-01_task-szMonitoring_run-01,37.44127655029297,0.15469789505004883,0.0
0,13,sub-013_ses-01_task-szMonitoring_run-01,25.863859176635742,0.09731576032936573,0.0
0,13,sub-013_ses-01_task-szMonitoring_run-01,9.637079238891602,0.1532127559185028,0.0
0,13,sub-013_ses-01_task-szMonitoring_run-01,22.78630256652832,0.10176878422498703,0.0
0,13,sub-013_ses-01_task-szMonitoring_run-01,9.740202903747559,0.20323462784290314,0.0
1,14,sub-014_ses-01_task-szMonitoring_run-01,7.253005504608154,0.0921403281390667,0.0
1,14,sub-014_ses-01_task-szMonitoring_run-01,7.379541397094727,0.08351729810237885,0.0
1,14,sub-014_ses-01_task-szMonitoring_run-01,5.360360622406006,0.09074195846915245,0.0
1,14,sub-014_ses-01_task-szMonitoring_run-01,5.367445945739746,0.09145443513989449,0.0
1,14,sub-014_ses-01_task-szMonitoring_run-01,7.200048923492432,0.09206471964716911,0.0
0,14,sub-014_ses-01_task-szMonitoring_run-01,11.523612022399902,0.09950639307498932,0.0
0,14,sub-014_ses-01_task-szMonitoring_run-01,9.091036796569824,0.10351074486970901,0.0
0,14,sub-014_ses-01_task-szMonitoring_run-01,19.691301345825195,0.08185962587594986,0.0
0,14,sub-014_ses-01_task-szMonitoring_run-01,23.000112533569336,0.0792943723499775,0.0
0,14,sub-014_ses-01_task-szMonitoring_run-01,33.67723846435547,0.0514419786632061,0.0
0,14,sub-014_ses-01_task-szMonitoring_run-01,32.012413024902344,0.04780232533812523,0.0
0,14,sub-014_ses-01_task-szMonitoring_run-01,7.737386703491211,0.10373910516500473,0.0
0,14,sub-014_ses-01_task-szMonitoring_run-01,15.234916687011719,0.10397610068321228,0.0
0,14,sub-014_ses-01_task-szMonitoring_run-01,27.764310836791992,0.04741150513291359,0.0
0,14,sub-014_ses-01_task-szMonitoring_run-01,6.533914566040039,0.08942056447267532,0.0
0,14,sub-014_ses-01_task-szMonitoring_run-01,32.56739044189453,0.0523342564702034,0.0
1,14,sub-014_ses-01_task-szMonitoring_run-03,10.802895545959473,0.07732013612985611,0.0
1,14,sub-014_ses-01_task-szMonitoring_run-03,10.667766571044922,0.07767130434513092,0.0
1,14,sub-014_ses-01_task-szMonitoring_run-03,10.75672435760498,0.07920034974813461,0.0
1,14,sub-014_ses-01_task-szMonitoring_run-03,10.617905616760254,0.07666893675923347,0.0
1,14,sub-014_ses-01_task-szMonitoring_run-03,10.661282539367676,0.07786515727639198,0.0
1,14,sub-014_ses-01_task-szMonitoring_run-03,10.568133354187012,0.08336418494582176,0.0
0,14,sub-014_ses-01_task-szMonitoring_run-03,9.278566360473633,0.10282225161790848,0.0
0,14,sub-014_ses-01_task-szMonitoring_run-03,6.8363566398620605,0.0789763480424881,0.0
0,14,sub-014_ses-01_task-szMonitoring_run-03,9.631993293762207,0.07564247027039528,0.0
0,14,sub-014_ses-01_task-szMonitoring_run-03,6.698416233062744,0.08305338025093079,0.0
0,14,sub-014_ses-01_task-szMonitoring_run-04,21.354978561401367,0.08967916667461395,0.0
0,14,sub-014_ses-01_task-szMonitoring_run-04,18.746192932128906,0.06821075826883316,0.0
0,14,sub-014_ses-01_task-szMonitoring_run-04,41.60707092285156,0.061066269874572754,0.0
0,14,sub-014_ses-01_task-szMonitoring_run-04,10.34239673614502,0.0975276343524456,0.0
0,14,sub-014_ses-01_task-szMonitoring_run-04,3.377605676651001,0.10696220025420189,0.0
0,14,sub-014_ses-01_task-szMonitoring_run-04,18.23501205444336,0.06956256926059723,0.0
0,14,sub-014_ses-01_task-szMonitoring_run-04,25.479604721069336,0.05760704725980759,0.0
0,14,sub-014_ses-01_task-szMonitoring_run-04,33.703094482421875,0.06146740913391113,0.0
0,14,sub-014_ses-01_task-szMonitoring_run-04,28.66135597229004,0.0658230185508728,0.0
0,14,sub-014_ses-01_task-szMonitoring_run-04,4.266175270080566,0.084728192538023,0.0
0,14,sub-014_ses-01_task-szMonitoring_run-04,34.17214584350586,0.07396167516708374,0.0
0,14,sub-014_ses-01_task-szMonitoring_run-06,9.677441596984863,0.13543618097901344,0.0
0,14,sub-014_ses-01_task-szMonitoring_run-06,17.74640464782715,0.09691532328724861,0.0
0,14,sub-014_ses-01_task-szMonitoring_run-06,13.270157814025879,0.09864325821399689,0.0
0,14,sub-014_ses-01_task-szMonitoring_run-06,9.81705093383789,0.09752552956342697,0.0
0,14,sub-014_ses-01_task-szMonitoring_run-06,11.96674919128418,0.11488624289631844,0.0
0,14,sub-014_ses-01_task-szMonitoring_run-06,10.210710525512695,0.12117994576692581,0.0
1,15,sub-015_ses-01_task-szMonitoring_run-01,3.8499412536621094,0.14263355359435081,0.0
1,15,sub-015_ses-01_task-szMonitoring_run-01,4.209362030029297,0.1406005695462227,0.0
1,15,sub-015_ses-01_task-szMonitoring_run-01,3.882007360458374,0.1429041177034378,0.0
1,15,sub-015_ses-01_task-szMonitoring_run-01,3.8643314838409424,0.14263355359435081,0.0
1,15,sub-015_ses-01_task-szMonitoring_run-01,4.023715496063232,0.14079879224300385,0.0
1,15,sub-015_ses-01_task-szMonitoring_run-01,3.9129350185394287,0.14365019649267197,0.0
1,15,sub-015_ses-01_task-szMonitoring_run-01,4.128648281097412,0.13950186222791672,0.0
1,15,sub-015_ses-01_task-szMonitoring_run-01,3.9015161991119385,0.14429107680916786,0.0
1,15,sub-015_ses-01_task-szMonitoring_run-01,3.8915445804595947,0.1448458768427372,0.0
0,15,sub-015_ses-01_task-szMonitoring_run-01,6.645861625671387,0.1374092698097229,0.0
0,15,sub-015_ses-01_task-szMonitoring_run-01,11.58980941772461,0.10136814787983894,0.0
0,15,sub-015_ses-01_task-szMonitoring_run-01,7.300624370574951,0.07718553394079208,0.0
0,15,sub-015_ses-01_task-szMonitoring_run-01,8.373205184936523,0.10337579995393753,0.0
0,15,sub-015_ses-01_task-szMonitoring_run-01,6.511219501495361,0.07935748994350433,0.0
0,15,sub-015_ses-01_task-szMonitoring_run-01,5.955493450164795,0.06525351479649544,0.0
0,15,sub-015_ses-01_task-szMonitoring_run-01,4.013591289520264,0.11488771438598633,0.0
0,15,sub-015_ses-01_task-szMonitoring_run-01,8.055546760559082,0.10286290943622589,0.0
0,15,sub-015_ses-01_task-szMonitoring_run-01,4.61283540725708,0.06492548063397408,0.0
0,15,sub-015_ses-01_task-szMonitoring_run-01,3.7736494541168213,0.1396520882844925,0.0
0,15,sub-015_ses-01_task-szMonitoring_run-01,6.295286178588867,0.1069207563996315,0.0
0,15,sub-015_ses-01_task-szMonitoring_run-01,14.190644264221191,0.09983371198177338,0.0
1,15,sub-015_ses-01_task-szMonitoring_run-04,19.88047218322754,0.09578507393598557,0.0
1,15,sub-015_ses-01_task-szMonitoring_run-04,20.151409149169922,0.08165836334228516,0.0
1,15,sub-015_ses-01_task-szMonitoring_run-04,9.504290580749512,0.077474694699049,0.0
1,15,sub-015_ses-01_task-szMonitoring_run-04,24.60527992248535,0.06933444738388062,0.0
1,15,sub-015_ses-01_task-szMonitoring_run-04,20.13787078857422,0.08871691673994064,0.0
1,15,sub-015_ses-01_task-szMonitoring_run-04,17.325660705566406,0.07364878430962563,0.0
1,15,sub-015_ses-01_task-szMonitoring_run-04,23.927087783813477,0.06843694671988487,0.0
1,15,sub-015_ses-01_task-szMonitoring_run-04,16.735445022583008,0.07009731978178024,0.0
1,15,sub-015_ses-01_task-szMonitoring_run-04,14.818708419799805,0.06814534962177277,0.0
1,15,sub-015_ses-01_task-szMonitoring_run-04,23.665067672729492,0.06580249220132828,0.0
1,15,sub-015_ses-01_task-szMonitoring_run-04,24.43427276611328,0.07215264439582825,0.0
1,15,sub-015_ses-01_task-szMonitoring_run-04,25.385847091674805,0.0732763335108757,0.0
1,15,sub-015_ses-01_task-szMonitoring_run-04,17.450693130493164,0.07094470784068108,0.0
1,15,sub-015_ses-01_task-szMonitoring_run-04,17.613937377929688,0.06938109174370766,0.0
1,15,sub-015_ses-01_task-szMonitoring_run-04,17.288158416748047,0.07344189658761024,0.0
1,15,sub-015_ses-01_task-szMonitoring_run-04,23.947452545166016,0.07002034783363342,0.0
1,15,sub-015_ses-01_task-szMonitoring_run-04,9.371548652648926,0.07917727157473564,0.0
1,15,sub-015_ses-01_task-szMonitoring_run-04,20.157217025756836,0.08180604875087738,0.0
1,15,sub-015_ses-01_task-szMonitoring_run-04,17.519079208374023,0.07087225839495659,0.0
1,15,sub-015_ses-01_task-szMonitoring_run-04,23.84581756591797,0.07025263831019402,0.0
0,15,sub-015_ses-01_task-szMonitoring_run-04,20.46505355834961,0.09601589292287827,0.0
0,15,sub-015_ses-01_task-szMonitoring_run-04,14.89049243927002,0.057844094932079315,0.0
0,15,sub-015_ses-01_task-szMonitoring_run-04,10.065176963806152,0.11479155719280243,0.0
0,15,sub-015_ses-01_task-szMonitoring_run-04,33.51469421386719,0.06471499428153038,0.0
1,15,sub-015_ses-01_task-szMonitoring_run-06,22.23711395263672,0.07378994300961494,0.0
1,15,sub-015_ses-01_task-szMonitoring_run-06,21.870975494384766,0.07158515602350235,0.0
1,15,sub-015_ses-01_task-szMonitoring_run-06,21.846609115600586,0.06999031081795692,0.0
1,15,sub-015_ses-01_task-szMonitoring_run-06,21.34670639038086,0.07300740480422974,0.0
1,15,sub-015_ses-01_task-szMonitoring_run-06,21.535423278808594,0.07435303926467896,0.0
1,15,sub-015_ses-01_task-szMonitoring_run-06,21.331024169921875,0.07402343675494194,0.0
0,15,sub-015_ses-01_task-szMonitoring_run-06,16.145889282226562,0.0689200647175312,0.0
0,15,sub-015_ses-01_task-szMonitoring_run-06,16.844051361083984,0.06066013500094414,0.0
0,15,sub-015_ses-01_task-szMonitoring_run-06,5.710149765014648,0.08975806087255478,0.0
0,15,sub-015_ses-01_task-szMonitoring_run-06,9.844730377197266,0.06314440816640854,0.0
0,15,sub-015_ses-01_task-szMonitoring_run-06,12.049530982971191,0.06570935621857643,0.0
0,15,sub-015_ses-01_task-szMonitoring_run-06,24.078420639038086,0.06162838637828827,0.0
0,15,sub-015_ses-01_task-szMonitoring_run-06,10.156621932983398,0.06065361201763153,0.0
0,15,sub-015_ses-01_task-szMonitoring_run-06,5.3648505210876465,0.13591012731194496,0.0
0,15,sub-015_ses-01_task-szMonitoring_run-06,4.023045539855957,0.11678370833396912,0.0
0,15,sub-015_ses-01_task-szMonitoring_run-06,20.43153190612793,0.05619024857878685,0.0
0,15,sub-015_ses-01_task-szMonitoring_run-06,23.269866943359375,0.06127774715423584,0.0
1,15,sub-015_ses-01_task-szMonitoring_run-08,12.710780143737793,0.06499318033456802,0.0
1,15,sub-015_ses-01_task-szMonitoring_run-08,12.538482666015625,0.06623145192861557,0.0
1,15,sub-015_ses-01_task-szMonitoring_run-08,12.688365936279297,0.065939761698246,0.0
0,15,sub-015_ses-01_task-szMonitoring_run-08,8.105525970458984,0.07925480604171753,0.0
0,15,sub-015_ses-01_task-szMonitoring_run-08,7.040013790130615,0.07683571800589561,0.0
1,15,sub-015_ses-01_task-szMonitoring_run-09,5.162510871887207,0.07255074381828308,0.0
1,15,sub-015_ses-01_task-szMonitoring_run-09,4.8093366622924805,0.07393034920096397,0.0
1,15,sub-015_ses-01_task-szMonitoring_run-09,4.920291423797607,0.06869208812713623,0.0
1,15,sub-015_ses-01_task-szMonitoring_run-09,5.101297378540039,0.06914918124675751,0.0
0,15,sub-015_ses-01_task-szMonitoring_run-09,4.375402927398682,0.10857737064361572,0.0
0,15,sub-015_ses-01_task-szMonitoring_run-09,4.374438762664795,0.09347692131996155,0.0
0,15,sub-015_ses-01_task-szMonitoring_run-09,24.974699020385742,0.07826338335871696,0.0
0,15,sub-015_ses-01_task-szMonitoring_run-09,5.79823112487793,0.14130286872386932,0.0
0,15,sub-015_ses-01_task-szMonitoring_run-09,18.804821014404297,0.14590809494256973,0.0
0,16,sub-016_ses-01_task-szMonitoring_run-01,13.034849166870117,0.21744691208004951,0.0
0,16,sub-016_ses-01_task-szMonitoring_run-01,48.61617660522461,0.061464183032512665,0.0
0,16,sub-016_ses-01_task-szMonitoring_run-01,14.029946327209473,0.27538666874170303,0.0
0,16,sub-016_ses-01_task-szMonitoring_run-01,12.528217315673828,0.2711849622428417,0.0
0,16,sub-016_ses-01_task-szMonitoring_run-01,11.41788387298584,0.25553151965141296,0.0
0,16,sub-016_ses-01_task-szMonitoring_run-01,41.9578857421875,0.06688850000500679,0.0
0,16,sub-016_ses-01_task-szMonitoring_run-01,17.088153839111328,0.14651241898536682,0.0
0,16,sub-016_ses-01_task-szMonitoring_run-01,33.86554718017578,0.08619789779186249,0.0
0,16,sub-016_ses-01_task-szMonitoring_run-01,28.516002655029297,0.24036557227373123,0.0
0,16,sub-016_ses-01_task-szMonitoring_run-01,17.464509963989258,0.1337641291320324,0.0
0,16,sub-016_ses-01_task-szMonitoring_run-01,61.311073303222656,0.05234299600124359,0.0
0,16,sub-016_ses-01_task-szMonitoring_run-01,18.50288200378418,0.19002823904156685,0.0
0,16,sub-016_ses-01_task-szMonitoring_run-01,42.61943817138672,0.06421616300940514,0.0
0,16,sub-016_ses-01_task-szMonitoring_run-01,11.598834991455078,0.27176788449287415,0.0
0,16,sub-016_ses-01_task-szMonitoring_run-01,9.25045394897461,0.2567541152238846,0.0
0,16,sub-016_ses-01_task-szMonitoring_run-01,43.64738082885742,0.06160837411880493,0.0
0,16,sub-016_ses-01_task-szMonitoring_run-01,20.589092254638672,0.17278185486793518,0.0
0,16,sub-016_ses-01_task-szMonitoring_run-01,43.32576370239258,0.06569807976484299,0.0
1,16,sub-016_ses-01_task-szMonitoring_run-02,7.910767555236816,0.17985070869326591,0.0
1,16,sub-016_ses-01_task-szMonitoring_run-02,9.28152847290039,0.1878957450389862,0.0
1,16,sub-016_ses-01_task-szMonitoring_run-02,8.985157012939453,0.20016245543956757,0.0
1,16,sub-016_ses-01_task-szMonitoring_run-02,9.695111274719238,0.20764987170696259,0.0
1,16,sub-016_ses-01_task-szMonitoring_run-02,9.743969917297363,0.21323983743786812,0.0
0,16,sub-016_ses-01_task-szMonitoring_run-02,9.600828170776367,0.2753393054008484,0.0
0,16,sub-016_ses-01_task-szMonitoring_run-02,13.007847785949707,0.20744804292917252,0.0
0,16,sub-016_ses-01_task-szMonitoring_run-03,31.231809616088867,0.05937841534614563,0.0
0,16,sub-016_ses-01_task-szMonitoring_run-03,39.580928802490234,0.06408132612705231,0.0
0,16,sub-016_ses-01_task-szMonitoring_run-03,32.478179931640625,0.1070488691329956,0.0
0,16,sub-016_ses-01_task-szMonitoring_run-03,32.07263946533203,0.06016634404659271,0.0
0,16,sub-016_ses-01_task-szMonitoring_run-03,23.97390365600586,0.1680249497294426,0.0
0,16,sub-016_ses-01_task-szMonitoring_run-03,5.680197238922119,0.18286164477467537,0.0
0,16,sub-016_ses-01_task-szMonitoring_run-03,26.325525283813477,0.13137763738632202,0.0
0,16,sub-016_ses-01_task-szMonitoring_run-03,5.9712982177734375,0.22145377844572067,0.0
0,16,sub-016_ses-01_task-szMonitoring_run-03,5.423657417297363,0.20256323367357254,0.0
0,16,sub-016_ses-01_task-szMonitoring_run-03,39.99571990966797,0.06635146588087082,0.0
0,16,sub-016_ses-01_task-szMonitoring_run-03,31.58055877685547,0.05959278345108032,0.0
0,16,sub-016_ses-01_task-szMonitoring_run-03,12.415184020996094,0.2419315129518509,0.0
0,16,sub-016_ses-01_task-szMonitoring_run-03,31.922279357910156,0.060139935463666916,0.0
0,16,sub-016_ses-01_task-szMonitoring_run-03,13.346159934997559,0.15540863573551178,0.0
0,16,sub-016_ses-01_task-szMonitoring_run-03,15.122285842895508,0.18007677793502808,0.0
0,16,sub-016_ses-01_task-szMonitoring_run-03,27.180116653442383,0.06760627031326294,0.0
1,17,sub-017_ses-01_task-szMonitoring_run-01,16.314197540283203,0.0705764889717102,0.0
1,17,sub-017_ses-01_task-szMonitoring_run-01,16.246952056884766,0.07138419896364212,0.0
1,17,sub-017_ses-01_task-szMonitoring_run-01,16.424135208129883,0.06903582066297531,0.0
1,17,sub-017_ses-01_task-szMonitoring_run-01,16.363744735717773,0.07054562866687775,0.0
1,17,sub-017_ses-01_task-szMonitoring_run-01,16.464588165283203,0.06896939128637314,0.0
1,17,sub-017_ses-01_task-szMonitoring_run-01,15.915923118591309,0.0744464248418808,0.0
1,17,sub-017_ses-01_task-szMonitoring_run-01,16.01006317138672,0.0737159252166748,0.0
0,17,sub-017_ses-01_task-szMonitoring_run-01,4.796765327453613,0.0717214047908783,0.0
0,17,sub-017_ses-01_task-szMonitoring_run-01,9.912010192871094,0.06160596013069153,0.0
0,17,sub-017_ses-01_task-szMonitoring_run-02,8.747023582458496,0.12393607199192047,0.0
0,17,sub-017_ses-01_task-szMonitoring_run-02,25.440946578979492,0.05604364350438118,0.0
0,17,sub-017_ses-01_task-szMonitoring_run-02,10.670374870300293,0.10337474197149277,0.0
0,17,sub-017_ses-01_task-szMonitoring_run-02,30.864194869995117,0.046028606593608856,0.0
0,17,sub-017_ses-01_task-szMonitoring_run-02,23.949129104614258,0.056939832866191864,0.0
0,17,sub-017_ses-01_task-szMonitoring_run-02,27.080204010009766,0.05791360139846802,0.0
0,17,sub-017_ses-01_task-szMonitoring_run-02,29.65675163269043,0.06940927729010582,0.0
0,17,sub-017_ses-01_task-szMonitoring_run-02,29.73341941833496,0.054773107171058655,0.0
0,17,sub-017_ses-01_task-szMonitoring_run-02,6.224771022796631,0.1242922693490982,0.0
0,17,sub-017_ses-01_task-szMonitoring_run-02,25.156253814697266,0.05996774882078171,0.0
0,17,sub-017_ses-01_task-szMonitoring_run-02,27.341514587402344,0.05586778372526169,0.0
0,17,sub-017_ses-01_task-szMonitoring_run-02,19.46993064880371,0.05328461527824402,0.0
0,17,sub-017_ses-01_task-szMonitoring_run-03,16.85586166381836,0.11808383092284203,0.0
0,17,sub-017_ses-01_task-szMonitoring_run-03,17.232126235961914,0.12600388005375862,0.0
0,17,sub-017_ses-01_task-szMonitoring_run-04,7.312098503112793,0.08593446761369705,0.0
0,17,sub-017_ses-01_task-szMonitoring_run-04,13.846269607543945,0.15341167896986008,0.0
0,17,sub-017_ses-01_task-szMonitoring_run-04,12.899348258972168,0.09786316007375717,0.0
0,17,sub-017_ses-01_task-szMonitoring_run-04,31.168310165405273,0.04183535277843475,0.0
0,17,sub-017_ses-01_task-szMonitoring_run-04,14.291297912597656,0.059472717344760895,0.0
0,17,sub-017_ses-01_task-szMonitoring_run-04,21.907833099365234,0.07936366647481918,0.0
0,17,sub-017_ses-01_task-szMonitoring_run-04,7.938616752624512,0.08642210811376572,0.0
0,17,sub-017_ses-01_task-szMonitoring_run-04,10.451281547546387,0.09313205629587173,0.0
0,17,sub-017_ses-01_task-szMonitoring_run-04,16.556217193603516,0.08062056452035904,0.0
0,17,sub-017_ses-01_task-szMonitoring_run-04,12.612833976745605,0.09086248651146889,0.0
0,17,sub-017_ses-01_task-szMonitoring_run-04,16.441078186035156,0.10904428362846375,0.0
0,17,sub-017_ses-01_task-szMonitoring_run-04,9.739775657653809,0.05965295433998108,0.0
0,17,sub-017_ses-01_task-szMonitoring_run-04,6.760753154754639,0.10237567126750946,0.0
0,17,sub-017_ses-01_task-szMonitoring_run-04,29.871841430664062,0.056121498346328735,0.0
0,17,sub-017_ses-01_task-szMonitoring_run-04,22.264360427856445,0.05199819803237915,0.0
0,17,sub-017_ses-01_task-szMonitoring_run-04,14.57397174835205,0.07160142809152603,0.0
0,17,sub-017_ses-01_task-szMonitoring_run-04,21.717906951904297,0.07032511383295059,0.0
0,17,sub-017_ses-01_task-szMonitoring_run-04,10.709127426147461,0.09498196095228195,0.0
0,17,sub-017_ses-01_task-szMonitoring_run-04,12.540270805358887,0.061528243124485016,0.0
0,17,sub-017_ses-01_task-szMonitoring_run-05,9.247332572937012,0.05460619926452637,0.0
0,17,sub-017_ses-01_task-szMonitoring_run-06,6.568937301635742,0.12017248570919037,0.0
0,17,sub-017_ses-01_task-szMonitoring_run-06,26.472442626953125,0.10327330231666565,0.0
0,17,sub-017_ses-01_task-szMonitoring_run-06,28.79460906982422,0.12147302180528641,0.0
0,17,sub-017_ses-01_task-szMonitoring_run-06,58.45760726928711,0.06140032783150673,0.0
0,17,sub-017_ses-01_task-szMonitoring_run-06,8.441898345947266,0.10661917924880981,0.0
0,17,sub-017_ses-01_task-szMonitoring_run-06,14.428126335144043,0.04915513098239899,0.0
0,17,sub-017_ses-01_task-szMonitoring_run-06,21.30170440673828,0.10730576515197754,0.0
0,17,sub-017_ses-01_task-szMonitoring_run-06,26.940500259399414,0.07908758148550987,0.0
0,17,sub-017_ses-01_task-szMonitoring_run-06,14.240551948547363,0.09883761405944824,0.0
0,17,sub-017_ses-01_task-szMonitoring_run-06,14.967109680175781,0.09887199103832245,0.0
0,17,sub-017_ses-01_task-szMonitoring_run-06,16.558870315551758,0.10949233919382095,0.0
0,17,sub-017_ses-01_task-szMonitoring_run-06,5.6043701171875,0.10378348082304001,0.0
0,17,sub-017_ses-01_task-szMonitoring_run-06,35.36389923095703,0.08374893292784691,0.0
0,17,sub-017_ses-01_task-szMonitoring_run-06,25.90081787109375,0.11648242920637131,0.0
0,17,sub-017_ses-01_task-szMonitoring_run-06,12.959117889404297,0.09593047946691513,0.0
0,17,sub-017_ses-01_task-szMonitoring_run-06,6.121583461761475,0.11202175915241241,0.0
0,17,sub-017_ses-01_task-szMonitoring_run-08,7.02907657623291,0.07973164319992065,0.0
0,17,sub-017_ses-01_task-szMonitoring_run-08,39.03696060180664,0.04776039719581604,0.0
0,17,sub-017_ses-01_task-szMonitoring_run-08,11.304884910583496,0.07911509275436401,0.0
0,17,sub-017_ses-01_task-szMonitoring_run-08,25.764944076538086,0.051631130278110504,0.0
0,17,sub-017_ses-01_task-szMonitoring_run-08,28.368446350097656,0.05150911211967468,0.0
0,17,sub-017_ses-01_task-szMonitoring_run-08,35.166595458984375,0.047880083322525024,0.0
0,17,sub-017_ses-01_task-szMonitoring_run-08,8.564303398132324,0.1872108019888401,0.0
0,17,sub-017_ses-01_task-szMonitoring_run-08,20.369342803955078,0.09987230598926544,0.0
0,17,sub-017_ses-01_task-szMonitoring_run-08,38.767578125,0.10623972862958908,0.0
0,17,sub-017_ses-01_task-szMonitoring_run-08,7.450507640838623,0.07229110598564148,0.0
0,17,sub-017_ses-01_task-szMonitoring_run-08,30.01513671875,0.06793743371963501,0.0
0,17,sub-017_ses-01_task-szMonitoring_run-08,38.503902435302734,0.04682108014822006,0.0
0,17,sub-017_ses-01_task-szMonitoring_run-08,28.30647087097168,0.05695071816444397,0.0
0,17,sub-017_ses-01_task-szMonitoring_run-08,10.365216255187988,0.16803935542702675,0.0
0,17,sub-017_ses-01_task-szMonitoring_run-08,23.743906021118164,0.05261719226837158,0.0
0,17,sub-017_ses-01_task-szMonitoring_run-08,25.04082679748535,0.10198350995779037,0.0
0,17,sub-017_ses-01_task-szMonitoring_run-08,34.52505111694336,0.054985810071229935,0.0
0,17,sub-017_ses-01_task-szMonitoring_run-08,27.83903694152832,0.08448225259780884,0.0
0,17,sub-017_ses-01_task-szMonitoring_run-08,8.847509384155273,0.13267918676137924,0.0
0,17,sub-017_ses-01_task-szMonitoring_run-08,35.81376647949219,0.06342797726392746,0.0
0,17,sub-017_ses-01_task-szMonitoring_run-08,40.63119125366211,0.102439284324646,0.0
0,17,sub-017_ses-01_task-szMonitoring_run-08,30.35763931274414,0.08970744907855988,0.0
0,17,sub-017_ses-01_task-szMonitoring_run-10,23.209253311157227,0.17309486865997314,0.0
0,17,sub-017_ses-01_task-szMonitoring_run-10,16.805580139160156,0.11873660981655121,0.0
0,17,sub-017_ses-01_task-szMonitoring_run-10,27.816293716430664,0.0954977311193943,0.0
0,17,sub-017_ses-01_task-szMonitoring_run-10,11.92600154876709,0.09804370254278183,0.0
0,17,sub-017_ses-01_task-szMonitoring_run-10,47.01328659057617,0.0649217739701271,0.0
0,17,sub-017_ses-01_task-szMonitoring_run-10,39.998870849609375,0.06479858979582787,0.0
0,17,sub-017_ses-01_task-szMonitoring_run-10,25.056364059448242,0.12039787322282791,0.0
0,17,sub-017_ses-01_task-szMonitoring_run-10,33.42412567138672,0.0898260548710823,0.0
0,17,sub-017_ses-01_task-szMonitoring_run-10,38.35774612426758,0.053101591765880585,0.0
0,17,sub-017_ses-01_task-szMonitoring_run-10,39.71831130981445,0.14152736216783524,0.0
0,18,sub-018_ses-01_task-szMonitoring_run-01,9.263411521911621,0.07445919513702393,0.0
0,18,sub-018_ses-01_task-szMonitoring_run-01,19.608455657958984,0.07306360453367233,0.0
0,18,sub-018_ses-01_task-szMonitoring_run-01,5.540807247161865,0.08564528822898865,0.0
0,18,sub-018_ses-01_task-szMonitoring_run-01,11.151069641113281,0.09939314052462578,0.0
0,18,sub-018_ses-01_task-szMonitoring_run-01,36.88778305053711,0.07104360312223434,0.0
0,18,sub-018_ses-01_task-szMonitoring_run-01,5.642666339874268,0.16255122423171997,0.0
0,18,sub-018_ses-01_task-szMonitoring_run-01,26.578216552734375,0.16463305056095123,0.0
0,18,sub-018_ses-01_task-szMonitoring_run-01,37.18313217163086,0.0712687075138092,0.0
0,18,sub-018_ses-01_task-szMonitoring_run-01,5.300867557525635,0.13372722268104553,0.0
0,18,sub-018_ses-01_task-szMonitoring_run-02,10.938737869262695,0.09165821224451065,0.0
1,18,sub-018_ses-01_task-szMonitoring_run-03,8.220563888549805,0.07070469111204147,0.0
1,18,sub-018_ses-01_task-szMonitoring_run-03,8.934986114501953,0.0699264332652092,0.0
1,18,sub-018_ses-01_task-szMonitoring_run-03,8.565337181091309,0.06992585957050323,0.0
0,18,sub-018_ses-01_task-szMonitoring_run-03,5.649597644805908,0.05965391546487808,0.0
0,18,sub-018_ses-01_task-szMonitoring_run-03,22.046125411987305,0.14007112383842468,0.0
0,18,sub-018_ses-01_task-szMonitoring_run-03,7.586301803588867,0.06459883600473404,0.0
0,18,sub-018_ses-01_task-szMonitoring_run-03,20.847715377807617,0.07920252531766891,0.0
0,18,sub-018_ses-01_task-szMonitoring_run-03,15.285442352294922,0.08050639927387238,0.0
0,18,sub-018_ses-01_task-szMonitoring_run-03,10.119543075561523,0.12113659083843231,0.0
0,18,sub-018_ses-01_task-szMonitoring_run-03,24.10369300842285,0.07795047760009766,0.0
0,18,sub-018_ses-01_task-szMonitoring_run-03,16.56399154663086,0.10955154895782471,0.0
0,18,sub-018_ses-01_task-szMonitoring_run-03,8.578791618347168,0.14175944030284882,0.0
0,18,sub-018_ses-01_task-szMonitoring_run-03,40.1137809753418,0.0651438757777214,0.0
0,18,sub-018_ses-01_task-szMonitoring_run-03,42.170997619628906,0.06410222500562668,0.0
0,18,sub-018_ses-01_task-szMonitoring_run-04,7.072314739227295,0.06512665748596191,0.0
0,18,sub-018_ses-01_task-szMonitoring_run-04,4.886415958404541,0.0651845932006836,0.0
0,18,sub-018_ses-01_task-szMonitoring_run-04,5.068262577056885,0.0701119564473629,0.0
0,18,sub-018_ses-01_task-szMonitoring_run-04,4.440721035003662,0.07217675447463989,0.0
0,18,sub-018_ses-01_task-szMonitoring_run-04,32.17662811279297,0.07243812084197998,0.0
0,18,sub-018_ses-01_task-szMonitoring_run-05,11.125748634338379,0.07080348208546638,0.0
0,18,sub-018_ses-01_task-szMonitoring_run-06,5.78283166885376,0.07667164504528046,0.0
0,18,sub-018_ses-01_task-szMonitoring_run-06,6.376570224761963,0.0920572429895401,0.0
0,18,sub-018_ses-01_task-szMonitoring_run-06,5.874772071838379,0.06762118637561798,0.0
0,18,sub-018_ses-01_task-szMonitoring_run-06,62.10927963256836,0.06814580410718918,0.0
0,18,sub-018_ses-01_task-szMonitoring_run-06,35.245277404785156,0.06926525384187698,0.0
0,18,sub-018_ses-01_task-szMonitoring_run-06,9.328357696533203,0.1714041531085968,0.0
0,18,sub-018_ses-01_task-szMonitoring_run-06,10.097668647766113,0.05923624336719513,0.0
0,18,sub-018_ses-01_task-szMonitoring_run-06,6.649519920349121,0.0937754437327385,0.0
0,18,sub-018_ses-01_task-szMonitoring_run-06,21.106218338012695,0.06822484731674194,0.0
0,18,sub-018_ses-01_task-szMonitoring_run-06,43.81515884399414,0.061729028820991516,0.0
0,18,sub-018_ses-01_task-szMonitoring_run-06,46.18803405761719,0.05812535434961319,0.0
0,18,sub-018_ses-01_task-szMonitoring_run-07,25.042621612548828,0.07596302032470703,0.0
0,18,sub-018_ses-01_task-szMonitoring_run-08,14.787582397460938,0.060910046100616455,0.0
0,18,sub-018_ses-01_task-szMonitoring_run-08,11.010614395141602,0.07000076770782471,0.0
0,18,sub-018_ses-01_task-szMonitoring_run-08,7.188307762145996,0.11687411367893219,0.0
0,18,sub-018_ses-01_task-szMonitoring_run-08,20.153682708740234,0.11655253916978836,0.0
0,18,sub-018_ses-01_task-szMonitoring_run-08,5.25105094909668,0.12647947669029236,0.0
0,18,sub-018_ses-01_task-szMonitoring_run-08,11.436519622802734,0.1499391719698906,0.0
0,18,sub-018_ses-01_task-szMonitoring_run-08,5.407233715057373,0.09536349773406982,0.0
0,18,sub-018_ses-01_task-szMonitoring_run-08,20.431461334228516,0.07284437865018845,0.0
0,18,sub-018_ses-01_task-szMonitoring_run-08,4.666789531707764,0.09175603836774826,0.0
0,18,sub-018_ses-01_task-szMonitoring_run-09,14.546622276306152,0.07228121161460876,0.0
0,18,sub-018_ses-01_task-szMonitoring_run-09,23.675220489501953,0.07248211652040482,0.0
0,18,sub-018_ses-01_task-szMonitoring_run-09,20.117807388305664,0.060555122792720795,0.0
0,18,sub-018_ses-01_task-szMonitoring_run-10,4.090950965881348,0.10914209112524986,0.0
0,18,sub-018_ses-01_task-szMonitoring_run-10,17.347675323486328,0.07139242440462112,0.0
0,18,sub-018_ses-01_task-szMonitoring_run-10,5.156756401062012,0.08041924238204956,0.0
0,18,sub-018_ses-01_task-szMonitoring_run-10,20.174209594726562,0.06602853536605835,0.0
0,18,sub-018_ses-01_task-szMonitoring_run-10,5.165950775146484,0.09203540533781052,0.0
0,18,sub-018_ses-01_task-szMonitoring_run-10,15.296113967895508,0.07201917096972466,0.0
0,18,sub-018_ses-01_task-szMonitoring_run-10,6.8674798011779785,0.1260444074869156,0.0
0,18,sub-018_ses-01_task-szMonitoring_run-10,7.694470405578613,0.06067567318677902,0.0
0,18,sub-018_ses-01_task-szMonitoring_run-10,23.2214412689209,0.06830543279647827,0.0
0,18,sub-018_ses-01_task-szMonitoring_run-10,4.855332851409912,0.08765174075961113,0.0
0,18,sub-018_ses-01_task-szMonitoring_run-10,4.839110374450684,0.11122730374336243,0.0
0,18,sub-018_ses-01_task-szMonitoring_run-10,6.050573348999023,0.1361234486103058,0.0
0,18,sub-018_ses-01_task-szMonitoring_run-10,4.666217803955078,0.09529662132263184,0.0
0,18,sub-018_ses-01_task-szMonitoring_run-10,4.441525459289551,0.09173518419265747,0.0
0,18,sub-018_ses-01_task-szMonitoring_run-10,4.179263114929199,0.08353772014379501,0.0
0,18,sub-018_ses-01_task-szMonitoring_run-10,4.6985578536987305,0.12394332140684128,0.0
0,18,sub-018_ses-01_task-szMonitoring_run-10,3.8142387866973877,0.10601206123828888,0.0
0,18,sub-018_ses-01_task-szMonitoring_run-10,4.458348751068115,0.0847012922167778,0.0
0,19,sub-019_ses-01_task-szMonitoring_run-01,9.267431259155273,0.07973027229309082,0.0
0,19,sub-019_ses-01_task-szMonitoring_run-01,96.60292053222656,0.12055991590023041,0.0
0,19,sub-019_ses-01_task-szMonitoring_run-01,33.967140197753906,0.06593646854162216,0.0
0,19,sub-019_ses-01_task-szMonitoring_run-01,23.422954559326172,0.0906582847237587,0.0
0,19,sub-019_ses-01_task-szMonitoring_run-01,6.02462100982666,0.09356794133782387,0.0
0,19,sub-019_ses-01_task-szMonitoring_run-01,8.44760799407959,0.09081719815731049,0.0
0,19,sub-019_ses-01_task-szMonitoring_run-01,9.164263725280762,0.07870150357484818,0.0
0,19,sub-019_ses-01_task-szMonitoring_run-01,6.364715576171875,0.13314670324325562,0.0
0,19,sub-019_ses-01_task-szMonitoring_run-01,3.387089252471924,0.20727364718914032,0.0
0,19,sub-019_ses-01_task-szMonitoring_run-01,11.147903442382812,0.11902452260255814,0.0
0,19,sub-019_ses-01_task-szMonitoring_run-01,4.988932132720947,0.36940712109208107,0.0
0,19,sub-019_ses-01_task-szMonitoring_run-01,11.253789901733398,0.11900859326124191,0.0
0,19,sub-019_ses-01_task-szMonitoring_run-01,25.993309020996094,0.04930137097835541,0.0
0,19,sub-019_ses-01_task-szMonitoring_run-02,12.938908576965332,0.11588586866855621,0.0
0,19,sub-019_ses-01_task-szMonitoring_run-03,12.54641342163086,0.06624069064855576,0.0
0,19,sub-019_ses-01_task-szMonitoring_run-03,9.752972602844238,0.061867550015449524,0.0
0,19,sub-019_ses-01_task-szMonitoring_run-03,24.854801177978516,0.07503221184015274,0.0
0,19,sub-019_ses-01_task-szMonitoring_run-03,17.110637664794922,0.10866674780845642,0.0
0,19,sub-019_ses-01_task-szMonitoring_run-03,7.50639533996582,0.07437130808830261,0.0
0,19,sub-019_ses-01_task-szMonitoring_run-03,10.165977478027344,0.14245747029781342,0.0
0,19,sub-019_ses-01_task-szMonitoring_run-03,8.980332374572754,0.06935936957597733,0.0
0,19,sub-019_ses-01_task-szMonitoring_run-03,13.717772483825684,0.06640276312828064,0.0
0,19,sub-019_ses-01_task-szMonitoring_run-03,10.065404891967773,0.1277785450220108,0.0
0,19,sub-019_ses-01_task-szMonitoring_run-03,11.829483985900879,0.07532624900341034,0.0
0,19,sub-019_ses-01_task-szMonitoring_run-03,15.426867485046387,0.11186160147190094,0.0
0,19,sub-019_ses-01_task-szMonitoring_run-03,10.070234298706055,0.10228487104177475,0.0
0,19,sub-019_ses-01_task-szMonitoring_run-03,10.489572525024414,0.08827097713947296,0.0
0,19,sub-019_ses-01_task-szMonitoring_run-03,12.401145935058594,0.0760156661272049,0.0
0,19,sub-019_ses-01_task-szMonitoring_run-03,7.858652591705322,0.08510998636484146,0.0
0,19,sub-019_ses-01_task-szMonitoring_run-03,6.880435943603516,0.106957346200943,0.0
0,19,sub-019_ses-01_task-szMonitoring_run-05,28.085975646972656,0.13808470219373703,0.0
0,19,sub-019_ses-01_task-szMonitoring_run-05,29.87230110168457,0.08808901906013489,0.0
0,19,sub-019_ses-01_task-szMonitoring_run-05,9.380699157714844,0.13208472356200218,0.0
0,19,sub-019_ses-01_task-szMonitoring_run-05,10.672225952148438,0.0848444327712059,0.0
0,19,sub-019_ses-01_task-szMonitoring_run-05,4.866126537322998,0.17425472289323807,0.0
0,19,sub-019_ses-01_task-szMonitoring_run-05,6.2203049659729,0.12402275204658508,0.0
0,19,sub-019_ses-01_task-szMonitoring_run-05,16.233518600463867,0.10022328794002533,0.0
0,19,sub-019_ses-01_task-szMonitoring_run-05,4.8472208976745605,0.17622961103916168,0.0
0,19,sub-019_ses-01_task-szMonitoring_run-05,7.009478569030762,0.15659231692552567,0.0
0,19,sub-019_ses-01_task-szMonitoring_run-05,6.036367416381836,0.1463405191898346,0.0
0,19,sub-019_ses-01_task-szMonitoring_run-05,29.201473236083984,0.0883151963353157,0.0
0,19,sub-019_ses-01_task-szMonitoring_run-05,7.9650163650512695,0.1290297843515873,0.0
0,19,sub-019_ses-01_task-szMonitoring_run-05,19.069400787353516,0.1287739872932434,0.0
0,19,sub-019_ses-01_task-szMonitoring_run-05,7.262372016906738,0.08929196372628212,0.0
0,19,sub-019_ses-01_task-szMonitoring_run-05,13.19373893737793,0.1155468225479126,0.0
0,19,sub-019_ses-01_task-szMonitoring_run-05,13.906486511230469,0.08040075749158859,0.0
0,19,sub-019_ses-01_task-szMonitoring_run-05,4.494375705718994,0.13812528178095818,0.0
0,19,sub-019_ses-01_task-szMonitoring_run-05,6.154982566833496,0.10590622201561928,0.0
0,19,sub-019_ses-01_task-szMonitoring_run-06,0.0,0.0,1.0
0,19,sub-019_ses-01_task-szMonitoring_run-06,0.0,0.0,1.0
0,19,sub-019_ses-01_task-szMonitoring_run-06,0.0,0.0,1.0
1,19,sub-019_ses-01_task-szMonitoring_run-07,9.489641189575195,0.0855487585067749,0.0
1,19,sub-019_ses-01_task-szMonitoring_run-07,8.04342269897461,0.10100449621677399,0.0
1,19,sub-019_ses-01_task-szMonitoring_run-07,8.317449569702148,0.09738419204950333,0.0
1,19,sub-019_ses-01_task-szMonitoring_run-07,9.550009727478027,0.08436283469200134,0.0
1,19,sub-019_ses-01_task-szMonitoring_run-07,9.110234260559082,0.08885285258293152,0.0
1,19,sub-019_ses-01_task-szMonitoring_run-07,8.518745422363281,0.09054519236087799,0.0
1,19,sub-019_ses-01_task-szMonitoring_run-07,9.389375686645508,0.08765656501054764,0.0
1,19,sub-019_ses-01_task-szMonitoring_run-07,7.799459934234619,0.10549560934305191,0.0
1,19,sub-019_ses-01_task-szMonitoring_run-07,7.561504364013672,0.10734294354915619,0.0
0,19,sub-019_ses-01_task-szMonitoring_run-07,20.527982711791992,0.0896996483206749,0.0
0,19,sub-019_ses-01_task-szMonitoring_run-07,28.998027801513672,0.059659894555807114,0.0
0,19,sub-019_ses-01_task-szMonitoring_run-07,7.768743991851807,0.2301807813346386,0.0
0,19,sub-019_ses-01_task-szMonitoring_run-07,24.994712829589844,0.10750523209571838,0.0
0,19,sub-019_ses-01_task-szMonitoring_run-07,7.334751129150391,0.1259767711162567,0.0
0,19,sub-019_ses-01_task-szMonitoring_run-07,21.832046508789062,0.0874817743897438,0.0
0,19,sub-019_ses-01_task-szMonitoring_run-07,7.631840229034424,0.22705692425370216,0.0
0,19,sub-019_ses-01_task-szMonitoring_run-07,10.57803726196289,0.07480726018548012,0.0
0,19,sub-019_ses-01_task-szMonitoring_run-07,6.0155930519104,0.18744751065969467,0.0
0,19,sub-019_ses-01_task-szMonitoring_run-07,7.6116251945495605,0.2260950580239296,0.0
0,19,sub-019_ses-01_task-szMonitoring_run-07,20.64495849609375,0.11857575178146362,0.0
0,19,sub-019_ses-01_task-szMonitoring_run-07,10.28201675415039,0.05848170071840286,0.0
0,19,sub-019_ses-01_task-szMonitoring_run-07,32.20024108886719,0.06571721285581589,0.0
0,19,sub-019_ses-01_task-szMonitoring_run-07,18.51763916015625,0.0993187353014946,0.0
0,19,sub-019_ses-01_task-szMonitoring_run-07,7.425431728363037,0.1737537682056427,0.0
0,19,sub-019_ses-01_task-szMonitoring_run-08,9.668566703796387,0.13050249218940735,0.0
0,19,sub-019_ses-01_task-szMonitoring_run-08,8.783732414245605,0.15177350491285324,0.0
0,19,sub-019_ses-01_task-szMonitoring_run-09,11.628097534179688,0.1817254237830639,0.0
0,19,sub-019_ses-01_task-szMonitoring_run-09,19.022815704345703,0.1185462586581707,0.0
0,19,sub-019_ses-01_task-szMonitoring_run-09,17.4506778717041,0.10452153533697128,0.0
0,19,sub-019_ses-01_task-szMonitoring_run-09,13.17091178894043,0.1289111003279686,0.0
0,19,sub-019_ses-01_task-szMonitoring_run-09,16.567485809326172,0.10462715104222298,0.0
0,19,sub-019_ses-01_task-szMonitoring_run-09,26.913991928100586,0.14095905423164368,0.0
0,19,sub-019_ses-01_task-szMonitoring_run-09,19.321443557739258,0.07569246739149094,0.0
0,19,sub-019_ses-01_task-szMonitoring_run-09,17.91423988342285,0.05944455787539482,0.0
0,19,sub-019_ses-01_task-szMonitoring_run-09,56.68193817138672,0.10124339163303375,0.0
0,20,sub-020_ses-01_task-szMonitoring_run-01,12.962526321411133,0.055594220757484436,0.0
0,20,sub-020_ses-01_task-szMonitoring_run-01,16.45871353149414,0.04714705049991608,0.0
0,20,sub-020_ses-01_task-szMonitoring_run-01,13.724729537963867,0.054663270711898804,0.0
0,20,sub-020_ses-01_task-szMonitoring_run-01,22.55278778076172,0.13161275535821915,0.0
0,20,sub-020_ses-01_task-szMonitoring_run-01,17.43972396850586,0.09276223927736282,0.0
0,20,sub-020_ses-01_task-szMonitoring_run-01,76.8571548461914,0.08444298803806305,0.0
0,20,sub-020_ses-01_task-szMonitoring_run-01,17.23349952697754,0.04461181163787842,0.0
0,20,sub-020_ses-01_task-szMonitoring_run-01,32.222835540771484,0.07472282648086548,0.0
0,20,sub-020_ses-01_task-szMonitoring_run-01,27.138206481933594,0.0880039632320404,0.0
0,20,sub-020_ses-01_task-szMonitoring_run-01,6.157909393310547,0.06609764695167542,0.0
0,20,sub-020_ses-01_task-szMonitoring_run-01,6.443049907684326,0.05518592894077301,0.0
0,20,sub-020_ses-01_task-szMonitoring_run-01,8.149988174438477,0.0981760174036026,0.0
0,20,sub-020_ses-01_task-szMonitoring_run-01,17.206388473510742,0.07632525265216827,0.0
0,20,sub-020_ses-01_task-szMonitoring_run-02,13.954111099243164,0.06391654908657074,0.0
0,20,sub-020_ses-01_task-szMonitoring_run-02,15.707990646362305,0.08036670833826065,0.0
0,20,sub-020_ses-01_task-szMonitoring_run-02,10.279317855834961,0.06901035457849503,0.0
0,20,sub-020_ses-01_task-szMonitoring_run-03,19.046218872070312,0.1095685362815857,0.0
0,20,sub-020_ses-01_task-szMonitoring_run-03,26.35443687438965,0.1294889599084854,0.0
0,20,sub-020_ses-01_task-szMonitoring_run-03,41.89107894897461,0.0687563568353653,0.0
0,20,sub-020_ses-01_task-szMonitoring_run-03,27.045494079589844,0.09574028849601746,0.0
0,20,sub-020_ses-01_task-szMonitoring_run-03,24.226848602294922,0.07604105770587921,0.0
0,20,sub-020_ses-01_task-szMonitoring_run-03,14.429475784301758,0.05689243972301483,0.0
0,20,sub-020_ses-01_task-szMonitoring_run-03,14.206443786621094,0.05817750096321106,0.0
0,20,sub-020_ses-01_task-szMonitoring_run-03,30.8131046295166,0.11126083880662918,0.0
0,20,sub-020_ses-01_task-szMonitoring_run-03,28.52705192565918,0.09465187788009644,0.0
0,20,sub-020_ses-01_task-szMonitoring_run-03,25.512184143066406,0.10293428599834442,0.0
0,20,sub-020_ses-01_task-szMonitoring_run-03,59.8014030456543,0.09753153473138809,0.0
0,20,sub-020_ses-01_task-szMonitoring_run-03,26.02372169494629,0.07889222353696823,0.0
0,20,sub-020_ses-01_task-szMonitoring_run-03,24.559160232543945,0.09857997298240662,0.0
0,20,sub-020_ses-01_task-szMonitoring_run-03,31.637680053710938,0.053686030209064484,0.0
0,20,sub-020_ses-01_task-szMonitoring_run-04,133.65859985351562,0.055904321372509,0.0
0,20,sub-020_ses-01_task-szMonitoring_run-04,104.3369369506836,0.0797281414270401,0.0
1,20,sub-020_ses-01_task-szMonitoring_run-05,9.317757606506348,0.11241260915994644,0.0
1,20,sub-020_ses-01_task-szMonitoring_run-05,8.896330833435059,0.11137750744819641,0.0
1,20,sub-020_ses-01_task-szMonitoring_run-05,9.297406196594238,0.11166597157716751,0.0
1,20,sub-020_ses-01_task-szMonitoring_run-05,8.857522010803223,0.11210539191961288,0.0
1,20,sub-020_ses-01_task-szMonitoring_run-05,18.729047775268555,0.11752524971961975,0.0
1,20,sub-020_ses-01_task-szMonitoring_run-05,20.119239807128906,0.11471599340438843,0.0
0,20,sub-020_ses-01_task-szMonitoring_run-05,14.853067398071289,0.17256176844239235,0.0
0,20,sub-020_ses-01_task-szMonitoring_run-05,28.558626174926758,0.10427147150039673,0.0
0,20,sub-020_ses-01_task-szMonitoring_run-05,25.808670043945312,0.06674059480428696,0.0
0,20,sub-020_ses-01_task-szMonitoring_run-05,26.194339752197266,0.10778924822807312,0.0
0,20,sub-020_ses-01_task-szMonitoring_run-05,61.03560256958008,0.09451813995838165,0.0
0,20,sub-020_ses-01_task-szMonitoring_run-05,26.80436897277832,0.07024587690830231,0.0
0,20,sub-020_ses-01_task-szMonitoring_run-05,97.14532470703125,0.08542977273464203,0.0
0,20,sub-020_ses-01_task-szMonitoring_run-05,43.724117279052734,0.08438178151845932,0.0
0,20,sub-020_ses-01_task-szMonitoring_run-05,22.887649536132812,0.07478129118680954,0.0
0,20,sub-020_ses-01_task-szMonitoring_run-05,24.27130699157715,0.06794159859418869,0.0
0,20,sub-020_ses-01_task-szMonitoring_run-05,43.278602600097656,0.07870790362358093,0.0
0,20,sub-020_ses-01_task-szMonitoring_run-05,28.52170181274414,0.06345757842063904,0.0
0,20,sub-020_ses-01_task-szMonitoring_run-07,85.13304138183594,0.06687086820602417,0.0
0,20,sub-020_ses-01_task-szMonitoring_run-07,46.20964050292969,0.05913180857896805,0.0
0,20,sub-020_ses-01_task-szMonitoring_run-07,34.78789138793945,0.13958202302455902,0.0
0,20,sub-020_ses-01_task-szMonitoring_run-07,83.58421325683594,0.03357920050621033,0.0
0,20,sub-020_ses-01_task-szMonitoring_run-07,130.367431640625,0.05014919489622116,0.0
0,20,sub-020_ses-01_task-szMonitoring_run-07,125.2468490600586,0.03900426626205444,0.0
0,20,sub-020_ses-01_task-szMonitoring_run-07,85.8978500366211,0.032010242342948914,0.0
0,20,sub-020_ses-01_task-szMonitoring_run-07,55.60443878173828,0.04535403102636337,0.0
0,20,sub-020_ses-01_task-szMonitoring_run-07,42.60552215576172,0.13334878534078598,0.0
0,20,sub-020_ses-01_task-szMonitoring_run-07,42.631202697753906,0.04291072487831116,0.0
0,20,sub-020_ses-01_task-szMonitoring_run-08,148.6112518310547,0.07873330265283585,0.0
0,20,sub-020_ses-01_task-szMonitoring_run-09,13.63045597076416,0.10428418964147568,0.0
0,20,sub-020_ses-01_task-szMonitoring_run-09,37.8970947265625,0.06242448091506958,0.0
0,20,sub-020_ses-01_task-szMonitoring_run-09,36.03340148925781,0.04711370915174484,0.0
0,20,sub-020_ses-01_task-szMonitoring_run-09,18.67763328552246,0.046465203166007996,0.0
0,20,sub-020_ses-01_task-szMonitoring_run-09,35.19917678833008,0.0783466100692749,0.0
0,20,sub-020_ses-01_task-szMonitoring_run-09,36.25674057006836,0.04667902737855911,0.0
0,20,sub-020_ses-01_task-szMonitoring_run-09,10.353341102600098,0.051692768931388855,0.0
0,20,sub-020_ses-01_task-szMonitoring_run-09,7.704307556152344,0.11698412895202637,0.0
0,20,sub-020_ses-01_task-szMonitoring_run-09,14.348285675048828,0.053366146981716156,0.0
0,20,sub-020_ses-01_task-szMonitoring_run-09,22.367048263549805,0.08353841304779053,0.0
0,20,sub-020_ses-01_task-szMonitoring_run-09,7.402919292449951,0.13078033924102783,0.0
1,21,sub-021_ses-01_task-szMonitoring_run-01,31.009634017944336,0.063550665974617,0.0
1,21,sub-021_ses-01_task-szMonitoring_run-01,32.219337463378906,0.062114253640174866,0.0
1,21,sub-021_ses-01_task-szMonitoring_run-01,30.63694953918457,0.06492428481578827,0.0
1,21,sub-021_ses-01_task-szMonitoring_run-01,29.623926162719727,0.06132941693067551,0.0
1,21,sub-021_ses-01_task-szMonitoring_run-01,29.56723976135254,0.06896482408046722,0.0
1,21,sub-021_ses-01_task-szMonitoring_run-01,29.761463165283203,0.06977497413754463,0.0
0,21,sub-021_ses-01_task-szMonitoring_run-01,31.973718643188477,0.05918923020362854,0.0
0,21,sub-021_ses-01_task-szMonitoring_run-01,41.55708694458008,0.07389969378709793,0.0
0,21,sub-021_ses-01_task-szMonitoring_run-02,32.50442886352539,0.07074704766273499,0.0
0,21,sub-021_ses-01_task-szMonitoring_run-02,6.356969356536865,0.05734909325838089,0.0
0,21,sub-021_ses-01_task-szMonitoring_run-02,41.268272399902344,0.06499253213405609,0.0
0,21,sub-021_ses-01_task-szMonitoring_run-02,10.240640640258789,0.1345594860613346,0.0
0,21,sub-021_ses-01_task-szMonitoring_run-02,39.29201889038086,0.06803178787231445,0.0
0,21,sub-021_ses-01_task-szMonitoring_run-02,4.918456077575684,0.06273215264081955,0.0
0,21,sub-021_ses-01_task-szMonitoring_run-02,12.573897361755371,0.07651525735855103,0.0
0,21,sub-021_ses-01_task-szMonitoring_run-02,11.856084823608398,0.07641798257827759,0.0
0,21,sub-021_ses-01_task-szMonitoring_run-03,66.32307434082031,0.06985286623239517,0.0
0,21,sub-021_ses-01_task-szMonitoring_run-03,11.765458106994629,0.07213610410690308,0.0
1,21,sub-021_ses-01_task-szMonitoring_run-04,19.140920639038086,0.12202173471450806,0.0
1,21,sub-021_ses-01_task-szMonitoring_run-04,64.48052215576172,0.04638198763132095,0.0
1,21,sub-021_ses-01_task-szMonitoring_run-04,66.40516662597656,0.04892681539058685,0.0
1,21,sub-021_ses-01_task-szMonitoring_run-04,65.6680679321289,0.045937180519104004,0.0
1,21,sub-021_ses-01_task-szMonitoring_run-04,55.05531692504883,0.05484475940465927,0.0
1,21,sub-021_ses-01_task-szMonitoring_run-04,68.77330780029297,0.04842542111873627,0.0
1,21,sub-021_ses-01_task-szMonitoring_run-04,17.983484268188477,0.12805460765957832,0.0
1,21,sub-021_ses-01_task-szMonitoring_run-04,18.84752655029297,0.11862105876207352,0.0
1,21,sub-021_ses-01_task-szMonitoring_run-04,19.216957092285156,0.12090091779828072,0.0
1,21,sub-021_ses-01_task-szMonitoring_run-04,67.67060089111328,0.04658193141222,0.0
1,21,sub-021_ses-01_task-szMonitoring_run-04,60.86629867553711,0.051536113023757935,0.0
1,21,sub-021_ses-01_task-szMonitoring_run-04,16.60373306274414,0.04880039393901825,0.0
1,21,sub-021_ses-01_task-szMonitoring_run-04,20.61202049255371,0.12904859334230423,0.0
1,21,sub-021_ses-01_task-szMonitoring_run-04,21.112375259399414,0.11296960338950157,0.0
1,21,sub-021_ses-01_task-szMonitoring_run-04,63.70948028564453,0.048298969864845276,0.0
1,21,sub-021_ses-01_task-szMonitoring_run-04,64.75186157226562,0.04640497267246246,0.0
1,21,sub-021_ses-01_task-szMonitoring_run-04,63.24565505981445,0.05025142431259155,0.0
0,21,sub-021_ses-01_task-szMonitoring_run-04,10.0712308883667,0.0835176333785057,0.0
0,21,sub-021_ses-01_task-szMonitoring_run-04,23.910350799560547,0.04412996023893356,0.0
0,21,sub-021_ses-01_task-szMonitoring_run-04,27.535898208618164,0.049850113689899445,0.0
0,21,sub-021_ses-01_task-szMonitoring_run-04,16.3510684967041,0.09877390041947365,0.0
0,21,sub-021_ses-01_task-szMonitoring_run-04,13.797551155090332,0.07459785789251328,0.0
0,21,sub-021_ses-01_task-szMonitoring_run-04,44.848716735839844,0.05469849705696106,0.0
0,21,sub-021_ses-01_task-szMonitoring_run-04,33.72403335571289,0.061248429119586945,0.0
0,21,sub-021_ses-01_task-szMonitoring_run-04,6.507694721221924,0.1900959052145481,0.0
0,21,sub-021_ses-01_task-szMonitoring_run-04,25.078861236572266,0.06570876389741898,0.0
0,21,sub-021_ses-01_task-szMonitoring_run-05,3.6373119354248047,0.2782195135951042,0.25555555555555554
0,21,sub-021_ses-01_task-szMonitoring_run-06,36.10063552856445,0.061816874891519547,0.0
0,21,sub-021_ses-01_task-szMonitoring_run-06,10.14855670928955,0.08898823708295822,0.0
0,21,sub-021_ses-01_task-szMonitoring_run-06,41.22755813598633,0.06375990435481071,0.0
0,21,sub-021_ses-01_task-szMonitoring_run-06,15.962268829345703,0.06020885705947876,0.0
0,21,sub-021_ses-01_task-szMonitoring_run-06,10.867758750915527,0.10465802997350693,0.0
0,21,sub-021_ses-01_task-szMonitoring_run-06,25.80430793762207,0.06420236825942993,0.0
0,21,sub-021_ses-01_task-szMonitoring_run-06,38.68473434448242,0.04869160056114197,0.0
0,21,sub-021_ses-01_task-szMonitoring_run-06,18.491344451904297,0.041177719831466675,0.0
0,21,sub-021_ses-01_task-szMonitoring_run-06,7.957786560058594,0.1479356437921524,0.0
0,21,sub-021_ses-01_task-szMonitoring_run-06,8.065524101257324,0.10948261618614197,0.0
0,21,sub-021_ses-01_task-szMonitoring_run-06,26.56524658203125,0.04737818241119385,0.0
0,21,sub-021_ses-01_task-szMonitoring_run-06,13.462882041931152,0.073586106300354,0.0
0,21,sub-021_ses-01_task-szMonitoring_run-06,6.4154744148254395,0.1498701199889183,0.0
0,21,sub-021_ses-01_task-szMonitoring_run-06,25.44092559814453,0.04304255172610283,0.0
0,21,sub-021_ses-01_task-szMonitoring_run-06,20.15898895263672,0.047198422253131866,0.0
0,21,sub-021_ses-01_task-szMonitoring_run-06,10.06074333190918,0.14604736119508743,0.0
0,21,sub-021_ses-01_task-szMonitoring_run-07,15.61506462097168,0.042077094316482544,0.0
0,21,sub-021_ses-01_task-szMonitoring_run-07,15.628464698791504,0.041243068873882294,0.0
0,21,sub-021_ses-01_task-szMonitoring_run-08,10.882074356079102,0.08902086317539215,0.0
0,21,sub-021_ses-01_task-szMonitoring_run-08,35.96487045288086,0.038369715213775635,0.0
0,21,sub-021_ses-01_task-szMonitoring_run-08,22.907093048095703,0.0567726232111454,0.0
0,21,sub-021_ses-01_task-szMonitoring_run-08,23.429773330688477,0.09163570404052734,0.0
0,21,sub-021_ses-01_task-szMonitoring_run-08,18.939292907714844,0.0733417272567749,0.0
0,21,sub-021_ses-01_task-szMonitoring_run-08,9.507899284362793,0.056162409484386444,0.0
0,21,sub-021_ses-01_task-szMonitoring_run-08,16.215200424194336,0.0641934871673584,0.0
0,21,sub-021_ses-01_task-szMonitoring_run-08,92.21337890625,0.04570269584655762,0.0
0,21,sub-021_ses-01_task-szMonitoring_run-08,18.57905387878418,0.0572369247674942,0.0
0,21,sub-021_ses-01_task-szMonitoring_run-09,19.416597366333008,0.10137040913105011,0.0
0,21,sub-021_ses-01_task-szMonitoring_run-09,8.667057037353516,0.09630775451660156,0.0
0,21,sub-021_ses-01_task-szMonitoring_run-09,14.57519245147705,0.058646202087402344,0.0
0,21,sub-021_ses-01_task-szMonitoring_run-09,36.56641387939453,0.10621640086174011,0.0
0,21,sub-021_ses-01_task-szMonitoring_run-09,19.893856048583984,0.06477660685777664,0.0
0,21,sub-021_ses-01_task-szMonitoring_run-09,16.323871612548828,0.03797002695500851,0.0
0,21,sub-021_ses-01_task-szMonitoring_run-09,15.874613761901855,0.09367282688617706,0.0
0,21,sub-021_ses-01_task-szMonitoring_run-09,35.37494659423828,0.10556358844041824,0.0
0,21,sub-021_ses-01_task-szMonitoring_run-09,14.103182792663574,0.07375699281692505,0.0
0,21,sub-021_ses-01_task-szMonitoring_run-09,13.54290771484375,0.08494604378938675,0.0
0,21,sub-021_ses-01_task-szMonitoring_run-09,16.8146915435791,0.06277786195278168,0.0
0,21,sub-021_ses-01_task-szMonitoring_run-09,9.49792194366455,0.07727818936109543,0.0
0,21,sub-021_ses-01_task-szMonitoring_run-09,9.001471519470215,0.07860361039638519,0.0
0,21,sub-021_ses-01_task-szMonitoring_run-09,21.408870697021484,0.12797540426254272,0.0
0,22,sub-022_ses-01_task-szMonitoring_run-01,5.7421417236328125,0.11591844446957111,0.0
0,22,sub-022_ses-01_task-szMonitoring_run-01,4.939174652099609,0.1333831399679184,0.0
0,22,sub-022_ses-01_task-szMonitoring_run-01,13.392343521118164,0.08819637447595596,0.0
0,22,sub-022_ses-01_task-szMonitoring_run-01,6.385351657867432,0.13715136051177979,0.0
0,22,sub-022_ses-01_task-szMonitoring_run-01,11.99610424041748,0.05782478675246239,0.0
0,22,sub-022_ses-01_task-szMonitoring_run-01,11.746214866638184,0.06467605754733086,0.0
0,22,sub-022_ses-01_task-szMonitoring_run-01,8.609843254089355,0.15536858141422272,0.0
0,22,sub-022_ses-01_task-szMonitoring_run-01,7.457172393798828,0.11967416852712631,0.0
0,22,sub-022_ses-01_task-szMonitoring_run-01,16.496007919311523,0.123805470764637,0.0
0,22,sub-022_ses-01_task-szMonitoring_run-01,14.1090669631958,0.12288586050271988,0.0
0,22,sub-022_ses-01_task-szMonitoring_run-01,8.686579704284668,0.04578341357409954,0.0
0,22,sub-022_ses-01_task-szMonitoring_run-01,21.56562042236328,0.039425842463970184,0.0
0,22,sub-022_ses-01_task-szMonitoring_run-01,7.225058555603027,0.006687861867249012,0.0
0,22,sub-022_ses-01_task-szMonitoring_run-01,10.610225677490234,0.0705048218369484,0.0
0,22,sub-022_ses-01_task-szMonitoring_run-01,25.052396774291992,0.06543165445327759,0.0
0,22,sub-022_ses-01_task-szMonitoring_run-01,19.710556030273438,0.08098508045077324,0.0
0,22,sub-022_ses-01_task-szMonitoring_run-02,7.311254978179932,0.13783710077404976,0.0
0,22,sub-022_ses-01_task-szMonitoring_run-02,4.682949066162109,0.11930257827043533,0.0
0,22,sub-022_ses-01_task-szMonitoring_run-02,5.162347793579102,0.06876762956380844,0.0
1,22,sub-022_ses-01_task-szMonitoring_run-04,16.1039981842041,0.014794133603572845,0.0
1,22,sub-022_ses-01_task-szMonitoring_run-04,15.907758712768555,0.014638513326644897,0.0
1,22,sub-022_ses-01_task-szMonitoring_run-04,5.344772815704346,0.11417219042778015,0.0
1,22,sub-022_ses-01_task-szMonitoring_run-04,4.76927375793457,0.11611532419919968,0.0
1,22,sub-022_ses-01_task-szMonitoring_run-04,4.470962047576904,0.11915493756532669,0.0
1,22,sub-022_ses-01_task-szMonitoring_run-04,14.685486793518066,0.015337198972702026,0.0
1,22,sub-022_ses-01_task-szMonitoring_run-04,15.48100471496582,0.014697220176458359,0.0
1,22,sub-022_ses-01_task-szMonitoring_run-04,15.430578231811523,0.014576025307178497,0.0
1,22,sub-022_ses-01_task-szMonitoring_run-04,4.992079257965088,0.10901351273059845,0.0
1,22,sub-022_ses-01_task-szMonitoring_run-04,5.2494940757751465,0.11116957664489746,0.0
1,22,sub-022_ses-01_task-szMonitoring_run-04,15.189345359802246,0.01537754014134407,0.0
0,22,sub-022_ses-01_task-szMonitoring_run-04,6.787576675415039,0.015273377299308777,0.0
0,22,sub-022_ses-01_task-szMonitoring_run-04,3.755479097366333,0.10798338428139687,0.0
0,22,sub-022_ses-01_task-szMonitoring_run-04,5.137007713317871,0.08229892328381538,0.0
0,22,sub-022_ses-01_task-szMonitoring_run-04,5.779991149902344,0.014079641550779343,0.0
0,22,sub-022_ses-01_task-szMonitoring_run-04,15.145628929138184,0.01777237467467785,0.0
0,22,sub-022_ses-01_task-szMonitoring_run-04,19.051326751708984,0.014409944415092468,0.0
0,22,sub-022_ses-01_task-szMonitoring_run-04,25.475481033325195,0.06991411745548248,0.0
1,22,sub-022_ses-01_task-szMonitoring_run-06,4.895880699157715,0.0934336818754673,0.0
1,22,sub-022_ses-01_task-szMonitoring_run-06,5.467141628265381,0.08319618552923203,0.0
1,22,sub-022_ses-01_task-szMonitoring_run-06,5.574275016784668,0.07324704900383949,0.0
1,22,sub-022_ses-01_task-szMonitoring_run-06,5.0715484619140625,0.08951537683606148,0.0
1,22,sub-022_ses-01_task-szMonitoring_run-06,4.870664119720459,0.09416421502828598,0.0
1,22,sub-022_ses-01_task-szMonitoring_run-06,5.057417869567871,0.09057463705539703,0.0
1,22,sub-022_ses-01_task-szMonitoring_run-06,4.767786502838135,0.09599694982171059,0.0
1,22,sub-022_ses-01_task-szMonitoring_run-06,4.939868927001953,0.08995076268911362,0.0
1,22,sub-022_ses-01_task-szMonitoring_run-06,4.724253177642822,0.09673670306801796,0.0
1,22,sub-022_ses-01_task-szMonitoring_run-06,4.82607889175415,0.0948830172419548,0.0
1,22,sub-022_ses-01_task-szMonitoring_run-06,5.236027240753174,0.08671455457806587,0.0
1,22,sub-022_ses-01_task-szMonitoring_run-06,5.817127704620361,0.08185318112373352,0.0
0,22,sub-022_ses-01_task-szMonitoring_run-06,13.060215950012207,0.1044953465461731,0.0
0,22,sub-022_ses-01_task-szMonitoring_run-06,8.514176368713379,0.16238735988736153,0.0
0,22,sub-022_ses-01_task-szMonitoring_run-06,5.430076599121094,0.07958928495645523,0.0
0,22,sub-022_ses-01_task-szMonitoring_run-06,7.6829938888549805,0.21749551594257355,0.0
0,22,sub-022_ses-01_task-szMonitoring_run-06,11.782833099365234,0.020832378417253494,0.0
0,22,sub-022_ses-01_task-szMonitoring_run-06,11.600343704223633,0.019094321876764297,0.0
0,22,sub-022_ses-01_task-szMonitoring_run-06,8.424112319946289,0.15787731111049652,0.0
0,22,sub-022_ses-01_task-szMonitoring_run-06,7.972176551818848,0.16348284110426903,0.0
0,22,sub-022_ses-01_task-szMonitoring_run-06,8.696643829345703,0.022157270461320877,0.0
0,22,sub-022_ses-01_task-szMonitoring_run-06,10.97278118133545,0.01517689973115921,0.0
0,22,sub-022_ses-01_task-szMonitoring_run-06,9.655251502990723,0.02001374587416649,0.0
0,22,sub-022_ses-01_task-szMonitoring_run-06,6.256246089935303,0.12118106335401535,0.0
0,22,sub-022_ses-01_task-szMonitoring_run-06,11.811904907226562,0.018589269369840622,0.0
0,22,sub-022_ses-01_task-szMonitoring_run-06,33.120113372802734,0.020426321774721146,0.0
0,22,sub-022_ses-01_task-szMonitoring_run-06,8.444515228271484,0.0224965438246727,0.0
0,22,sub-022_ses-01_task-szMonitoring_run-06,34.66476058959961,0.021841280162334442,0.0
0,22,sub-022_ses-01_task-szMonitoring_run-07,25.647180557250977,0.07097025960683823,0.0
0,22,sub-022_ses-01_task-szMonitoring_run-08,7.033113479614258,0.1171674132347107,0.0
0,22,sub-022_ses-01_task-szMonitoring_run-08,8.228608131408691,0.019038286060094833,0.0
0,22,sub-022_ses-01_task-szMonitoring_run-08,35.97321319580078,0.03718344494700432,0.0
0,22,sub-022_ses-01_task-szMonitoring_run-08,8.430656433105469,0.02377557009458542,0.0
0,22,sub-022_ses-01_task-szMonitoring_run-08,11.154886245727539,0.04878273233771324,0.0
0,22,sub-022_ses-01_task-szMonitoring_run-08,17.57353973388672,0.026559561491012573,0.0
0,22,sub-022_ses-01_task-szMonitoring_run-08,14.828351020812988,0.020811010152101517,0.0
0,22,sub-022_ses-01_task-szMonitoring_run-08,16.56546401977539,0.07126615196466446,0.0
0,22,sub-022_ses-01_task-szMonitoring_run-08,9.95847225189209,0.053235892206430435,0.0
0,22,sub-022_ses-01_task-szMonitoring_run-08,20.119712829589844,0.026682525873184204,0.0
0,22,sub-022_ses-01_task-szMonitoring_run-08,6.944998264312744,0.02381732687354088,0.0
0,22,sub-022_ses-01_task-szMonitoring_run-08,21.218425750732422,0.02789725735783577,0.0
0,22,sub-022_ses-01_task-szMonitoring_run-08,22.635231018066406,0.08567453175783157,0.0
0,22,sub-022_ses-01_task-szMonitoring_run-09,9.314692497253418,0.1030876561999321,0.0
1,22,sub-022_ses-01_task-szMonitoring_run-10,7.882099151611328,0.08038041274994612,0.0
1,22,sub-022_ses-01_task-szMonitoring_run-10,7.999639511108398,0.0793719133362174,0.0
1,22,sub-022_ses-01_task-szMonitoring_run-10,8.010553359985352,0.07913369778543711,0.0
0,22,sub-022_ses-01_task-szMonitoring_run-10,11.456193923950195,0.07777712866663933,0.0
0,22,sub-022_ses-01_task-szMonitoring_run-11,25.05113983154297,0.024432428181171417,0.0
0,22,sub-022_ses-01_task-szMonitoring_run-11,20.18535804748535,0.02998337522149086,0.0
0,22,sub-022_ses-01_task-szMonitoring_run-11,13.031318664550781,0.1370444819331169,0.0
0,22,sub-022_ses-01_task-szMonitoring_run-11,8.596214294433594,0.028054382652044296,0.0
0,22,sub-022_ses-01_task-szMonitoring_run-11,13.764483451843262,0.04905025288462639,0.0
0,22,sub-022_ses-01_task-szMonitoring_run-11,22.164945602416992,0.020152688026428223,0.0
0,22,sub-022_ses-01_task-szMonitoring_run-11,16.86100196838379,0.02811829000711441,0.0
0,22,sub-022_ses-01_task-szMonitoring_run-11,8.551941871643066,0.020284464582800865,0.0
0,23,sub-023_ses-01_task-szMonitoring_run-01,5.804714202880859,0.1616033911705017,0.0
0,23,sub-023_ses-01_task-szMonitoring_run-01,7.465945243835449,0.17368651553988457,0.0
0,23,sub-023_ses-01_task-szMonitoring_run-01,4.694255352020264,0.11282185092568398,0.0
0,23,sub-023_ses-01_task-szMonitoring_run-01,14.546006202697754,0.09935031086206436,0.0
0,23,sub-023_ses-01_task-szMonitoring_run-01,15.709729194641113,0.04701452702283859,0.0
0,23,sub-023_ses-01_task-szMonitoring_run-01,20.858074188232422,0.09541583806276321,0.0
0,23,sub-023_ses-01_task-szMonitoring_run-01,14.150873184204102,0.14611656963825226,0.0
0,23,sub-023_ses-01_task-szMonitoring_run-01,22.457054138183594,0.058357857167720795,0.0
0,23,sub-023_ses-01_task-szMonitoring_run-01,16.784250259399414,0.16344384104013443,0.0
0,23,sub-023_ses-01_task-szMonitoring_run-01,4.3772711753845215,0.12787127122282982,0.0
0,23,sub-023_ses-01_task-szMonitoring_run-01,12.899174690246582,0.15151222795248032,0.0
0,23,sub-023_ses-01_task-szMonitoring_run-01,3.5866739749908447,0.11384424567222595,0.0
0,23,sub-023_ses-01_task-szMonitoring_run-01,22.815393447875977,0.06347100995481014,0.0
0,23,sub-023_ses-01_task-szMonitoring_run-01,30.904752731323242,0.10603239014744759,0.0
0,23,sub-023_ses-01_task-szMonitoring_run-01,10.699688911437988,0.1310649737715721,0.0
0,23,sub-023_ses-01_task-szMonitoring_run-01,5.886256217956543,0.11922504007816315,0.0
0,23,sub-023_ses-01_task-szMonitoring_run-02,9.071213722229004,0.1346161812543869,0.0
1,23,sub-023_ses-01_task-szMonitoring_run-03,8.499719619750977,0.11307317018508911,0.0
1,23,sub-023_ses-01_task-szMonitoring_run-03,11.52193546295166,0.09320135414600372,0.0
1,23,sub-023_ses-01_task-szMonitoring_run-03,9.599324226379395,0.10888893902301788,0.0
1,23,sub-023_ses-01_task-szMonitoring_run-03,8.727104187011719,0.10786345601081848,0.0
1,23,sub-023_ses-01_task-szMonitoring_run-03,7.933261871337891,0.12939462065696716,0.0
1,23,sub-023_ses-01_task-szMonitoring_run-03,8.567950248718262,0.10844939947128296,0.0
1,23,sub-023_ses-01_task-szMonitoring_run-03,8.832122802734375,0.11576811969280243,0.0
0,23,sub-023_ses-01_task-szMonitoring_run-03,27.858179092407227,0.03658099099993706,0.0
0,23,sub-023_ses-01_task-szMonitoring_run-03,16.799070358276367,0.15413212031126022,0.0
0,23,sub-023_ses-01_task-szMonitoring_run-03,4.088848114013672,0.14554087072610855,0.0
0,23,sub-023_ses-01_task-szMonitoring_run-03,6.783150672912598,0.15669335424900055,0.0
0,23,sub-023_ses-01_task-szMonitoring_run-03,23.124662399291992,0.023997326381504536,0.0
0,23,sub-023_ses-01_task-szMonitoring_run-03,5.051552772521973,0.10546217858791351,0.0
0,23,sub-023_ses-01_task-szMonitoring_run-03,5.17498779296875,0.14226307719945908,0.0
0,23,sub-023_ses-01_task-szMonitoring_run-03,47.56293869018555,0.036147259175777435,0.0
0,23,sub-023_ses-01_task-szMonitoring_run-05,13.686575889587402,0.03763935901224613,0.0
0,23,sub-023_ses-01_task-szMonitoring_run-05,25.927078247070312,0.11341173201799393,0.0
0,23,sub-023_ses-01_task-szMonitoring_run-05,14.754365921020508,0.03838732652366161,0.0
0,23,sub-023_ses-01_task-szMonitoring_run-05,6.371939182281494,0.13183406740427017,0.0
0,23,sub-023_ses-01_task-szMonitoring_run-05,10.698965072631836,0.056691974401474,0.0
0,23,sub-023_ses-01_task-szMonitoring_run-05,7.3579607009887695,0.16580276936292648,0.0
0,23,sub-023_ses-01_task-szMonitoring_run-05,11.169294357299805,0.052788568660616875,0.0
0,23,sub-023_ses-01_task-szMonitoring_run-05,12.003726959228516,0.17703960835933685,0.0
0,23,sub-023_ses-01_task-szMonitoring_run-05,11.562816619873047,0.17159529030323029,0.0
0,23,sub-023_ses-01_task-szMonitoring_run-05,16.701257705688477,0.12474585324525833,0.0
0,23,sub-023_ses-01_task-szMonitoring_run-05,10.612140655517578,0.06045112758874893,0.0
0,23,sub-023_ses-01_task-szMonitoring_run-05,8.369940757751465,0.0846856627613306,0.0
0,23,sub-023_ses-01_task-szMonitoring_run-05,26.6771240234375,0.05985026806592941,0.0
0,23,sub-023_ses-01_task-szMonitoring_run-06,37.83412551879883,0.045295193791389465,0.0
0,23,sub-023_ses-01_task-szMonitoring_run-07,22.61035919189453,0.11562761291861534,0.0
0,23,sub-023_ses-01_task-szMonitoring_run-07,10.55376148223877,0.1462506204843521,0.0
0,23,sub-023_ses-01_task-szMonitoring_run-07,15.457207679748535,0.02977348119020462,0.0
0,23,sub-023_ses-01_task-szMonitoring_run-07,15.233266830444336,0.11279058456420898,0.0
0,23,sub-023_ses-01_task-szMonitoring_run-07,8.873311996459961,0.13029832392930984,0.0
0,23,sub-023_ses-01_task-szMonitoring_run-07,41.134857177734375,0.12077654525637627,0.0
0,23,sub-023_ses-01_task-szMonitoring_run-07,20.722938537597656,0.022679908201098442,0.0
0,23,sub-023_ses-01_task-szMonitoring_run-07,5.874326705932617,0.159804567694664,0.0
0,23,sub-023_ses-01_task-szMonitoring_run-07,18.649452209472656,0.05593346618115902,0.0
0,23,sub-023_ses-01_task-szMonitoring_run-07,16.100122451782227,0.05355648882687092,0.0
0,23,sub-023_ses-01_task-szMonitoring_run-07,32.52850341796875,0.022126872092485428,0.0
0,23,sub-023_ses-01_task-szMonitoring_run-07,8.373406410217285,0.06656448543071747,0.0
0,23,sub-023_ses-01_task-szMonitoring_run-07,18.168230056762695,0.12925030291080475,0.0
0,23,sub-023_ses-01_task-szMonitoring_run-07,50.03315353393555,0.1162371039390564,0.0
0,23,sub-023_ses-01_task-szMonitoring_run-09,22.363656997680664,0.08122668415307999,0.0
0,23,sub-023_ses-01_task-szMonitoring_run-09,9.199586868286133,0.15348434448242188,0.0
0,23,sub-023_ses-01_task-szMonitoring_run-09,17.299440383911133,0.12947055883705616,0.0
0,23,sub-023_ses-01_task-szMonitoring_run-09,9.188448905944824,0.1498899981379509,0.0
0,23,sub-023_ses-01_task-szMonitoring_run-09,7.713942527770996,0.1349838189780712,0.0
0,23,sub-023_ses-01_task-szMonitoring_run-09,14.105469703674316,0.1268971711397171,0.0
1,24,sub-024_ses-01_task-szMonitoring_run-01,9.279512405395508,0.10162383317947388,0.0
1,24,sub-024_ses-01_task-szMonitoring_run-01,7.7119598388671875,0.10553215444087982,0.0
1,24,sub-024_ses-01_task-szMonitoring_run-01,9.101792335510254,0.09957408159971237,0.0
1,24,sub-024_ses-01_task-szMonitoring_run-01,9.107595443725586,0.09927285462617874,0.0
1,24,sub-024_ses-01_task-szMonitoring_run-01,9.316210746765137,0.10135579854249954,0.0
1,24,sub-024_ses-01_task-szMonitoring_run-01,9.221831321716309,0.09950275719165802,0.0
0,24,sub-024_ses-01_task-szMonitoring_run-01,15.881892204284668,0.09347200021147728,0.0
0,24,sub-024_ses-01_task-szMonitoring_run-01,12.226805686950684,0.0739525780081749,0.0
0,24,sub-024_ses-01_task-szMonitoring_run-01,11.824535369873047,0.07203216850757599,0.0
0,24,sub-024_ses-01_task-szMonitoring_run-01,17.384868621826172,0.116043321788311,0.0
0,24,sub-024_ses-01_task-szMonitoring_run-01,9.182770729064941,0.08846969529986382,0.0
0,24,sub-024_ses-01_task-szMonitoring_run-01,17.4416561126709,0.11750555038452148,0.0
0,24,sub-024_ses-01_task-szMonitoring_run-01,34.38271713256836,0.08951103687286377,0.0
0,24,sub-024_ses-01_task-szMonitoring_run-01,8.486007690429688,0.09730955958366394,0.0
0,24,sub-024_ses-01_task-szMonitoring_run-01,12.885458946228027,0.048720307648181915,0.0
0,24,sub-024_ses-01_task-szMonitoring_run-01,27.40111541748047,0.08545339107513428,0.0
0,24,sub-024_ses-01_task-szMonitoring_run-01,14.268082618713379,0.10276072099804878,0.0
0,24,sub-024_ses-01_task-szMonitoring_run-01,16.343624114990234,0.11322009935975075,0.0
0,24,sub-024_ses-01_task-szMonitoring_run-02,21.578710556030273,0.07868151366710663,0.0
0,24,sub-024_ses-01_task-szMonitoring_run-03,24.666173934936523,0.07208263874053955,0.0
0,24,sub-024_ses-01_task-szMonitoring_run-03,15.042476654052734,0.12356270849704742,0.0
0,24,sub-024_ses-01_task-szMonitoring_run-03,23.712879180908203,0.09317710250616074,0.0
0,24,sub-024_ses-01_task-szMonitoring_run-03,17.372013092041016,0.08672012202441692,0.0
0,24,sub-024_ses-01_task-szMonitoring_run-03,23.542749404907227,0.056596703827381134,0.0
0,24,sub-024_ses-01_task-szMonitoring_run-03,17.907054901123047,0.08400214090943336,0.0
0,24,sub-024_ses-01_task-szMonitoring_run-04,9.789591789245605,0.07963578030467033,0.0
0,24,sub-024_ses-01_task-szMonitoring_run-04,27.139705657958984,0.07930046319961548,0.0
0,24,sub-024_ses-01_task-szMonitoring_run-04,8.164612770080566,0.06662954948842525,0.0
0,24,sub-024_ses-01_task-szMonitoring_run-05,17.05384635925293,0.14014922827482224,0.0
0,24,sub-024_ses-01_task-szMonitoring_run-05,9.631129264831543,0.1010232325643301,0.0
0,24,sub-024_ses-01_task-szMonitoring_run-05,32.82541275024414,0.08628082275390625,0.0
0,24,sub-024_ses-01_task-szMonitoring_run-05,18.530569076538086,0.13670245558023453,0.0
0,24,sub-024_ses-01_task-szMonitoring_run-05,11.962523460388184,0.14525172486901283,0.0
0,24,sub-024_ses-01_task-szMonitoring_run-05,7.957819938659668,0.19067582860589027,0.0
0,24,sub-024_ses-01_task-szMonitoring_run-05,16.66131591796875,0.1133272685110569,0.0
0,24,sub-024_ses-01_task-szMonitoring_run-05,24.738439559936523,0.03877598978579044,0.0
0,24,sub-024_ses-01_task-szMonitoring_run-05,9.90079402923584,0.16642403602600098,0.0
0,24,sub-024_ses-01_task-szMonitoring_run-05,34.9373779296875,0.09133949875831604,0.0
0,24,sub-024_ses-01_task-szMonitoring_run-05,17.22337532043457,0.08798755705356598,0.0
0,24,sub-024_ses-01_task-szMonitoring_run-05,11.988158226013184,0.14511079154908657,0.0
0,24,sub-024_ses-01_task-szMonitoring_run-06,16.286888122558594,0.048659857362508774,0.0
1,24,sub-024_ses-01_task-szMonitoring_run-07,15.485615730285645,0.12106102332472801,0.0
1,24,sub-024_ses-01_task-szMonitoring_run-07,20.043132781982422,0.11669990047812462,0.0
1,24,sub-024_ses-01_task-szMonitoring_run-07,19.581933975219727,0.11491400375962257,0.0
1,24,sub-024_ses-01_task-szMonitoring_run-07,18.71896743774414,0.1153981126844883,0.0
1,24,sub-024_ses-01_task-szMonitoring_run-07,21.47210693359375,0.11189668253064156,0.0
1,24,sub-024_ses-01_task-szMonitoring_run-07,13.04326343536377,0.1188558079302311,0.0
1,24,sub-024_ses-01_task-szMonitoring_run-07,19.648651123046875,0.11385415866971016,0.0
1,24,sub-024_ses-01_task-szMonitoring_run-07,15.361678123474121,0.12339020147919655,0.0
0,24,sub-024_ses-01_task-szMonitoring_run-07,15.547530174255371,0.12072921544313431,0.0
0,24,sub-024_ses-01_task-szMonitoring_run-07,19.675098419189453,0.1325945407152176,0.0
0,24,sub-024_ses-01_task-szMonitoring_run-07,23.717182159423828,0.07684525847434998,0.0
0,24,sub-024_ses-01_task-szMonitoring_run-07,10.6738862991333,0.09680479392409325,0.0
0,24,sub-024_ses-01_task-szMonitoring_run-07,33.93500518798828,0.0702136792242527,0.0
0,24,sub-024_ses-01_task-szMonitoring_run-07,9.560985565185547,0.1095394417643547,0.0
0,24,sub-024_ses-01_task-szMonitoring_run-07,9.650251388549805,0.09464322030544281,0.0
0,24,sub-024_ses-01_task-szMonitoring_run-07,40.46348190307617,0.06626540422439575,0.0
0,24,sub-024_ses-01_task-szMonitoring_run-07,5.384139060974121,0.12816568464040756,0.0
0,24,sub-024_ses-01_task-szMonitoring_run-07,39.105018615722656,0.06897791102528572,0.0
0,24,sub-024_ses-01_task-szMonitoring_run-07,18.48395538330078,0.11263085901737213,0.0
0,24,sub-024_ses-01_task-szMonitoring_run-08,9.25930118560791,0.12869172915816307,0.0
0,24,sub-024_ses-01_task-szMonitoring_run-08,54.3660888671875,0.05688700079917908,0.0
0,24,sub-024_ses-01_task-szMonitoring_run-09,12.777242660522461,0.09937748685479164,0.0
0,24,sub-024_ses-01_task-szMonitoring_run-09,10.943108558654785,0.08474271185696125,0.0
0,24,sub-024_ses-01_task-szMonitoring_run-09,24.23511505126953,0.06733750179409981,0.0
0,24,sub-024_ses-01_task-szMonitoring_run-09,26.957345962524414,0.051414404064416885,0.0
0,24,sub-024_ses-01_task-szMonitoring_run-09,9.863759994506836,0.14971637353301048,0.0
0,24,sub-024_ses-01_task-szMonitoring_run-09,24.080583572387695,0.09053029865026474,0.0
0,24,sub-024_ses-01_task-szMonitoring_run-09,39.832828521728516,0.07108114659786224,0.0
0,24,sub-024_ses-01_task-szMonitoring_run-09,24.807937622070312,0.1051207035779953,0.0
0,24,sub-024_ses-01_task-szMonitoring_run-09,29.993209838867188,0.08983314037322998,0.0
0,24,sub-024_ses-01_task-szMonitoring_run-09,27.418838500976562,0.09678007662296295,0.0
0,24,sub-024_ses-01_task-szMonitoring_run-09,31.991165161132812,0.06798005104064941,0.0
0,24,sub-024_ses-01_task-szMonitoring_run-09,24.097257614135742,0.10126497223973274,0.0
0,24,sub-024_ses-01_task-szMonitoring_run-09,24.990373611450195,0.10082996636629105,0.0
0,24,sub-024_ses-01_task-szMonitoring_run-09,29.247331619262695,0.07181774452328682,0.0
0,24,sub-024_ses-01_task-szMonitoring_run-09,31.543081283569336,0.0917352195829153,0.0
0,25,sub-025_ses-01_task-szMonitoring_run-01,11.931737899780273,0.2754305750131607,0.0
0,25,sub-025_ses-01_task-szMonitoring_run-01,10.438827514648438,0.1341981440782547,0.0
0,25,sub-025_ses-01_task-szMonitoring_run-01,9.755298614501953,0.05875042453408241,0.0
0,25,sub-025_ses-01_task-szMonitoring_run-01,13.728137969970703,0.22875211387872696,0.0
0,25,sub-025_ses-01_task-szMonitoring_run-01,8.929450988769531,0.2618447355926037,0.0
0,25,sub-025_ses-01_task-szMonitoring_run-01,10.66504955291748,0.26206468418240547,0.0
0,25,sub-025_ses-01_task-szMonitoring_run-01,10.71088981628418,0.26254120096564293,0.0
0,25,sub-025_ses-01_task-szMonitoring_run-01,4.252145290374756,0.21182235330343246,0.0
0,25,sub-025_ses-01_task-szMonitoring_run-01,11.956193923950195,0.13502215594053268,0.0
0,25,sub-025_ses-01_task-szMonitoring_run-01,16.449918746948242,0.20871884748339653,0.0
0,25,sub-025_ses-01_task-szMonitoring_run-01,21.59642791748047,0.07374976202845573,0.0
0,25,sub-025_ses-01_task-szMonitoring_run-01,9.777769088745117,0.10158916562795639,0.0
0,25,sub-025_ses-01_task-szMonitoring_run-01,8.793453216552734,0.17016468942165375,0.0
0,25,sub-025_ses-01_task-szMonitoring_run-01,11.862249374389648,0.23033668845891953,0.0
0,25,sub-025_ses-01_task-szMonitoring_run-01,5.020264625549316,0.280738964676857,0.0
0,25,sub-025_ses-01_task-szMonitoring_run-01,8.092384338378906,0.2694994546473026,0.0
0,25,sub-025_ses-01_task-szMonitoring_run-01,18.474809646606445,0.185320146381855,0.0
0,25,sub-025_ses-01_task-szMonitoring_run-02,23.151718139648438,0.2803438901901245,0.0
1,25,sub-025_ses-01_task-szMonitoring_run-03,12.501236915588379,0.291398823261261,0.0
1,25,sub-025_ses-01_task-szMonitoring_run-03,14.47706413269043,0.2979327514767647,0.0
1,25,sub-025_ses-01_task-szMonitoring_run-03,12.946903228759766,0.28330712765455246,0.0
1,25,sub-025_ses-01_task-szMonitoring_run-03,12.23643970489502,0.30741648375988007,0.0
1,25,sub-025_ses-01_task-szMonitoring_run-04,13.289770126342773,0.1443166360259056,0.0
1,25,sub-025_ses-01_task-szMonitoring_run-04,18.507783889770508,0.2277671843767166,0.0
1,25,sub-025_ses-01_task-szMonitoring_run-04,15.672990798950195,0.21835659816861153,0.0
1,25,sub-025_ses-01_task-szMonitoring_run-04,15.43839168548584,0.21787432208657265,0.0
1,25,sub-025_ses-01_task-szMonitoring_run-04,13.406142234802246,0.12295262888073921,0.0
1,25,sub-025_ses-01_task-szMonitoring_run-04,13.241479873657227,0.14020146057009697,0.0
1,25,sub-025_ses-01_task-szMonitoring_run-04,15.992927551269531,0.2181960865855217,0.0
1,25,sub-025_ses-01_task-szMonitoring_run-04,13.413827896118164,0.15269289165735245,0.0
1,25,sub-025_ses-01_task-szMonitoring_run-04,15.6906156539917,0.21996969729661942,0.0
1,25,sub-025_ses-01_task-szMonitoring_run-04,15.837039947509766,0.21737006306648254,0.0
1,25,sub-025_ses-01_task-szMonitoring_run-04,13.423911094665527,0.13982385769486427,0.0
1,25,sub-025_ses-01_task-szMonitoring_run-04,13.62618637084961,0.13994017988443375,0.0
0,25,sub-025_ses-01_task-szMonitoring_run-04,21.032020568847656,0.21010589972138405,0.0
0,25,sub-025_ses-01_task-szMonitoring_run-04,12.535080909729004,0.10747724026441574,0.0
0,25,sub-025_ses-01_task-szMonitoring_run-04,25.12897300720215,0.06265619397163391,0.0
0,25,sub-025_ses-01_task-szMonitoring_run-04,6.956033706665039,0.27402952313423157,0.0
0,25,sub-025_ses-01_task-szMonitoring_run-04,24.24415397644043,0.13047396019101143,0.0
0,25,sub-025_ses-01_task-szMonitoring_run-04,14.751593589782715,0.06150475889444351,0.0
0,25,sub-025_ses-01_task-szMonitoring_run-04,10.74368953704834,0.0915190577507019,0.0
0,25,sub-025_ses-01_task-szMonitoring_run-04,12.15239143371582,0.06422869861125946,0.0
0,25,sub-025_ses-01_task-szMonitoring_run-04,19.009838104248047,0.1444678008556366,0.0
0,25,sub-025_ses-01_task-szMonitoring_run-04,5.252504348754883,0.24651531130075455,0.0
0,25,sub-025_ses-01_task-szMonitoring_run-04,7.4895853996276855,0.06691471487283707,0.0
0,25,sub-025_ses-01_task-szMonitoring_run-04,19.087997436523438,0.0788506343960762,0.0
0,25,sub-025_ses-01_task-szMonitoring_run-04,9.651686668395996,0.06994112581014633,0.0
0,25,sub-025_ses-01_task-szMonitoring_run-04,13.274788856506348,0.10442158207297325,0.0
0,25,sub-025_ses-01_task-szMonitoring_run-04,15.815974235534668,0.20830313488841057,0.0
0,25,sub-025_ses-01_task-szMonitoring_run-04,18.706157684326172,0.05578264221549034,0.0
0,25,sub-025_ses-01_task-szMonitoring_run-05,26.509117126464844,0.04858429729938507,0.0
0,25,sub-025_ses-01_task-szMonitoring_run-05,19.70279884338379,0.09345297515392303,0.0
0,25,sub-025_ses-01_task-szMonitoring_run-06,40.54872131347656,0.03529355674982071,0.0
0,25,sub-025_ses-01_task-szMonitoring_run-06,28.18408966064453,0.07372038811445236,0.0
0,25,sub-025_ses-01_task-szMonitoring_run-06,7.437105655670166,0.261180154979229,0.0
0,25,sub-025_ses-01_task-szMonitoring_run-06,14.487289428710938,0.13409316539764404,0.0
0,25,sub-025_ses-01_task-szMonitoring_run-06,12.818938255310059,0.29741593077778816,0.0
0,25,sub-025_ses-01_task-szMonitoring_run-06,14.388331413269043,0.14076261222362518,0.0
0,25,sub-025_ses-01_task-szMonitoring_run-07,9.264019966125488,0.2575557231903076,0.0
0,25,sub-025_ses-01_task-szMonitoring_run-08,49.507904052734375,0.088573157787323,0.0
0,25,sub-025_ses-01_task-szMonitoring_run-08,26.653385162353516,0.06146368011832237,0.0
0,25,sub-025_ses-01_task-szMonitoring_run-09,5.114165306091309,0.21799636632204056,0.0
0,25,sub-025_ses-01_task-szMonitoring_run-09,7.477916717529297,0.22181766852736473,0.0
0,25,sub-025_ses-01_task-szMonitoring_run-09,6.140689373016357,0.18181606382131577,0.0
0,25,sub-025_ses-01_task-szMonitoring_run-10,50.67234420776367,0.05654530972242355,0.0
0,25,sub-025_ses-01_task-szMonitoring_run-10,23.47758674621582,0.05227333679795265,0.0
0,25,sub-025_ses-01_task-szMonitoring_run-10,11.37225341796875,0.29351621493697166,0.0
0,25,sub-025_ses-01_task-szMonitoring_run-10,7.829376220703125,0.15841713547706604,0.0
0,25,sub-025_ses-01_task-szMonitoring_run-10,30.46769142150879,0.19387563318014145,0.0
0,25,sub-025_ses-01_task-szMonitoring_run-10,9.99161148071289,0.18717847764492035,0.0
0,25,sub-025_ses-01_task-szMonitoring_run-10,17.373584747314453,0.1285214126110077,0.0
0,25,sub-025_ses-01_task-szMonitoring_run-10,40.31380081176758,0.06279217824339867,0.0
0,25,sub-025_ses-01_task-szMonitoring_run-10,5.248377323150635,0.17687463387846947,0.0
0,25,sub-025_ses-01_task-szMonitoring_run-10,9.055060386657715,0.16891125962138176,0.0
0,25,sub-025_ses-01_task-szMonitoring_run-10,7.802154541015625,0.162161685526371,0.0
0,25,sub-025_ses-01_task-szMonitoring_run-10,24.149356842041016,0.19074513018131256,0.0
0,25,sub-025_ses-01_task-szMonitoring_run-10,13.934723854064941,0.06199222803115845,0.0
0,25,sub-025_ses-01_task-szMonitoring_run-11,23.15900993347168,0.15833431482315063,0.0
0,25,sub-025_ses-01_task-szMonitoring_run-11,26.11844253540039,0.15357224270701408,0.0
0,25,sub-025_ses-01_task-szMonitoring_run-12,15.463943481445312,0.09886323288083076,0.0
0,25,sub-025_ses-01_task-szMonitoring_run-12,42.94065475463867,0.07329592108726501,0.0
0,25,sub-025_ses-01_task-szMonitoring_run-12,15.474764823913574,0.1494080126285553,0.0
0,26,sub-026_ses-01_task-szMonitoring_run-02,10.934697151184082,0.2072177305817604,0.0
0,26,sub-026_ses-01_task-szMonitoring_run-02,10.942463874816895,0.11814679950475693,0.0
0,26,sub-026_ses-01_task-szMonitoring_run-02,18.946897506713867,0.14762527868151665,0.0
0,26,sub-026_ses-01_task-szMonitoring_run-02,6.385976791381836,0.2512964904308319,0.0
0,26,sub-026_ses-01_task-szMonitoring_run-02,9.461553573608398,0.130373515188694,0.0
0,26,sub-026_ses-01_task-szMonitoring_run-02,11.34488296508789,0.1594795249402523,0.0
0,26,sub-026_ses-01_task-szMonitoring_run-02,16.4440975189209,0.053871478885412216,0.0
0,26,sub-026_ses-01_task-szMonitoring_run-02,6.982266426086426,0.19685909897089005,0.0
0,26,sub-026_ses-01_task-szMonitoring_run-02,6.73051643371582,0.2319033145904541,0.0
0,26,sub-026_ses-01_task-szMonitoring_run-02,12.486833572387695,0.16771400347352028,0.0
1,26,sub-026_ses-01_task-szMonitoring_run-04,6.636806488037109,0.06729868799448013,0.0
1,26,sub-026_ses-01_task-szMonitoring_run-04,5.736545562744141,0.06699593365192413,0.0
1,26,sub-026_ses-01_task-szMonitoring_run-04,5.9013447761535645,0.06580619513988495,0.0
1,26,sub-026_ses-01_task-szMonitoring_run-04,5.68827486038208,0.067873515188694,0.0
1,26,sub-026_ses-01_task-szMonitoring_run-04,7.090848922729492,0.0661475732922554,0.0
1,26,sub-026_ses-01_task-szMonitoring_run-04,6.646964073181152,0.06641200184822083,0.0
1,26,sub-026_ses-01_task-szMonitoring_run-04,5.825023174285889,0.06637527793645859,0.0
0,26,sub-026_ses-01_task-szMonitoring_run-04,8.64088249206543,0.06281493604183197,0.0
0,26,sub-026_ses-01_task-szMonitoring_run-04,4.968110084533691,0.10757242143154144,0.0
0,26,sub-026_ses-01_task-szMonitoring_run-04,15.544690132141113,0.1569611355662346,0.0
0,26,sub-026_ses-01_task-szMonitoring_run-04,16.600078582763672,0.126191146671772,0.0
0,26,sub-026_ses-01_task-szMonitoring_run-04,15.98744010925293,0.07390540838241577,0.0
0,26,sub-026_ses-01_task-szMonitoring_run-04,6.519697666168213,0.07952499389648438,0.0
0,26,sub-026_ses-01_task-szMonitoring_run-04,16.592788696289062,0.0692637637257576,0.0
0,26,sub-026_ses-01_task-szMonitoring_run-04,6.062884330749512,0.12498635053634644,0.0
0,26,sub-026_ses-01_task-szMonitoring_run-04,12.008026123046875,0.08074561133980751,0.0
0,26,sub-026_ses-01_task-szMonitoring_run-04,5.387954235076904,0.15588480606675148,0.0
0,26,sub-026_ses-01_task-szMonitoring_run-05,5.305994510650635,0.08938757330179214,0.0
0,26,sub-026_ses-01_task-szMonitoring_run-05,7.149259567260742,0.10728760808706284,0.0
1,26,sub-026_ses-01_task-szMonitoring_run-06,5.215220928192139,0.119781494140625,0.0
1,26,sub-026_ses-01_task-szMonitoring_run-06,5.760463237762451,0.11052387207746506,0.0
1,26,sub-026_ses-01_task-szMonitoring_run-06,5.102466106414795,0.12017480656504631,0.0
1,26,sub-026_ses-01_task-szMonitoring_run-06,6.275771141052246,0.12677329406142235,0.0
1,26,sub-026_ses-01_task-szMonitoring_run-06,5.368575572967529,0.11767957359552383,0.0
0,26,sub-026_ses-01_task-szMonitoring_run-07,11.802083969116211,0.0659448578953743,0.0
0,26,sub-026_ses-01_task-szMonitoring_run-07,3.7131118774414062,0.3341660052537918,0.0
0,26,sub-026_ses-01_task-szMonitoring_run-07,8.239925384521484,0.18277901411056519,0.0
0,26,sub-026_ses-01_task-szMonitoring_run-07,3.3061251640319824,0.15901732444763184,0.0
0,26,sub-026_ses-01_task-szMonitoring_run-07,4.441229343414307,0.16793058812618256,0.0
0,26,sub-026_ses-01_task-szMonitoring_run-07,16.879213333129883,0.08001754805445671,0.0
0,26,sub-026_ses-01_task-szMonitoring_run-07,3.506535768508911,0.31841351091861725,0.0
0,26,sub-026_ses-01_task-szMonitoring_run-07,12.014795303344727,0.2779994308948517,0.0
0,26,sub-026_ses-01_task-szMonitoring_run-07,3.2407596111297607,0.3244679570198059,0.0
0,26,sub-026_ses-01_task-szMonitoring_run-07,13.76589298248291,0.04174208641052246,0.0
0,26,sub-026_ses-01_task-szMonitoring_run-07,13.7886323928833,0.06198485940694809,0.0
0,26,sub-026_ses-01_task-szMonitoring_run-07,5.7977728843688965,0.21540751308202744,0.0
0,26,sub-026_ses-01_task-szMonitoring_run-08,4.830846309661865,0.12898283824324608,0.0
0,26,sub-026_ses-01_task-szMonitoring_run-09,38.965057373046875,0.22767052426934242,0.0
0,26,sub-026_ses-01_task-szMonitoring_run-09,19.08282470703125,0.07747524976730347,0.0
0,26,sub-026_ses-01_task-szMonitoring_run-09,9.314617156982422,0.14448565989732742,0.0
0,26,sub-026_ses-01_task-szMonitoring_run-09,24.822078704833984,0.05172685533761978,0.0
0,26,sub-026_ses-01_task-szMonitoring_run-09,18.876977920532227,0.06002239137887955,0.0
0,26,sub-026_ses-01_task-szMonitoring_run-09,72.14446258544922,0.1283854842185974,0.0
0,26,sub-026_ses-01_task-szMonitoring_run-09,7.24282169342041,0.13592425733804703,0.0
0,26,sub-026_ses-01_task-szMonitoring_run-09,29.623437881469727,0.061829566955566406,0.0
0,26,sub-026_ses-01_task-szMonitoring_run-09,13.770424842834473,0.27009648084640503,0.0
0,26,sub-026_ses-01_task-szMonitoring_run-09,19.667362213134766,0.05466490611433983,0.0
0,26,sub-026_ses-01_task-szMonitoring_run-09,24.835214614868164,0.06602363660931587,0.0
0,26,sub-026_ses-01_task-szMonitoring_run-09,78.50131225585938,0.07775073125958443,0.0
0,26,sub-026_ses-01_task-szMonitoring_run-09,14.327627182006836,0.092216357588768,0.0
0,26,sub-026_ses-01_task-szMonitoring_run-09,19.270463943481445,0.05674199387431145,0.0
0,26,sub-026_ses-01_task-szMonitoring_run-09,34.29314041137695,0.1124872975051403,0.0
0,26,sub-026_ses-01_task-szMonitoring_run-09,13.901023864746094,0.17717105150222778,0.0
0,26,sub-026_ses-01_task-szMonitoring_run-09,17.697683334350586,0.19882801920175552,0.0
0,27,sub-027_ses-01_task-szMonitoring_run-01,6.761415958404541,0.15420733392238617,0.0
0,27,sub-027_ses-01_task-szMonitoring_run-01,6.944934368133545,0.1641945131123066,0.0
0,27,sub-027_ses-01_task-szMonitoring_run-01,20.265520095825195,0.0660783089697361,0.0
0,27,sub-027_ses-01_task-szMonitoring_run-01,8.853475570678711,0.1243719719350338,0.0
0,27,sub-027_ses-01_task-szMonitoring_run-01,14.638303756713867,0.0652744509279728,0.0
0,27,sub-027_ses-01_task-szMonitoring_run-01,20.61600685119629,0.06180963292717934,0.0
0,27,sub-027_ses-01_task-szMonitoring_run-01,7.842619895935059,0.14030786603689194,0.0
0,27,sub-027_ses-01_task-szMonitoring_run-01,5.540815353393555,0.1565672755241394,0.0
0,27,sub-027_ses-01_task-szMonitoring_run-01,5.116056442260742,0.1101849414408207,0.0
0,27,sub-027_ses-01_task-szMonitoring_run-01,11.866252899169922,0.10350494831800461,0.0
0,27,sub-027_ses-01_task-szMonitoring_run-01,20.878782272338867,0.04825432412326336,0.0
0,27,sub-027_ses-01_task-szMonitoring_run-01,12.846258163452148,0.054935142397880554,0.0
0,27,sub-027_ses-01_task-szMonitoring_run-01,13.11605167388916,0.05294926092028618,0.0
0,27,sub-027_ses-01_task-szMonitoring_run-01,6.659090042114258,0.12510637938976288,0.0
0,27,sub-027_ses-01_task-szMonitoring_run-01,11.14974594116211,0.13194886967539787,0.0
0,27,sub-027_ses-01_task-szMonitoring_run-01,15.909541130065918,0.05895000323653221,0.0
0,27,sub-027_ses-01_task-szMonitoring_run-01,6.592745304107666,0.11132897809147835,0.0
0,27,sub-027_ses-01_task-szMonitoring_run-02,14.998570442199707,0.14436451718211174,0.0
0,27,sub-027_ses-01_task-szMonitoring_run-02,11.727420806884766,0.17450980097055435,0.0
0,27,sub-027_ses-01_task-szMonitoring_run-02,6.676427841186523,0.134294793009758,0.0
0,27,sub-027_ses-01_task-szMonitoring_run-03,8.234868049621582,0.15904401987791061,0.0
0,27,sub-027_ses-01_task-szMonitoring_run-03,6.417993545532227,0.1447090022265911,0.0
0,27,sub-027_ses-01_task-szMonitoring_run-03,33.95744705200195,0.13486701995134354,0.0
0,27,sub-027_ses-01_task-szMonitoring_run-03,19.23569679260254,0.1693798340857029,0.0
0,27,sub-027_ses-01_task-szMonitoring_run-03,18.945619583129883,0.06088790111243725,0.0
0,27,sub-027_ses-01_task-szMonitoring_run-03,25.3444881439209,0.16810481250286102,0.0
0,27,sub-027_ses-01_task-szMonitoring_run-03,20.39350128173828,0.05284060910344124,0.0
0,27,sub-027_ses-01_task-szMonitoring_run-03,25.78386116027832,0.07362408936023712,0.0
0,27,sub-027_ses-01_task-szMonitoring_run-03,25.187702178955078,0.16392110288143158,0.0
0,27,sub-027_ses-01_task-szMonitoring_run-03,23.591230392456055,0.040367092937231064,0.0
0,27,sub-027_ses-01_task-szMonitoring_run-03,10.411067962646484,0.1637645661830902,0.0
0,27,sub-027_ses-01_task-szMonitoring_run-03,6.7347798347473145,0.15018239989876747,0.0
0,27,sub-027_ses-01_task-szMonitoring_run-03,22.043594360351562,0.07689310237765312,0.0
0,27,sub-027_ses-01_task-szMonitoring_run-03,23.614152908325195,0.14712508022785187,0.0
0,27,sub-027_ses-01_task-szMonitoring_run-03,7.359539985656738,0.06226274371147156,0.0
0,27,sub-027_ses-01_task-szMonitoring_run-03,23.841758728027344,0.1797124594449997,0.0
0,27,sub-027_ses-01_task-szMonitoring_run-03,11.738346099853516,0.16584984213113785,0.0
0,27,sub-027_ses-01_task-szMonitoring_run-03,13.71781063079834,0.08259204030036926,0.0
0,27,sub-027_ses-01_task-szMonitoring_run-03,23.818758010864258,0.07489918172359467,0.0
0,27,sub-027_ses-01_task-szMonitoring_run-05,18.362548828125,0.044710446149110794,0.0
0,27,sub-027_ses-01_task-szMonitoring_run-05,6.196450710296631,0.1818782389163971,0.0
0,27,sub-027_ses-01_task-szMonitoring_run-05,21.82591438293457,0.056608330458402634,0.0
0,27,sub-027_ses-01_task-szMonitoring_run-05,7.0530219078063965,0.1606772616505623,0.0
0,27,sub-027_ses-01_task-szMonitoring_run-05,6.8583574295043945,0.1910514086484909,0.0
0,27,sub-027_ses-01_task-szMonitoring_run-05,7.976312160491943,0.18743956089019775,0.0
0,27,sub-027_ses-01_task-szMonitoring_run-05,17.232868194580078,0.052288834005594254,0.0
0,27,sub-027_ses-01_task-szMonitoring_run-05,7.26510763168335,0.17970087379217148,0.0
0,27,sub-027_ses-01_task-szMonitoring_run-05,20.028898239135742,0.060775211080908775,0.0
0,27,sub-027_ses-01_task-szMonitoring_run-05,9.098322868347168,0.0375229436904192,0.0
0,27,sub-027_ses-01_task-szMonitoring_run-05,6.17838716506958,0.18920248001813889,0.0
1,27,sub-027_ses-01_task-szMonitoring_run-07,9.372673988342285,0.05527399852871895,0.0
1,27,sub-027_ses-01_task-szMonitoring_run-07,9.554868698120117,0.05527900904417038,0.0
1,27,sub-027_ses-01_task-szMonitoring_run-07,9.59972095489502,0.05514415726065636,0.0
1,27,sub-027_ses-01_task-szMonitoring_run-07,9.620378494262695,0.05527900904417038,0.0
1,27,sub-027_ses-01_task-szMonitoring_run-07,20.627891540527344,0.05498430132865906,0.0
1,27,sub-027_ses-01_task-szMonitoring_run-07,9.388630867004395,0.0548139251768589,0.0
1,27,sub-027_ses-01_task-szMonitoring_run-07,9.965731620788574,0.05540430173277855,0.0
0,27,sub-027_ses-01_task-szMonitoring_run-07,15.642439842224121,0.07669293507933617,0.0
0,27,sub-027_ses-01_task-szMonitoring_run-07,16.506343841552734,0.06790152564644814,0.0
0,27,sub-027_ses-01_task-szMonitoring_run-07,10.017093658447266,0.1472218707203865,0.0
0,27,sub-027_ses-01_task-szMonitoring_run-07,27.385000228881836,0.10755076631903648,0.0
0,27,sub-027_ses-01_task-szMonitoring_run-07,8.592283248901367,0.13468165323138237,0.0
0,27,sub-027_ses-01_task-szMonitoring_run-07,8.085469245910645,0.12215191125869751,0.0
0,27,sub-027_ses-01_task-szMonitoring_run-07,6.023428916931152,0.09301362559199333,0.0
0,27,sub-027_ses-01_task-szMonitoring_run-07,17.04900360107422,0.12226960808038712,0.0
0,27,sub-027_ses-01_task-szMonitoring_run-07,10.647989273071289,0.09279611706733704,0.0
0,27,sub-027_ses-01_task-szMonitoring_run-07,26.469728469848633,0.061301738023757935,0.0
0,27,sub-027_ses-01_task-szMonitoring_run-07,15.197649955749512,0.07990017533302307,0.0
0,27,sub-027_ses-01_task-szMonitoring_run-07,25.3360652923584,0.063144501298666,0.0
0,27,sub-027_ses-01_task-szMonitoring_run-07,35.69704055786133,0.18404847383499146,0.0
0,27,sub-027_ses-01_task-szMonitoring_run-07,4.988772392272949,0.09595968201756477,0.0
0,27,sub-027_ses-01_task-szMonitoring_run-07,24.362817764282227,0.07242757827043533,0.0
0,27,sub-027_ses-01_task-szMonitoring_run-07,11.959792137145996,0.06356227397918701,0.0
0,27,sub-027_ses-01_task-szMonitoring_run-08,22.52345085144043,0.0722518339753151,0.0
0,27,sub-027_ses-01_task-szMonitoring_run-08,17.070537567138672,0.06560568138957024,0.0
0,27,sub-027_ses-01_task-szMonitoring_run-09,19.20549964904785,0.0997551903128624,0.0
0,27,sub-027_ses-01_task-szMonitoring_run-09,6.205573558807373,0.15861934423446655,0.0
1,28,sub-028_ses-01_task-szMonitoring_run-01,13.65208625793457,0.17641334980726242,0.0
1,28,sub-028_ses-01_task-szMonitoring_run-01,13.460762977600098,0.16972719877958298,0.0
1,28,sub-028_ses-01_task-szMonitoring_run-01,13.927141189575195,0.17035742476582527,0.0
1,28,sub-028_ses-01_task-szMonitoring_run-01,13.34317398071289,0.16315403953194618,0.0
1,28,sub-028_ses-01_task-szMonitoring_run-01,21.30132293701172,0.15821508318185806,0.0
1,28,sub-028_ses-01_task-szMonitoring_run-01,13.579032897949219,0.16757270321249962,0.0
0,28,sub-028_ses-01_task-szMonitoring_run-02,34.17870330810547,0.13857942819595337,0.0
0,28,sub-028_ses-01_task-szMonitoring_run-02,34.54608154296875,0.14084722846746445,0.0
0,28,sub-028_ses-01_task-szMonitoring_run-02,7.631484031677246,0.14264893531799316,0.0
0,28,sub-028_ses-01_task-szMonitoring_run-02,8.386800765991211,0.15413203835487366,0.0
0,28,sub-028_ses-01_task-szMonitoring_run-02,7.930776596069336,0.1268300637602806,0.0
0,28,sub-028_ses-01_task-szMonitoring_run-02,34.71574783325195,0.1372077390551567,0.0
0,28,sub-028_ses-01_task-szMonitoring_run-02,14.089591026306152,0.060684071853756905,0.0
0,28,sub-028_ses-01_task-szMonitoring_run-02,16.561893463134766,0.03757628798484802,0.0
0,28,sub-028_ses-01_task-szMonitoring_run-02,17.963237762451172,0.13546792417764664,0.0
0,28,sub-028_ses-01_task-szMonitoring_run-02,10.674703598022461,0.13812602311372757,0.0
0,28,sub-028_ses-01_task-szMonitoring_run-02,14.211868286132812,0.06100129522383213,0.0
0,28,sub-028_ses-01_task-szMonitoring_run-02,34.20500183105469,0.1335156410932541,0.0
0,28,sub-028_ses-01_task-szMonitoring_run-03,6.356012344360352,0.14156964421272278,0.0
0,28,sub-028_ses-01_task-szMonitoring_run-03,5.0440287590026855,0.1392655000090599,0.0
1,28,sub-028_ses-01_task-szMonitoring_run-04,8.515653610229492,0.032841894775629044,0.0
1,28,sub-028_ses-01_task-szMonitoring_run-04,5.102275848388672,0.048111533746123314,0.0
1,28,sub-028_ses-01_task-szMonitoring_run-04,5.157839775085449,0.04769350402057171,0.0
1,28,sub-028_ses-01_task-szMonitoring_run-04,8.49386978149414,0.03280135989189148,0.0
1,28,sub-028_ses-01_task-szMonitoring_run-04,17.567420959472656,0.03338652849197388,0.0
1,28,sub-028_ses-01_task-szMonitoring_run-04,5.315756797790527,0.04691007919609547,0.0
1,28,sub-028_ses-01_task-szMonitoring_run-04,5.319447994232178,0.046299589797854424,0.0
1,28,sub-028_ses-01_task-szMonitoring_run-04,5.267462730407715,0.047789325937628746,0.0
1,28,sub-028_ses-01_task-szMonitoring_run-04,5.346588611602783,0.04530571587383747,0.0
1,28,sub-028_ses-01_task-szMonitoring_run-04,5.271204471588135,0.04639037512242794,0.0
1,28,sub-028_ses-01_task-szMonitoring_run-04,5.320890426635742,0.046539684757590294,0.0
1,28,sub-028_ses-01_task-szMonitoring_run-04,8.28484058380127,0.03464369475841522,0.0
1,28,sub-028_ses-01_task-szMonitoring_run-04,8.51632308959961,0.03318913280963898,0.0
1,28,sub-028_ses-01_task-szMonitoring_run-04,5.337571620941162,0.04561114124953747,0.0
1,28,sub-028_ses-01_task-szMonitoring_run-04,16.94955062866211,0.03346293792128563,0.0
0,28,sub-028_ses-01_task-szMonitoring_run-04,7.078456401824951,0.12447040155529976,0.0
0,28,sub-028_ses-01_task-szMonitoring_run-04,12.301692008972168,0.032738612964749336,0.0
0,28,sub-028_ses-01_task-szMonitoring_run-04,14.52639102935791,0.1806051805615425,0.0
0,28,sub-028_ses-01_task-szMonitoring_run-04,19.29753303527832,0.040565479546785355,0.0
0,28,sub-028_ses-01_task-szMonitoring_run-04,5.4098591804504395,0.14362235367298126,0.0
1,28,sub-028_ses-01_task-szMonitoring_run-05,11.668756484985352,0.16764558106660843,0.0
1,28,sub-028_ses-01_task-szMonitoring_run-05,10.800137519836426,0.14125501364469528,0.0
1,28,sub-028_ses-01_task-szMonitoring_run-05,11.326498031616211,0.16038184612989426,0.0
1,28,sub-028_ses-01_task-szMonitoring_run-05,9.603216171264648,0.13061051070690155,0.0
1,28,sub-028_ses-01_task-szMonitoring_run-05,11.574435234069824,0.16764558106660843,0.0
1,28,sub-028_ses-01_task-szMonitoring_run-05,11.10803508758545,0.14898468554019928,0.0
1,28,sub-028_ses-01_task-szMonitoring_run-05,10.764400482177734,0.13623934984207153,0.0
1,28,sub-028_ses-01_task-szMonitoring_run-05,6.588446140289307,0.12268508225679398,0.0
0,28,sub-028_ses-01_task-szMonitoring_run-05,6.847177982330322,0.12263403832912445,0.0
0,28,sub-028_ses-01_task-szMonitoring_run-06,20.345735549926758,0.03895147889852524,0.0
0,28,sub-028_ses-01_task-szMonitoring_run-06,9.812431335449219,0.11762965470552444,0.0
0,28,sub-028_ses-01_task-szMonitoring_run-06,26.48764991760254,0.09542275220155716,0.0
0,28,sub-028_ses-01_task-szMonitoring_run-06,9.542169570922852,0.11135148629546165,0.0
0,28,sub-028_ses-01_task-szMonitoring_run-06,9.225458145141602,0.1813739538192749,0.0
0,28,sub-028_ses-01_task-szMonitoring_run-06,14.511652946472168,0.036788927391171455,0.0
0,28,sub-028_ses-01_task-szMonitoring_run-06,13.70903491973877,0.04519861936569214,0.0
0,28,sub-028_ses-01_task-szMonitoring_run-06,17.675111770629883,0.03403685986995697,0.0
0,28,sub-028_ses-01_task-szMonitoring_run-06,8.252525329589844,0.14439628273248672,0.0
0,28,sub-028_ses-01_task-szMonitoring_run-06,10.070330619812012,0.15465790778398514,0.0
0,28,sub-028_ses-01_task-szMonitoring_run-07,7.758077621459961,0.18127241730690002,0.0
0,28,sub-028_ses-01_task-szMonitoring_run-07,5.029619216918945,0.21732952818274498,0.0
0,28,sub-028_ses-01_task-szMonitoring_run-07,10.682384490966797,0.13819125294685364,0.0
0,28,sub-028_ses-01_task-szMonitoring_run-08,9.563031196594238,0.1365116536617279,0.0
0,28,sub-028_ses-01_task-szMonitoring_run-08,64.82634735107422,0.13972432166337967,0.0
0,28,sub-028_ses-01_task-szMonitoring_run-08,16.647903442382812,0.18637210875749588,0.0
0,28,sub-028_ses-01_task-szMonitoring_run-08,17.310823440551758,0.040105484426021576,0.0
0,28,sub-028_ses-01_task-szMonitoring_run-08,16.96392059326172,0.0710807591676712,0.0
0,28,sub-028_ses-01_task-szMonitoring_run-08,9.206812858581543,0.14573721587657928,0.0
0,28,sub-028_ses-01_task-szMonitoring_run-08,12.881082534790039,0.04659317620098591,0.0
0,28,sub-028_ses-01_task-szMonitoring_run-08,18.903026580810547,0.0373658062890172,0.0
0,28,sub-028_ses-01_task-szMonitoring_run-08,12.024735450744629,0.08304050378501415,0.0
0,28,sub-028_ses-01_task-szMonitoring_run-08,8.972416877746582,0.16715652495622635,0.0
0,28,sub-028_ses-01_task-szMonitoring_run-08,8.969236373901367,0.1438085064291954,0.0
0,28,sub-028_ses-01_task-szMonitoring_run-08,12.909408569335938,0.11716242134571075,0.0
0,29,sub-029_ses-01_task-szMonitoring_run-01,7.662917137145996,0.1992681846022606,0.0
0,29,sub-029_ses-01_task-szMonitoring_run-01,23.68329429626465,0.07118988037109375,0.0
0,29,sub-029_ses-01_task-szMonitoring_run-01,16.033954620361328,0.10038643330335617,0.0
0,29,sub-029_ses-01_task-szMonitoring_run-01,14.030665397644043,0.13686101883649826,0.0
0,29,sub-029_ses-01_task-szMonitoring_run-01,16.52950096130371,0.07910581678152084,0.0
0,29,sub-029_ses-01_task-szMonitoring_run-01,7.522865295410156,0.18076785653829575,0.0
0,29,sub-029_ses-01_task-szMonitoring_run-01,9.917764663696289,0.1036803349852562,0.0
0,29,sub-029_ses-01_task-szMonitoring_run-01,18.105131149291992,0.07388457655906677,0.0
0,29,sub-029_ses-01_task-szMonitoring_run-01,10.987334251403809,0.09906099364161491,0.0
0,29,sub-029_ses-01_task-szMonitoring_run-01,11.307732582092285,0.12986928597092628,0.0
0,29,sub-029_ses-01_task-szMonitoring_run-01,9.895424842834473,0.14948561787605286,0.0
0,29,sub-029_ses-01_task-szMonitoring_run-01,32.44337844848633,0.06906008720397949,0.0
0,29,sub-029_ses-01_task-szMonitoring_run-01,5.609128952026367,0.1302838996052742,0.0
0,29,sub-029_ses-01_task-szMonitoring_run-01,6.915831565856934,0.09835858643054962,0.0
0,29,sub-029_ses-01_task-szMonitoring_run-03,10.156094551086426,0.14298782497644424,0.0
0,29,sub-029_ses-01_task-szMonitoring_run-03,19.371379852294922,0.1502993032336235,0.0
0,29,sub-029_ses-01_task-szMonitoring_run-04,30.136249542236328,0.06279931217432022,0.0
0,29,sub-029_ses-01_task-szMonitoring_run-04,32.89012145996094,0.07086435332894325,0.0
0,29,sub-029_ses-01_task-szMonitoring_run-04,10.15849494934082,0.07864006981253624,0.0
0,29,sub-029_ses-01_task-szMonitoring_run-04,5.513250827789307,0.04999729059636593,0.0
0,29,sub-029_ses-01_task-szMonitoring_run-04,18.831737518310547,0.05835169926285744,0.0
0,29,sub-029_ses-01_task-szMonitoring_run-04,5.825222015380859,0.05075204372406006,0.0
0,29,sub-029_ses-01_task-szMonitoring_run-04,6.383193492889404,0.050420982763171196,0.0
0,29,sub-029_ses-01_task-szMonitoring_run-04,13.16373348236084,0.02487710863351822,0.0
0,29,sub-029_ses-01_task-szMonitoring_run-05,74.18801879882812,0.1410500705242157,0.0
0,29,sub-029_ses-01_task-szMonitoring_run-05,31.906639099121094,0.12786117941141129,0.0
0,29,sub-029_ses-01_task-szMonitoring_run-05,13.540491104125977,0.12794683128595352,0.0
0,29,sub-029_ses-01_task-szMonitoring_run-05,7.952090263366699,0.1369909793138504,0.0
0,29,sub-029_ses-01_task-szMonitoring_run-06,27.691499710083008,0.09650517627596855,0.0
0,29,sub-029_ses-01_task-szMonitoring_run-06,32.71875762939453,0.07821482419967651,0.0
0,29,sub-029_ses-01_task-szMonitoring_run-06,15.078288078308105,0.07675057649612427,0.0
0,29,sub-029_ses-01_task-szMonitoring_run-06,28.47023582458496,0.08302200213074684,0.0
0,29,sub-029_ses-01_task-szMonitoring_run-06,21.676713943481445,0.15373088791966438,0.0
0,29,sub-029_ses-01_task-szMonitoring_run-06,30.28579330444336,0.09805227816104889,0.0
0,29,sub-029_ses-01_task-szMonitoring_run-06,11.566033363342285,0.09800258278846741,0.0
0,29,sub-029_ses-01_task-szMonitoring_run-07,8.927413940429688,0.0579418046399951,0.0
0,29,sub-029_ses-01_task-szMonitoring_run-07,4.605774879455566,0.10397107154130936,0.0
0,29,sub-029_ses-01_task-szMonitoring_run-07,60.607425689697266,0.03622598946094513,0.0
0,29,sub-029_ses-01_task-szMonitoring_run-07,27.560508728027344,0.05092834122478962,0.0
0,29,sub-029_ses-01_task-szMonitoring_run-07,16.937936782836914,0.39621376246213913,0.0
0,29,sub-029_ses-01_task-szMonitoring_run-07,66.15666198730469,0.0293734073638916,0.0
1,29,sub-029_ses-01_task-szMonitoring_run-08,16.626575469970703,0.15536123886704445,0.0
1,29,sub-029_ses-01_task-szMonitoring_run-08,40.00038146972656,0.10139241814613342,0.0
1,29,sub-029_ses-01_task-szMonitoring_run-08,24.664602279663086,0.13552094995975494,0.0
1,29,sub-029_ses-01_task-szMonitoring_run-08,16.73506736755371,0.1553594321012497,0.0
1,29,sub-029_ses-01_task-szMonitoring_run-08,34.898563385009766,0.10794742777943611,0.0
1,29,sub-029_ses-01_task-szMonitoring_run-08,16.6737003326416,0.14972694218158722,0.0
1,29,sub-029_ses-01_task-szMonitoring_run-08,19.595218658447266,0.14756500720977783,0.0
1,29,sub-029_ses-01_task-szMonitoring_run-08,16.431610107421875,0.13729192316532135,0.0
1,29,sub-029_ses-01_task-szMonitoring_run-08,20.9483585357666,0.1426859013736248,0.0
1,29,sub-029_ses-01_task-szMonitoring_run-08,31.41331672668457,0.11341286450624466,0.0
1,29,sub-029_ses-01_task-szMonitoring_run-08,17.658435821533203,0.15391720086336136,0.0
0,29,sub-029_ses-01_task-szMonitoring_run-08,7.695122718811035,0.061021379660815,0.0
0,29,sub-029_ses-01_task-szMonitoring_run-08,7.557961940765381,0.1370582552626729,0.0
0,29,sub-029_ses-01_task-szMonitoring_run-08,12.842145919799805,0.1063583679497242,0.0
0,29,sub-029_ses-01_task-szMonitoring_run-08,4.648263931274414,0.16555426083505154,0.0
0,29,sub-029_ses-01_task-szMonitoring_run-08,8.664173126220703,0.0753054479137063,0.0
0,29,sub-029_ses-01_task-szMonitoring_run-08,15.935868263244629,0.14158638566732407,0.0
0,29,sub-029_ses-01_task-szMonitoring_run-08,6.812750816345215,0.20566563308238983,0.0
0,29,sub-029_ses-01_task-szMonitoring_run-08,7.6442484855651855,0.11087211407721043,0.0
0,29,sub-029_ses-01_task-szMonitoring_run-08,30.267969131469727,0.07787672430276871,0.0
0,29,sub-029_ses-01_task-szMonitoring_run-09,51.6196403503418,0.06906899809837341,0.0
1,29,sub-029_ses-01_task-szMonitoring_run-10,39.96055221557617,0.12068650126457214,0.0
1,29,sub-029_ses-01_task-szMonitoring_run-10,39.753684997558594,0.11309957131743431,0.0
1,29,sub-029_ses-01_task-szMonitoring_run-10,27.992366790771484,0.13771783746778965,0.0
1,29,sub-029_ses-01_task-szMonitoring_run-10,20.594459533691406,0.11709039658308029,0.0
1,29,sub-029_ses-01_task-szMonitoring_run-10,20.852394104003906,0.12654100358486176,0.0
1,29,sub-029_ses-01_task-szMonitoring_run-10,73.99340057373047,0.09123770147562027,0.0
1,29,sub-029_ses-01_task-szMonitoring_run-10,67.50558471679688,0.09404052793979645,0.0
1,29,sub-029_ses-01_task-szMonitoring_run-10,53.013221740722656,0.1121162697672844,0.0
1,29,sub-029_ses-01_task-szMonitoring_run-10,20.395923614501953,0.12230012565851212,0.0
1,29,sub-029_ses-01_task-szMonitoring_run-10,20.895132064819336,0.11420885473489761,0.0
1,29,sub-029_ses-01_task-szMonitoring_run-10,30.83315658569336,0.13540254347026348,0.0
1,29,sub-029_ses-01_task-szMonitoring_run-10,34.64690399169922,0.1266530603170395,0.0
0,29,sub-029_ses-01_task-szMonitoring_run-10,18.69720458984375,0.14571052603423595,0.0
0,29,sub-029_ses-01_task-szMonitoring_run-10,40.25590133666992,0.10241613909602165,0.0
0,29,sub-029_ses-01_task-szMonitoring_run-10,4.382894039154053,0.07883771881461143,0.0
0,29,sub-029_ses-01_task-szMonitoring_run-10,8.713210105895996,0.06507336255162954,0.0
0,29,sub-029_ses-01_task-szMonitoring_run-10,16.34801483154297,0.11324157100170851,0.0
0,29,sub-029_ses-01_task-szMonitoring_run-10,30.549360275268555,0.12241064012050629,0.0
0,29,sub-029_ses-01_task-szMonitoring_run-10,12.396584510803223,0.08096025977283716,0.0
0,29,sub-029_ses-01_task-szMonitoring_run-10,22.42945098876953,0.03598062880337238,0.0
0,29,sub-029_ses-01_task-szMonitoring_run-10,26.777568817138672,0.13528782315552235,0.0
0,30,sub-030_ses-01_task-szMonitoring_run-01,4.466651916503906,0.07223299518227577,0.0
0,30,sub-030_ses-01_task-szMonitoring_run-01,6.4282708168029785,0.061905063688755035,0.0
0,30,sub-030_ses-01_task-szMonitoring_run-01,8.404848098754883,0.0240598376840353,0.0
0,30,sub-030_ses-01_task-szMonitoring_run-01,4.141085147857666,0.10016179457306862,0.0
0,30,sub-030_ses-01_task-szMonitoring_run-01,11.264771461486816,0.05232432670891285,0.0
0,30,sub-030_ses-01_task-szMonitoring_run-01,10.685516357421875,0.04675840958952904,0.0
0,30,sub-030_ses-01_task-szMonitoring_run-01,4.994755744934082,0.08611903339624405,0.0
0,30,sub-030_ses-01_task-szMonitoring_run-01,6.439606189727783,0.07143935188651085,0.0
0,30,sub-030_ses-01_task-szMonitoring_run-01,14.151851654052734,0.03977840393781662,0.0
0,30,sub-030_ses-01_task-szMonitoring_run-01,5.591268062591553,0.07980863004922867,0.0
0,30,sub-030_ses-01_task-szMonitoring_run-01,4.252645015716553,0.02494901977479458,0.0
0,30,sub-030_ses-01_task-szMonitoring_run-01,16.41953468322754,0.03144366852939129,0.0
1,30,sub-030_ses-01_task-szMonitoring_run-03,8.914012908935547,0.07822077721357346,0.0
1,30,sub-030_ses-01_task-szMonitoring_run-03,10.852238655090332,0.0745477732270956,0.0
1,30,sub-030_ses-01_task-szMonitoring_run-03,9.944206237792969,0.07850099541246891,0.0
1,30,sub-030_ses-01_task-szMonitoring_run-03,10.084464073181152,0.0781173761934042,0.0
1,30,sub-030_ses-01_task-szMonitoring_run-03,9.10488224029541,0.07822077721357346,0.0
1,30,sub-030_ses-01_task-szMonitoring_run-03,4.937297344207764,0.031304532662034035,0.0
1,30,sub-030_ses-01_task-szMonitoring_run-03,10.198431015014648,0.07841537706553936,0.0
1,30,sub-030_ses-01_task-szMonitoring_run-03,5.036794662475586,0.03072499856352806,0.0
1,30,sub-030_ses-01_task-szMonitoring_run-03,4.959444522857666,0.03199721872806549,0.0
1,30,sub-030_ses-01_task-szMonitoring_run-03,10.738958358764648,0.07735435105860233,0.0
1,30,sub-030_ses-01_task-szMonitoring_run-03,5.003787994384766,0.03188190050423145,0.0
0,30,sub-030_ses-01_task-szMonitoring_run-03,5.345527172088623,0.06561574339866638,0.0
0,30,sub-030_ses-01_task-szMonitoring_run-03,5.186915874481201,0.04641118273139,0.0
0,30,sub-030_ses-01_task-szMonitoring_run-03,6.277150630950928,0.06001216918230057,0.0
0,30,sub-030_ses-01_task-szMonitoring_run-03,6.005882740020752,0.037735557183623314,0.0
0,30,sub-030_ses-01_task-szMonitoring_run-03,24.913331985473633,0.07122885063290596,0.0
0,30,sub-030_ses-01_task-szMonitoring_run-03,4.5469746589660645,0.06611819565296173,0.0
0,30,sub-030_ses-01_task-szMonitoring_run-03,5.009636402130127,0.06682980060577393,0.0
0,30,sub-030_ses-01_task-szMonitoring_run-03,4.6908955574035645,0.06761728972196579,0.0
0,30,sub-030_ses-01_task-szMonitoring_run-03,5.974537372589111,0.05310383066534996,0.0
0,30,sub-030_ses-01_task-szMonitoring_run-03,5.601049900054932,0.058638036251068115,0.0
0,30,sub-030_ses-01_task-szMonitoring_run-04,32.677520751953125,0.09338626265525818,0.0
1,30,sub-030_ses-01_task-szMonitoring_run-05,11.449381828308105,0.03254402615129948,0.0
1,30,sub-030_ses-01_task-szMonitoring_run-05,5.596894264221191,0.05076957494020462,0.0
1,30,sub-030_ses-01_task-szMonitoring_run-05,9.81863021850586,0.03978746943175793,0.0
1,30,sub-030_ses-01_task-szMonitoring_run-05,5.416986465454102,0.05249926075339317,0.0
1,30,sub-030_ses-01_task-szMonitoring_run-05,10.75691032409668,0.03578539565205574,0.0
1,30,sub-030_ses-01_task-szMonitoring_run-05,5.10492467880249,0.052206266671419144,0.0
1,30,sub-030_ses-01_task-szMonitoring_run-05,7.980205535888672,0.046542031690478325,0.0
1,30,sub-030_ses-01_task-szMonitoring_run-05,4.965664863586426,0.047703832387924194,0.0
1,30,sub-030_ses-01_task-szMonitoring_run-05,5.210129261016846,0.051152098923921585,0.0
1,30,sub-030_ses-01_task-szMonitoring_run-05,5.6725029945373535,0.04676761478185654,0.0
1,30,sub-030_ses-01_task-szMonitoring_run-05,6.619674205780029,0.05606491677463055,0.0
1,30,sub-030_ses-01_task-szMonitoring_run-05,7.386475086212158,0.05134914629161358,0.0
1,30,sub-030_ses-01_task-szMonitoring_run-05,4.720522403717041,0.05766833573579788,0.0
1,30,sub-030_ses-01_task-szMonitoring_run-05,8.664198875427246,0.04379739239811897,0.0
1,30,sub-030_ses-01_task-szMonitoring_run-05,5.616673946380615,0.05065707117319107,0.0
1,30,sub-030_ses-01_task-szMonitoring_run-05,5.753093242645264,0.04610828682780266,0.0
1,30,sub-030_ses-01_task-szMonitoring_run-05,4.968805313110352,0.053572170436382294,0.0
1,30,sub-030_ses-01_task-szMonitoring_run-05,10.060250282287598,0.03762691654264927,0.0
0,30,sub-030_ses-01_task-szMonitoring_run-05,7.609196662902832,0.05669901520013809,0.0
0,30,sub-030_ses-01_task-szMonitoring_run-05,14.999218940734863,0.027459798380732536,0.0
0,30,sub-030_ses-01_task-szMonitoring_run-05,6.772628307342529,0.06924568489193916,0.0
0,30,sub-030_ses-01_task-szMonitoring_run-05,15.190155982971191,0.026822596788406372,0.0
0,30,sub-030_ses-01_task-szMonitoring_run-05,13.476493835449219,0.028911100700497627,0.0
0,30,sub-030_ses-01_task-szMonitoring_run-05,4.49690580368042,0.03220386803150177,0.0
0,30,sub-030_ses-01_task-szMonitoring_run-05,7.828653335571289,0.051508111879229546,0.0
0,30,sub-030_ses-01_task-szMonitoring_run-05,8.23576831817627,0.030367597937583923,0.0
0,30,sub-030_ses-01_task-szMonitoring_run-06,5.182808876037598,0.05871662124991417,0.0
0,30,sub-030_ses-01_task-szMonitoring_run-06,4.03362512588501,0.07205859944224358,0.0
0,30,sub-030_ses-01_task-szMonitoring_run-07,8.44455337524414,0.08463766425848007,0.0
0,30,sub-030_ses-01_task-szMonitoring_run-07,4.0306501388549805,0.06722542271018028,0.0
0,30,sub-030_ses-01_task-szMonitoring_run-07,5.7585296630859375,0.10699526220560074,0.0
0,30,sub-030_ses-01_task-szMonitoring_run-07,15.14027214050293,0.03574947081506252,0.0
0,30,sub-030_ses-01_task-szMonitoring_run-07,5.214900016784668,0.09525531530380249,0.0
0,30,sub-030_ses-01_task-szMonitoring_run-07,10.038701057434082,0.03722372278571129,0.0
0,30,sub-030_ses-01_task-szMonitoring_run-07,8.117769241333008,0.03225095570087433,0.0
0,30,sub-030_ses-01_task-szMonitoring_run-07,8.430685997009277,0.033658137544989586,0.0
0,30,sub-030_ses-01_task-szMonitoring_run-07,3.6085121631622314,0.032982589676976204,0.0
0,30,sub-030_ses-01_task-szMonitoring_run-07,3.213456630706787,0.053483324125409126,0.0
0,30,sub-030_ses-01_task-szMonitoring_run-08,3.9613542556762695,0.09965788945555687,0.0
0,30,sub-030_ses-01_task-szMonitoring_run-09,3.7176060676574707,0.09282344207167625,0.0
0,30,sub-030_ses-01_task-szMonitoring_run-09,8.51829719543457,0.04309830069541931,0.0
0,30,sub-030_ses-01_task-szMonitoring_run-09,14.15604305267334,0.043442705646157265,0.0
0,30,sub-030_ses-01_task-szMonitoring_run-09,11.460930824279785,0.04489746689796448,0.0
0,30,sub-030_ses-01_task-szMonitoring_run-09,8.805278778076172,0.14047212153673172,0.0
0,30,sub-030_ses-01_task-szMonitoring_run-09,5.082203388214111,0.06966469436883926,0.0
0,30,sub-030_ses-01_task-szMonitoring_run-09,12.619142532348633,0.05645584128797054,0.0
0,30,sub-030_ses-01_task-szMonitoring_run-09,7.0670318603515625,0.052050795406103134,0.0
0,30,sub-030_ses-01_task-szMonitoring_run-09,15.178895950317383,0.0434112474322319,0.0
0,30,sub-030_ses-01_task-szMonitoring_run-09,5.59910774230957,0.04890703409910202,0.0
0,30,sub-030_ses-01_task-szMonitoring_run-09,15.582649230957031,0.028916794806718826,0.0
0,30,sub-030_ses-01_task-szMonitoring_run-09,7.492129325866699,0.05846646800637245,0.0
0,30,sub-030_ses-01_task-szMonitoring_run-09,7.408327102661133,0.05610642582178116,0.0
0,31,sub-031_ses-01_task-szMonitoring_run-01,9.880438804626465,0.16730348765850067,0.0
0,31,sub-031_ses-01_task-szMonitoring_run-01,11.683616638183594,0.16235199198126793,0.0
0,31,sub-031_ses-01_task-szMonitoring_run-02,13.0499849319458,0.11954881995916367,0.0
0,31,sub-031_ses-01_task-szMonitoring_run-02,5.353447437286377,0.1718355230987072,0.0
0,31,sub-031_ses-01_task-szMonitoring_run-02,14.312187194824219,0.12165678665041924,0.0
0,31,sub-031_ses-01_task-szMonitoring_run-02,11.532609939575195,0.12855522334575653,0.0
0,31,sub-031_ses-01_task-szMonitoring_run-02,38.43715286254883,0.042620111256837845,0.0
0,31,sub-031_ses-01_task-szMonitoring_run-02,31.28754425048828,0.062036821618676186,0.0
0,31,sub-031_ses-01_task-szMonitoring_run-02,7.668996334075928,0.11812688782811165,0.0
1,31,sub-031_ses-01_task-szMonitoring_run-03,27.32988929748535,0.13725557923316956,0.0
1,31,sub-031_ses-01_task-szMonitoring_run-03,14.168027877807617,0.03628401271998882,0.0
1,31,sub-031_ses-01_task-szMonitoring_run-03,27.959871292114258,0.13285527378320694,0.0
1,31,sub-031_ses-01_task-szMonitoring_run-03,28.638967514038086,0.13407517969608307,0.0
1,31,sub-031_ses-01_task-szMonitoring_run-03,29.350940704345703,0.13407517969608307,0.0
1,31,sub-031_ses-01_task-szMonitoring_run-03,17.873558044433594,0.039601054042577744,0.0
1,31,sub-031_ses-01_task-szMonitoring_run-03,27.12632942199707,0.13804810494184494,0.0
1,31,sub-031_ses-01_task-szMonitoring_run-03,18.19950294494629,0.04021977819502354,0.0
1,31,sub-031_ses-01_task-szMonitoring_run-03,18.088441848754883,0.040338752791285515,0.0
1,31,sub-031_ses-01_task-szMonitoring_run-03,18.19950294494629,0.03939363919198513,0.0
1,31,sub-031_ses-01_task-szMonitoring_run-03,13.696645736694336,0.03649272955954075,0.0
0,31,sub-031_ses-01_task-szMonitoring_run-03,24.854400634765625,0.11502835899591446,0.0
0,31,sub-031_ses-01_task-szMonitoring_run-03,7.377827167510986,0.12167080491781235,0.0
0,31,sub-031_ses-01_task-szMonitoring_run-03,16.83646011352539,0.10161740332841873,0.0
0,31,sub-031_ses-01_task-szMonitoring_run-04,5.776735782623291,0.12929874658584595,0.0
0,31,sub-031_ses-01_task-szMonitoring_run-04,6.099127769470215,0.15913451462984085,0.0
0,31,sub-031_ses-01_task-szMonitoring_run-05,13.558320999145508,0.15850792452692986,0.0
0,31,sub-031_ses-01_task-szMonitoring_run-05,34.04352569580078,0.04894072934985161,0.0
0,31,sub-031_ses-01_task-szMonitoring_run-05,43.80006790161133,0.055952632799744606,0.0
0,31,sub-031_ses-01_task-szMonitoring_run-05,13.083100318908691,0.16588138043880463,0.0
0,31,sub-031_ses-01_task-szMonitoring_run-05,11.47612476348877,0.15896844491362572,0.0
0,31,sub-031_ses-01_task-szMonitoring_run-05,12.804102897644043,0.15808190032839775,0.0
0,31,sub-031_ses-01_task-szMonitoring_run-05,12.221651077270508,0.10948977991938591,0.0
0,31,sub-031_ses-01_task-szMonitoring_run-05,35.02964401245117,0.039378900080919266,0.0
0,31,sub-031_ses-01_task-szMonitoring_run-05,27.147174835205078,0.05755296349525452,0.0
0,31,sub-031_ses-01_task-szMonitoring_run-05,11.87586498260498,0.10881350189447403,0.0
0,31,sub-031_ses-01_task-szMonitoring_run-05,38.87424087524414,0.05164940841495991,0.0
0,31,sub-031_ses-01_task-szMonitoring_run-05,25.639989852905273,0.08234648779034615,0.0
0,31,sub-031_ses-01_task-szMonitoring_run-05,7.192498207092285,0.143534105271101,0.0
0,31,sub-031_ses-01_task-szMonitoring_run-06,21.040008544921875,0.12568118423223495,0.0
0,31,sub-031_ses-01_task-szMonitoring_run-06,26.92856216430664,0.13541873544454575,0.0
0,31,sub-031_ses-01_task-szMonitoring_run-06,7.794316291809082,0.1506626009941101,0.0
0,31,sub-031_ses-01_task-szMonitoring_run-07,7.170799255371094,0.09057679027318954,0.0
0,31,sub-031_ses-01_task-szMonitoring_run-07,9.819696426391602,0.02974002156406641,0.0
0,31,sub-031_ses-01_task-szMonitoring_run-07,14.213627815246582,0.0475507490336895,0.0
0,31,sub-031_ses-01_task-szMonitoring_run-07,28.511404037475586,0.0732356533408165,0.0
0,31,sub-031_ses-01_task-szMonitoring_run-07,8.550539016723633,0.12706046178936958,0.0
0,31,sub-031_ses-01_task-szMonitoring_run-07,6.623064994812012,0.1484885960817337,0.0
0,31,sub-031_ses-01_task-szMonitoring_run-07,16.09039878845215,0.0806962214410305,0.0
0,31,sub-031_ses-01_task-szMonitoring_run-08,12.812761306762695,0.026902159675955772,0.0
0,31,sub-031_ses-01_task-szMonitoring_run-08,45.71048355102539,0.06328505836427212,0.0
0,31,sub-031_ses-01_task-szMonitoring_run-09,5.879817008972168,0.15160191804170609,0.0
0,31,sub-031_ses-01_task-szMonitoring_run-09,6.564244270324707,0.129978209733963,0.0
0,31,sub-031_ses-01_task-szMonitoring_run-09,6.715721130371094,0.17924785614013672,0.0
0,31,sub-031_ses-01_task-szMonitoring_run-10,14.887622833251953,0.16476964205503464,0.0
0,31,sub-031_ses-01_task-szMonitoring_run-10,14.075221061706543,0.12981079518795013,0.0
0,31,sub-031_ses-01_task-szMonitoring_run-10,28.86158561706543,0.059315331280231476,0.0
0,31,sub-031_ses-01_task-szMonitoring_run-10,13.417957305908203,0.10208038985729218,0.0
0,31,sub-031_ses-01_task-szMonitoring_run-10,34.289886474609375,0.047818686813116074,0.0
0,31,sub-031_ses-01_task-szMonitoring_run-10,12.605179786682129,0.08118584752082825,0.0
0,31,sub-031_ses-01_task-szMonitoring_run-10,11.310851097106934,0.10069981962442398,0.0
0,31,sub-031_ses-01_task-szMonitoring_run-10,13.056846618652344,0.06627633795142174,0.0
0,31,sub-031_ses-01_task-szMonitoring_run-10,14.830925941467285,0.053683970123529434,0.0
0,31,sub-031_ses-01_task-szMonitoring_run-10,23.849300384521484,0.14772341400384903,0.0
0,31,sub-031_ses-01_task-szMonitoring_run-10,35.089447021484375,0.0460076630115509,0.0
0,31,sub-031_ses-01_task-szMonitoring_run-10,7.459846496582031,0.13042400032281876,0.0
0,31,sub-031_ses-01_task-szMonitoring_run-10,14.472091674804688,0.14482670277357101,0.0
0,31,sub-031_ses-01_task-szMonitoring_run-10,10.585254669189453,0.1274910792708397,0.0
0,31,sub-031_ses-01_task-szMonitoring_run-10,27.585248947143555,0.05502502620220184,0.0
0,32,sub-032_ses-01_task-szMonitoring_run-01,20.73538589477539,0.20571015775203705,0.0
0,32,sub-032_ses-01_task-szMonitoring_run-01,7.069118976593018,0.23479945212602615,0.0
0,32,sub-032_ses-01_task-szMonitoring_run-01,8.292746543884277,0.1634286418557167,0.0
0,32,sub-032_ses-01_task-szMonitoring_run-01,4.279653549194336,0.17812331765890121,0.0
0,32,sub-032_ses-01_task-szMonitoring_run-01,20.36079216003418,0.21963899582624435,0.0
0,32,sub-032_ses-01_task-szMonitoring_run-02,7.052707195281982,0.24074243754148483,0.0
0,32,sub-032_ses-01_task-szMonitoring_run-02,5.70856237411499,0.09571248851716518,0.0
0,32,sub-032_ses-01_task-szMonitoring_run-02,4.681192874908447,0.14114230126142502,0.0
0,32,sub-032_ses-01_task-szMonitoring_run-02,6.79775333404541,0.09190879575908184,0.0
0,32,sub-032_ses-01_task-szMonitoring_run-02,5.585029602050781,0.10039081238210201,0.0
0,32,sub-032_ses-01_task-szMonitoring_run-02,11.006855010986328,0.10389252752065659,0.0
0,32,sub-032_ses-01_task-szMonitoring_run-02,11.863053321838379,0.053809985518455505,0.0
0,32,sub-032_ses-01_task-szMonitoring_run-02,9.679342269897461,0.1433059386909008,0.0
0,32,sub-032_ses-01_task-szMonitoring_run-02,10.305511474609375,0.0742296539247036,0.0
0,32,sub-032_ses-01_task-szMonitoring_run-02,10.291243553161621,0.08132555894553661,0.0
0,32,sub-032_ses-01_task-szMonitoring_run-02,8.73733901977539,0.07893617451190948,0.0
0,32,sub-032_ses-01_task-szMonitoring_run-02,23.30202865600586,0.0775577761232853,0.0
0,32,sub-032_ses-01_task-szMonitoring_run-02,21.437946319580078,0.0917838029563427,0.0
0,32,sub-032_ses-01_task-szMonitoring_run-03,10.431106567382812,0.1656499207019806,0.0
0,32,sub-032_ses-01_task-szMonitoring_run-04,8.849114418029785,0.24604489654302597,0.0
0,32,sub-032_ses-01_task-szMonitoring_run-04,7.884768486022949,0.09834762290120125,0.0
0,32,sub-032_ses-01_task-szMonitoring_run-04,15.09758472442627,0.05906408652663231,0.0
0,32,sub-032_ses-01_task-szMonitoring_run-04,4.3548455238342285,0.17916418239474297,0.0
0,32,sub-032_ses-01_task-szMonitoring_run-04,9.222636222839355,0.2773386165499687,0.0
0,32,sub-032_ses-01_task-szMonitoring_run-04,7.083504676818848,0.1694934219121933,0.0
0,32,sub-032_ses-01_task-szMonitoring_run-07,17.46526336669922,0.10098439455032349,0.0
0,32,sub-032_ses-01_task-szMonitoring_run-07,12.909201622009277,0.10269595682621002,0.0
0,32,sub-032_ses-01_task-szMonitoring_run-08,4.142366409301758,0.130866140127182,0.0
0,32,sub-032_ses-01_task-szMonitoring_run-08,5.531294345855713,0.13839856535196304,0.0
0,32,sub-032_ses-01_task-szMonitoring_run-08,12.218884468078613,0.0764164961874485,0.0
0,32,sub-032_ses-01_task-szMonitoring_run-08,7.345127582550049,0.15188033878803253,0.0
0,32,sub-032_ses-01_task-szMonitoring_run-08,15.492363929748535,0.1697733849287033,0.0
0,32,sub-032_ses-01_task-szMonitoring_run-08,16.439281463623047,0.0819307342171669,0.0
0,32,sub-032_ses-01_task-szMonitoring_run-08,5.306427001953125,0.13573423027992249,0.0
0,32,sub-032_ses-01_task-szMonitoring_run-08,11.538285255432129,0.0746736116707325,0.0
0,32,sub-032_ses-01_task-szMonitoring_run-09,8.464424133300781,0.20499666780233383,0.0
0,32,sub-032_ses-01_task-szMonitoring_run-09,6.4060869216918945,0.16806484758853912,0.0
0,32,sub-032_ses-01_task-szMonitoring_run-09,13.019189834594727,0.11354690790176392,0.0
0,32,sub-032_ses-01_task-szMonitoring_run-09,7.993651390075684,0.1810845583677292,0.0
0,32,sub-032_ses-01_task-szMonitoring_run-10,17.006755828857422,0.045461924746632576,0.0
0,32,sub-032_ses-01_task-szMonitoring_run-10,6.172007083892822,0.23207445815205574,0.0
0,32,sub-032_ses-01_task-szMonitoring_run-10,4.23557710647583,0.2173060029745102,0.0
0,32,sub-032_ses-01_task-szMonitoring_run-10,12.632649421691895,0.07427451759576797,0.0
0,32,sub-032_ses-01_task-szMonitoring_run-10,9.79844856262207,0.08021178282797337,0.0
0,32,sub-032_ses-01_task-szMonitoring_run-10,6.469615936279297,0.15225020796060562,0.0
0,32,sub-032_ses-01_task-szMonitoring_run-10,8.608014106750488,0.18320807069540024,0.0
0,32,sub-032_ses-01_task-szMonitoring_run-10,10.690313339233398,0.05668041482567787,0.0
0,32,sub-032_ses-01_task-szMonitoring_run-10,11.105684280395508,0.0749843679368496,0.0
0,32,sub-032_ses-01_task-szMonitoring_run-10,5.7743754386901855,0.20007526502013206,0.0
0,32,sub-032_ses-01_task-szMonitoring_run-10,6.281023025512695,0.20520390570163727,0.0
0,33,sub-033_ses-01_task-szMonitoring_run-01,13.083449363708496,0.14459411799907684,0.0
0,33,sub-033_ses-01_task-szMonitoring_run-01,69.08512115478516,0.08646782487630844,0.0
0,33,sub-033_ses-01_task-szMonitoring_run-01,14.202810287475586,0.14526458829641342,0.0
0,33,sub-033_ses-01_task-szMonitoring_run-01,12.679944038391113,0.1652774065732956,0.0
0,33,sub-033_ses-01_task-szMonitoring_run-01,9.971386909484863,0.1706985980272293,0.0
0,33,sub-033_ses-01_task-szMonitoring_run-01,24.586549758911133,0.14262789487838745,0.0
0,33,sub-033_ses-01_task-szMonitoring_run-01,73.643310546875,0.07779906690120697,0.0
0,33,sub-033_ses-01_task-szMonitoring_run-02,14.391668319702148,0.05924285016953945,0.0
0,33,sub-033_ses-01_task-szMonitoring_run-02,39.20832824707031,0.16138122975826263,0.0
0,33,sub-033_ses-01_task-szMonitoring_run-02,57.32714080810547,0.18815413862466812,0.0
0,33,sub-033_ses-01_task-szMonitoring_run-02,25.850181579589844,0.10843554884195328,0.0
0,33,sub-033_ses-01_task-szMonitoring_run-02,12.340038299560547,0.043180735781788826,0.0
0,33,sub-033_ses-01_task-szMonitoring_run-02,14.306933403015137,0.10711879283189774,0.0
0,33,sub-033_ses-01_task-szMonitoring_run-04,34.11418151855469,0.10632816702127457,0.0
0,33,sub-033_ses-01_task-szMonitoring_run-05,24.639541625976562,0.16677098721265793,0.0
0,33,sub-033_ses-01_task-szMonitoring_run-05,9.264187812805176,0.11910000443458557,0.0
0,33,sub-033_ses-01_task-szMonitoring_run-05,5.342860221862793,0.1481836810708046,0.0
0,33,sub-033_ses-01_task-szMonitoring_run-05,11.75177001953125,0.08163684606552124,0.0
0,33,sub-033_ses-01_task-szMonitoring_run-06,10.652947425842285,0.08238856121897697,0.0
0,33,sub-033_ses-01_task-szMonitoring_run-06,9.202380180358887,0.09781021252274513,0.0
0,33,sub-033_ses-01_task-szMonitoring_run-06,19.97855567932129,0.040259167551994324,0.0
0,33,sub-033_ses-01_task-szMonitoring_run-06,11.045052528381348,0.06828173622488976,0.0
0,33,sub-033_ses-01_task-szMonitoring_run-06,8.731942176818848,0.0765192024409771,0.0
0,33,sub-033_ses-01_task-szMonitoring_run-07,5.571432113647461,0.12675882130861282,0.0
0,33,sub-033_ses-01_task-szMonitoring_run-08,5.533016204833984,0.0941622331738472,0.0
0,33,sub-033_ses-01_task-szMonitoring_run-08,4.287647247314453,0.16921001859009266,0.0
0,33,sub-033_ses-01_task-szMonitoring_run-08,6.790656566619873,0.11322774738073349,0.0
0,33,sub-033_ses-01_task-szMonitoring_run-08,3.9123799800872803,0.12185527384281158,0.0
0,33,sub-033_ses-01_task-szMonitoring_run-08,14.657349586486816,0.07338017597794533,0.0
0,33,sub-033_ses-01_task-szMonitoring_run-08,8.20777702331543,0.08797318488359451,0.0
0,33,sub-033_ses-01_task-szMonitoring_run-08,14.60369873046875,0.05602565035223961,0.0
0,33,sub-033_ses-01_task-szMonitoring_run-08,7.071105480194092,0.10354268550872803,0.0
0,33,sub-033_ses-01_task-szMonitoring_run-08,6.787746906280518,0.1210227757692337,0.0
0,33,sub-033_ses-01_task-szMonitoring_run-08,5.5668230056762695,0.11932205408811569,0.0
0,33,sub-033_ses-01_task-szMonitoring_run-08,10.190128326416016,0.09538901597261429,0.0
0,33,sub-033_ses-01_task-szMonitoring_run-08,5.968703746795654,0.10612752288579941,0.0
0,33,sub-033_ses-01_task-szMonitoring_run-08,4.130184650421143,0.11641129106283188,0.0
0,33,sub-033_ses-01_task-szMonitoring_run-10,7.35799503326416,0.08748609572649002,0.0
0,33,sub-033_ses-01_task-szMonitoring_run-10,5.231167316436768,0.121711615473032,0.0
0,33,sub-033_ses-01_task-szMonitoring_run-10,7.358431816101074,0.10984520614147186,0.0
0,33,sub-033_ses-01_task-szMonitoring_run-10,10.656927108764648,0.08551328256726265,0.0
0,33,sub-033_ses-01_task-szMonitoring_run-10,8.434205055236816,0.09229705110192299,0.0
0,33,sub-033_ses-01_task-szMonitoring_run-10,64.69010162353516,0.10113658010959625,0.0
0,33,sub-033_ses-01_task-szMonitoring_run-11,9.814698219299316,0.07117939926683903,0.0
0,33,sub-033_ses-01_task-szMonitoring_run-11,13.228180885314941,0.05872037261724472,0.0
0,33,sub-033_ses-01_task-szMonitoring_run-11,4.688713550567627,0.08259005099534988,0.0
0,33,sub-033_ses-01_task-szMonitoring_run-11,12.693366050720215,0.07026118040084839,0.0
0,33,sub-033_ses-01_task-szMonitoring_run-11,13.460531234741211,0.05995028838515282,0.0
0,33,sub-033_ses-01_task-szMonitoring_run-11,5.326406002044678,0.09709656238555908,0.0
0,33,sub-033_ses-01_task-szMonitoring_run-11,13.445862770080566,0.05891404673457146,0.0
0,33,sub-033_ses-01_task-szMonitoring_run-11,12.502400398254395,0.07469492964446545,0.0
1,33,sub-033_ses-01_task-szMonitoring_run-12,4.843159198760986,0.10257916152477264,0.0
1,33,sub-033_ses-01_task-szMonitoring_run-12,5.003071308135986,0.09840217977762222,0.0
1,33,sub-033_ses-01_task-szMonitoring_run-12,4.918822288513184,0.10126884281635284,0.0
1,33,sub-033_ses-01_task-szMonitoring_run-12,4.879730701446533,0.10119198262691498,0.0
1,33,sub-033_ses-01_task-szMonitoring_run-12,4.980293273925781,0.09884972870349884,0.0
1,33,sub-033_ses-01_task-szMonitoring_run-12,4.986865520477295,0.09967941790819168,0.0
1,33,sub-033_ses-01_task-szMonitoring_run-12,4.945042610168457,0.09939277172088623,0.0
1,33,sub-033_ses-01_task-szMonitoring_run-12,5.022941589355469,0.09752219170331955,0.0
0,33,sub-033_ses-01_task-szMonitoring_run-13,15.291753768920898,0.07055113837122917,0.0
0,33,sub-033_ses-01_task-szMonitoring_run-13,5.666707515716553,0.08596178144216537,0.0
0,33,sub-033_ses-01_task-szMonitoring_run-13,9.869988441467285,0.11880401521921158,0.0
0,33,sub-033_ses-01_task-szMonitoring_run-13,7.578835487365723,0.0685698464512825,0.0
0,33,sub-033_ses-01_task-szMonitoring_run-13,10.06192398071289,0.06545865535736084,0.0
0,33,sub-033_ses-01_task-szMonitoring_run-13,27.566892623901367,0.12219315022230148,0.0
0,33,sub-033_ses-01_task-szMonitoring_run-13,23.304155349731445,0.07251996919512749,0.0
0,33,sub-033_ses-01_task-szMonitoring_run-13,29.04334259033203,0.08216623216867447,0.0
0,33,sub-033_ses-01_task-szMonitoring_run-13,11.34986400604248,0.06931040436029434,0.0
0,33,sub-033_ses-01_task-szMonitoring_run-13,16.863876342773438,0.07251989841461182,0.0
0,33,sub-033_ses-01_task-szMonitoring_run-13,8.475955963134766,0.07515665143728256,0.0
0,33,sub-033_ses-01_task-szMonitoring_run-13,11.44324016571045,0.13343632780015469,0.0
0,33,sub-033_ses-01_task-szMonitoring_run-13,11.73314094543457,0.0841040164232254,0.0
0,33,sub-033_ses-01_task-szMonitoring_run-13,8.789273262023926,0.10948830842971802,0.0
1,34,sub-034_ses-01_task-szMonitoring_run-01,14.59670352935791,0.10582362860441208,0.0
1,34,sub-034_ses-01_task-szMonitoring_run-01,14.850920677185059,0.1035141795873642,0.0
1,34,sub-034_ses-01_task-szMonitoring_run-01,12.813252449035645,0.10742661356925964,0.0
1,34,sub-034_ses-01_task-szMonitoring_run-01,14.170794486999512,0.10633408278226852,0.0
1,34,sub-034_ses-01_task-szMonitoring_run-01,12.817327499389648,0.10831174999475479,0.0
0,34,sub-034_ses-01_task-szMonitoring_run-02,7.8345136642456055,0.11597810685634613,0.0
0,34,sub-034_ses-01_task-szMonitoring_run-02,6.1799635887146,0.12569788098335266,0.0
0,34,sub-034_ses-01_task-szMonitoring_run-02,9.818360328674316,0.14195841550827026,0.0
0,34,sub-034_ses-01_task-szMonitoring_run-02,12.394549369812012,0.10391293466091156,0.0
0,34,sub-034_ses-01_task-szMonitoring_run-02,8.493149757385254,0.1261124387383461,0.0
1,34,sub-034_ses-01_task-szMonitoring_run-03,10.171804428100586,0.0983101949095726,0.0
1,34,sub-034_ses-01_task-szMonitoring_run-03,26.589828491210938,0.11232177913188934,0.0
1,34,sub-034_ses-01_task-szMonitoring_run-03,9.967437744140625,0.11004146188497543,0.0
1,34,sub-034_ses-01_task-szMonitoring_run-03,9.921747207641602,0.11028394103050232,0.0
1,34,sub-034_ses-01_task-szMonitoring_run-03,10.36096477508545,0.10099752992391586,0.0
1,34,sub-034_ses-01_task-szMonitoring_run-03,10.44009780883789,0.09729985892772675,0.0
1,34,sub-034_ses-01_task-szMonitoring_run-03,21.72406578063965,0.12062305212020874,0.0
0,34,sub-034_ses-01_task-szMonitoring_run-03,24.48463249206543,0.13255446404218674,0.0
1,34,sub-034_ses-01_task-szMonitoring_run-07,10.480337142944336,0.038880810141563416,0.0
1,34,sub-034_ses-01_task-szMonitoring_run-07,8.918893814086914,0.040519267320632935,0.0
1,34,sub-034_ses-01_task-szMonitoring_run-07,11.034664154052734,0.10703634470701218,0.0
1,34,sub-034_ses-01_task-szMonitoring_run-07,9.953413963317871,0.0403173603117466,0.0
1,34,sub-034_ses-01_task-szMonitoring_run-07,9.967333793640137,0.04388371855020523,0.0
1,34,sub-034_ses-01_task-szMonitoring_run-07,8.350194931030273,0.04108420014381409,0.0
1,34,sub-034_ses-01_task-szMonitoring_run-07,14.029542922973633,0.0992683619260788,0.0
1,34,sub-034_ses-01_task-szMonitoring_run-07,14.5141019821167,0.09796670824289322,0.0
0,34,sub-034_ses-01_task-szMonitoring_run-07,16.117305755615234,0.1110711619257927,0.0
0,34,sub-034_ses-01_task-szMonitoring_run-07,8.347970962524414,0.08166514337062836,0.0
0,34,sub-034_ses-01_task-szMonitoring_run-07,11.337571144104004,0.08415515720844269,0.0
0,34,sub-034_ses-01_task-szMonitoring_run-07,11.59032917022705,0.03420831635594368,0.0
0,34,sub-034_ses-01_task-szMonitoring_run-07,10.37196159362793,0.09485054761171341,0.0
0,34,sub-034_ses-01_task-szMonitoring_run-07,17.108226776123047,0.09535311162471771,0.0
0,34,sub-034_ses-01_task-szMonitoring_run-07,14.091684341430664,0.09828642755746841,0.0
0,34,sub-034_ses-01_task-szMonitoring_run-07,45.81089401245117,0.08572570979595184,0.0
0,34,sub-034_ses-01_task-szMonitoring_run-07,4.518606662750244,0.13808595016598701,0.0
0,34,sub-034_ses-01_task-szMonitoring_run-07,9.413335800170898,0.14538690447807312,0.0
0,34,sub-034_ses-01_task-szMonitoring_run-08,11.1085786819458,0.11801867932081223,0.0
0,34,sub-034_ses-01_task-szMonitoring_run-08,7.849634170532227,0.1448240727186203,0.0
0,34,sub-034_ses-01_task-szMonitoring_run-08,9.694747924804688,0.12259915471076965,0.0
0,34,sub-034_ses-01_task-szMonitoring_run-08,10.991220474243164,0.11126779019832611,0.0
1,34,sub-034_ses-01_task-szMonitoring_run-09,34.99278259277344,0.10202521085739136,0.0
1,34,sub-034_ses-01_task-szMonitoring_run-09,30.307863235473633,0.11901836097240448,0.0
1,34,sub-034_ses-01_task-szMonitoring_run-09,29.617544174194336,0.12246699631214142,0.0
1,34,sub-034_ses-01_task-szMonitoring_run-09,33.6190299987793,0.11158448457717896,0.0
1,34,sub-034_ses-01_task-szMonitoring_run-09,34.6798095703125,0.10560983419418335,0.0
0,34,sub-034_ses-01_task-szMonitoring_run-09,26.84181785583496,0.10109828412532806,0.0
0,34,sub-034_ses-01_task-szMonitoring_run-09,7.92646598815918,0.14751633256673813,0.0
0,34,sub-034_ses-01_task-szMonitoring_run-09,7.323154926300049,0.12047532945871353,0.0
0,34,sub-034_ses-01_task-szMonitoring_run-09,7.0299177169799805,0.12722180783748627,0.0
0,34,sub-034_ses-01_task-szMonitoring_run-09,12.357745170593262,0.07360667735338211,0.0
0,34,sub-034_ses-01_task-szMonitoring_run-09,7.372936725616455,0.12381227314472198,0.0
0,34,sub-034_ses-01_task-szMonitoring_run-09,5.736478328704834,0.12955855578184128,0.0
0,34,sub-034_ses-01_task-szMonitoring_run-11,7.79587459564209,0.12683796882629395,0.0
0,34,sub-034_ses-01_task-szMonitoring_run-12,14.302189826965332,0.05007847771048546,0.0
0,34,sub-034_ses-01_task-szMonitoring_run-12,14.884647369384766,0.07811769098043442,0.0
0,34,sub-034_ses-01_task-szMonitoring_run-12,31.614360809326172,0.08175762742757797,0.0
0,34,sub-034_ses-01_task-szMonitoring_run-12,31.62586212158203,0.091572605073452,0.0
0,34,sub-034_ses-01_task-szMonitoring_run-12,85.1972427368164,0.10045126080513,0.0
0,34,sub-034_ses-01_task-szMonitoring_run-12,44.643497467041016,0.09238412976264954,0.0
0,34,sub-034_ses-01_task-szMonitoring_run-12,18.736879348754883,0.04743792489171028,0.0
0,34,sub-034_ses-01_task-szMonitoring_run-12,29.985380172729492,0.08242789655923843,0.0
0,34,sub-034_ses-01_task-szMonitoring_run-12,36.0524787902832,0.07603401690721512,0.0
0,34,sub-034_ses-01_task-szMonitoring_run-12,17.463529586791992,0.041778791695833206,0.0
0,34,sub-034_ses-01_task-szMonitoring_run-12,81.04498291015625,0.10830772668123245,0.0
0,34,sub-034_ses-01_task-szMonitoring_run-12,26.315383911132812,0.06284179538488388,0.0
0,34,sub-034_ses-01_task-szMonitoring_run-13,17.850101470947266,0.08935331553220749,0.0
0,34,sub-034_ses-01_task-szMonitoring_run-13,26.690317153930664,0.10488533228635788,0.0
0,34,sub-034_ses-01_task-szMonitoring_run-13,15.62731647491455,0.07966728322207928,0.0
0,34,sub-034_ses-01_task-szMonitoring_run-13,12.850061416625977,0.05417976900935173,0.0
0,34,sub-034_ses-01_task-szMonitoring_run-14,34.5351676940918,0.07126174122095108,0.0
0,34,sub-034_ses-01_task-szMonitoring_run-14,36.7454719543457,0.07705838233232498,0.0
0,34,sub-034_ses-01_task-szMonitoring_run-14,50.765132904052734,0.072586789727211,0.0
0,35,sub-035_ses-01_task-szMonitoring_run-01,8.162729263305664,0.10365976020693779,0.0
0,35,sub-035_ses-01_task-szMonitoring_run-01,12.970723152160645,0.07834367081522942,0.0
0,35,sub-035_ses-01_task-szMonitoring_run-02,9.06696605682373,0.12026551738381386,0.0
0,35,sub-035_ses-01_task-szMonitoring_run-02,12.586000442504883,0.16601721569895744,0.0
0,35,sub-035_ses-01_task-szMonitoring_run-02,8.51661205291748,0.19206959009170532,0.0
0,35,sub-035_ses-01_task-szMonitoring_run-02,7.253129959106445,0.16809643805027008,0.0
0,35,sub-035_ses-01_task-szMonitoring_run-02,9.428827285766602,0.1386992521584034,0.0
1,35,sub-035_ses-01_task-szMonitoring_run-03,20.434167861938477,0.04098724573850632,0.0
1,35,sub-035_ses-01_task-szMonitoring_run-03,23.861360549926758,0.03423831984400749,0.0
1,35,sub-035_ses-01_task-szMonitoring_run-03,22.171213150024414,0.03804367035627365,0.0
1,35,sub-035_ses-01_task-szMonitoring_run-03,23.19087791442871,0.034918200224637985,0.0
1,35,sub-035_ses-01_task-szMonitoring_run-03,20.309179306030273,0.043048419058322906,0.0
1,35,sub-035_ses-01_task-szMonitoring_run-03,20.680469512939453,0.03911837935447693,0.0
1,35,sub-035_ses-01_task-szMonitoring_run-03,23.002222061157227,0.03565274178981781,0.0
1,35,sub-035_ses-01_task-szMonitoring_run-03,21.32964324951172,0.038954734802246094,0.0
0,35,sub-035_ses-01_task-szMonitoring_run-03,29.941261291503906,0.07160986587405205,0.0
0,35,sub-035_ses-01_task-szMonitoring_run-03,23.56987953186035,0.03307851031422615,0.0
0,35,sub-035_ses-01_task-szMonitoring_run-03,23.221359252929688,0.09688109904527664,0.0
0,35,sub-035_ses-01_task-szMonitoring_run-03,13.32827091217041,0.112774807959795,0.0
1,35,sub-035_ses-01_task-szMonitoring_run-06,12.385364532470703,0.1740543693304062,0.0
1,35,sub-035_ses-01_task-szMonitoring_run-06,12.501015663146973,0.17662180960178375,0.0
1,35,sub-035_ses-01_task-szMonitoring_run-06,13.028631210327148,0.1645115353167057,0.0
1,35,sub-035_ses-01_task-szMonitoring_run-06,12.439251899719238,0.17774173244833946,0.0
1,35,sub-035_ses-01_task-szMonitoring_run-06,26.432687759399414,0.03572363033890724,0.0
1,35,sub-035_ses-01_task-szMonitoring_run-06,23.499345779418945,0.03597665950655937,0.0
1,35,sub-035_ses-01_task-szMonitoring_run-06,27.143648147583008,0.03534270450472832,0.0
1,35,sub-035_ses-01_task-szMonitoring_run-06,26.452951431274414,0.038011334836483,0.0
1,35,sub-035_ses-01_task-szMonitoring_run-06,12.801694869995117,0.17054862901568413,0.0
1,35,sub-035_ses-01_task-szMonitoring_run-06,13.154533386230469,0.16419580206274986,0.0
1,35,sub-035_ses-01_task-szMonitoring_run-06,12.561491012573242,0.17870554327964783,0.0
1,35,sub-035_ses-01_task-szMonitoring_run-06,27.680418014526367,0.03405081108212471,0.0
1,35,sub-035_ses-01_task-szMonitoring_run-06,26.061140060424805,0.03400725871324539,0.0
1,35,sub-035_ses-01_task-szMonitoring_run-07,15.068804740905762,0.03147854655981064,0.0
1,35,sub-035_ses-01_task-szMonitoring_run-07,10.832791328430176,0.06200968660414219,0.0
1,35,sub-035_ses-01_task-szMonitoring_run-07,15.840574264526367,0.06305773556232452,0.0
1,35,sub-035_ses-01_task-szMonitoring_run-07,13.365994453430176,0.04071212559938431,0.0
1,35,sub-035_ses-01_task-szMonitoring_run-07,14.937397003173828,0.03737426549196243,0.0
1,35,sub-035_ses-01_task-szMonitoring_run-07,13.785237312316895,0.04065516218543053,0.0
1,35,sub-035_ses-01_task-szMonitoring_run-07,13.247917175292969,0.05688448064029217,0.0
1,35,sub-035_ses-01_task-szMonitoring_run-07,15.255240440368652,0.03387567773461342,0.0
1,35,sub-035_ses-01_task-szMonitoring_run-07,14.722318649291992,0.03999297320842743,0.0
1,35,sub-035_ses-01_task-szMonitoring_run-07,15.669426918029785,0.06657406687736511,0.0
1,35,sub-035_ses-01_task-szMonitoring_run-07,15.088879585266113,0.036580897867679596,0.0
1,35,sub-035_ses-01_task-szMonitoring_run-07,15.027506828308105,0.03274251148104668,0.0
0,35,sub-035_ses-01_task-szMonitoring_run-07,13.183250427246094,0.0441235713660717,0.0
0,35,sub-035_ses-01_task-szMonitoring_run-07,24.733993530273438,0.03747805207967758,0.0
0,35,sub-035_ses-01_task-szMonitoring_run-07,19.835569381713867,0.09273272752761841,0.0
0,35,sub-035_ses-01_task-szMonitoring_run-07,11.364558219909668,0.03906197473406792,0.0
0,35,sub-035_ses-01_task-szMonitoring_run-07,23.3016300201416,0.061949554830789566,0.0
0,35,sub-035_ses-01_task-szMonitoring_run-07,26.790096282958984,0.049518413841724396,0.0
0,35,sub-035_ses-01_task-szMonitoring_run-08,7.504725456237793,0.11019984632730484,0.0
1,35,sub-035_ses-01_task-szMonitoring_run-09,16.036518096923828,0.0385667160153389,0.0
1,35,sub-035_ses-01_task-szMonitoring_run-09,15.979164123535156,0.038280025124549866,0.0
1,35,sub-035_ses-01_task-szMonitoring_run-09,16.220138549804688,0.03781936690211296,0.0
1,35,sub-035_ses-01_task-szMonitoring_run-09,15.954034805297852,0.03900879994034767,0.0
1,35,sub-035_ses-01_task-szMonitoring_run-09,10.32236385345459,0.038526929914951324,0.0
1,35,sub-035_ses-01_task-szMonitoring_run-09,16.53573226928711,0.0378466434776783,0.0
1,35,sub-035_ses-01_task-szMonitoring_run-09,16.110624313354492,0.03916814178228378,0.0
1,35,sub-035_ses-01_task-szMonitoring_run-09,16.71025848388672,0.0377676822245121,0.0
0,35,sub-035_ses-01_task-szMonitoring_run-09,19.5793399810791,0.059103064239025116,0.0
0,35,sub-035_ses-01_task-szMonitoring_run-09,17.45924949645996,0.08656725287437439,0.0
0,35,sub-035_ses-01_task-szMonitoring_run-09,17.74020767211914,0.03630058839917183,0.0
0,35,sub-035_ses-01_task-szMonitoring_run-10,11.912755966186523,0.23292523622512817,0.0
0,35,sub-035_ses-01_task-szMonitoring_run-10,9.498923301696777,0.12594467587769032,0.0
1,35,sub-035_ses-01_task-szMonitoring_run-11,18.798912048339844,0.043552104383707047,0.0
1,35,sub-035_ses-01_task-szMonitoring_run-11,19.930091857910156,0.04284847527742386,0.0
1,35,sub-035_ses-01_task-szMonitoring_run-11,19.373226165771484,0.042626358568668365,0.0
1,35,sub-035_ses-01_task-szMonitoring_run-11,11.115979194641113,0.04094231501221657,0.0
1,35,sub-035_ses-01_task-szMonitoring_run-11,10.836039543151855,0.03760610893368721,0.0
1,35,sub-035_ses-01_task-szMonitoring_run-11,23.9304141998291,0.03712300956249237,0.0
1,35,sub-035_ses-01_task-szMonitoring_run-11,18.981847763061523,0.043340422213077545,0.0
1,35,sub-035_ses-01_task-szMonitoring_run-11,23.993045806884766,0.03733114153146744,0.0
0,35,sub-035_ses-01_task-szMonitoring_run-11,5.011590003967285,0.044613875448703766,0.0
0,35,sub-035_ses-01_task-szMonitoring_run-11,18.36639404296875,0.05294674448668957,0.0
0,35,sub-035_ses-01_task-szMonitoring_run-11,36.41532897949219,0.03966871462762356,0.0
0,35,sub-035_ses-01_task-szMonitoring_run-11,9.240154266357422,0.15183942019939423,0.0
0,35,sub-035_ses-01_task-szMonitoring_run-11,14.153264045715332,0.10394447296857834,0.0
0,35,sub-035_ses-01_task-szMonitoring_run-11,35.486392974853516,0.035112831741571426,0.0
1,35,sub-035_ses-01_task-szMonitoring_run-14,26.119417190551758,0.05012300983071327,0.0
1,35,sub-035_ses-01_task-szMonitoring_run-14,26.149431228637695,0.06355110928416252,0.0
1,35,sub-035_ses-01_task-szMonitoring_run-14,28.910860061645508,0.0425550676882267,0.0
1,35,sub-035_ses-01_task-szMonitoring_run-14,25.81063461303711,0.052142102271318436,0.0
1,35,sub-035_ses-01_task-szMonitoring_run-14,25.490434646606445,0.059666916728019714,0.0
1,35,sub-035_ses-01_task-szMonitoring_run-14,25.465587615966797,0.0621277391910553,0.0
1,35,sub-035_ses-01_task-szMonitoring_run-14,27.41721534729004,0.04520328342914581,0.0
0,35,sub-035_ses-01_task-szMonitoring_run-14,18.41220474243164,0.06049627438187599,0.0
1,36,sub-036_ses-01_task-szMonitoring_run-01,9.776532173156738,0.03979943506419659,0.0
1,36,sub-036_ses-01_task-szMonitoring_run-01,9.196965217590332,0.038201713003218174,0.0
1,36,sub-036_ses-01_task-szMonitoring_run-01,9.248174667358398,0.03772725258022547,0.0
1,36,sub-036_ses-01_task-szMonitoring_run-01,9.331539154052734,0.037355524487793446,0.0
1,36,sub-036_ses-01_task-szMonitoring_run-01,9.876093864440918,0.03675460163503885,0.0
1,36,sub-036_ses-01_task-szMonitoring_run-01,9.678296089172363,0.038201713003218174,0.0
0,36,sub-036_ses-01_task-szMonitoring_run-01,12.65893840789795,0.1026395633816719,0.0
0,36,sub-036_ses-01_task-szMonitoring_run-01,10.962685585021973,0.1127234399318695,0.0
0,36,sub-036_ses-01_task-szMonitoring_run-01,10.875407218933105,0.05497349984943867,0.0
0,36,sub-036_ses-01_task-szMonitoring_run-01,15.44785213470459,0.05076022818684578,0.0
0,36,sub-036_ses-01_task-szMonitoring_run-01,10.433769226074219,0.0973479300737381,0.0
0,36,sub-036_ses-01_task-szMonitoring_run-01,18.74761390686035,0.04429464600980282,0.0
0,36,sub-036_ses-01_task-szMonitoring_run-01,8.402301788330078,0.16661369800567627,0.0
0,36,sub-036_ses-01_task-szMonitoring_run-01,13.14766788482666,0.11931302398443222,0.0
0,36,sub-036_ses-01_task-szMonitoring_run-01,6.153512954711914,0.11987817659974098,0.0
0,36,sub-036_ses-01_task-szMonitoring_run-01,9.211270332336426,0.12219717353582382,0.0
0,37,sub-037_ses-01_task-szMonitoring_run-01,20.273887634277344,0.1382143683731556,0.0
0,37,sub-037_ses-01_task-szMonitoring_run-01,20.46728515625,0.08490645885467529,0.0
0,37,sub-037_ses-01_task-szMonitoring_run-01,22.186939239501953,0.05615703761577606,0.0
0,37,sub-037_ses-01_task-szMonitoring_run-01,13.55936050415039,0.1580539532005787,0.0
0,37,sub-037_ses-01_task-szMonitoring_run-01,12.730647087097168,0.15172457322478294,0.0
0,37,sub-037_ses-01_task-szMonitoring_run-01,21.801631927490234,0.0791701078414917,0.0
0,37,sub-037_ses-01_task-szMonitoring_run-01,26.601404190063477,0.07400250434875488,0.0
0,38,sub-038_ses-01_task-szMonitoring_run-01,18.4122371673584,0.11956463009119034,0.0
0,38,sub-038_ses-01_task-szMonitoring_run-01,31.558332443237305,0.04309718683362007,0.0
0,38,sub-038_ses-01_task-szMonitoring_run-01,7.953089714050293,0.2203797772526741,0.0
0,38,sub-038_ses-01_task-szMonitoring_run-01,19.909957885742188,0.06810668110847473,0.0
0,38,sub-038_ses-01_task-szMonitoring_run-01,23.266727447509766,0.11304265260696411,0.0
0,38,sub-038_ses-01_task-szMonitoring_run-01,31.359678268432617,0.04200970008969307,0.0
0,38,sub-038_ses-01_task-szMonitoring_run-01,23.46651268005371,0.11182323098182678,0.0
0,38,sub-038_ses-01_task-szMonitoring_run-01,14.134939193725586,0.08735792338848114,0.0
0,38,sub-038_ses-01_task-szMonitoring_run-01,29.34678077697754,0.08521617949008942,0.0
0,38,sub-038_ses-01_task-szMonitoring_run-01,6.348144054412842,0.02820347622036934,0.0
0,38,sub-038_ses-01_task-szMonitoring_run-01,30.920324325561523,0.046288806945085526,0.0
0,38,sub-038_ses-01_task-szMonitoring_run-01,10.580289840698242,0.12281417846679688,0.0
0,38,sub-038_ses-01_task-szMonitoring_run-01,18.05107307434082,0.0771138072013855,0.0
0,38,sub-038_ses-01_task-szMonitoring_run-01,15.301081657409668,0.17680751904845238,0.0
0,38,sub-038_ses-01_task-szMonitoring_run-03,11.200743675231934,0.2344227060675621,0.0
0,38,sub-038_ses-01_task-szMonitoring_run-03,8.418490409851074,0.06423937529325485,0.0
0,38,sub-038_ses-01_task-szMonitoring_run-03,14.587644577026367,0.06927420198917389,0.0
0,38,sub-038_ses-01_task-szMonitoring_run-03,8.08916187286377,0.08039487898349762,0.0
0,38,sub-038_ses-01_task-szMonitoring_run-03,26.834993362426758,0.0639779269695282,0.0
0,38,sub-038_ses-01_task-szMonitoring_run-03,23.79054832458496,0.0879446268081665,0.0
0,38,sub-038_ses-01_task-szMonitoring_run-03,12.342529296875,0.10850124806165695,0.0
0,38,sub-038_ses-01_task-szMonitoring_run-03,17.926328659057617,0.03968364652246237,0.0
0,38,sub-038_ses-01_task-szMonitoring_run-03,18.25492286682129,0.06893091648817062,0.0
0,38,sub-038_ses-01_task-szMonitoring_run-03,10.931700706481934,0.10037210583686829,0.0
0,38,sub-038_ses-01_task-szMonitoring_run-03,19.668075561523438,0.07909084111452103,0.0
0,38,sub-038_ses-01_task-szMonitoring_run-05,20.663841247558594,0.04264003969728947,0.0
0,38,sub-038_ses-01_task-szMonitoring_run-05,8.33793830871582,0.17532902210950851,0.0
0,38,sub-038_ses-01_task-szMonitoring_run-05,9.406959533691406,0.16363396495580673,0.0
0,38,sub-038_ses-01_task-szMonitoring_run-05,19.764368057250977,0.12971115112304688,0.0
0,38,sub-038_ses-01_task-szMonitoring_run-05,6.486502647399902,0.14911964163184166,0.0
0,38,sub-038_ses-01_task-szMonitoring_run-05,10.956130027770996,0.1103210300207138,0.0
0,38,sub-038_ses-01_task-szMonitoring_run-05,5.802044868469238,0.19295255467295647,0.0
0,38,sub-038_ses-01_task-szMonitoring_run-05,19.0358829498291,0.1301080510020256,0.0
0,38,sub-038_ses-01_task-szMonitoring_run-05,5.336925029754639,0.15905045717954636,0.0
0,38,sub-038_ses-01_task-szMonitoring_run-05,6.204011917114258,0.20661073178052902,0.0
0,38,sub-038_ses-01_task-szMonitoring_run-05,8.255539894104004,0.1693258360028267,0.0
0,38,sub-038_ses-01_task-szMonitoring_run-05,21.218290328979492,0.10283765941858292,0.0
1,38,sub-038_ses-01_task-szMonitoring_run-07,24.786909103393555,0.05158265680074692,0.0
1,38,sub-038_ses-01_task-szMonitoring_run-07,22.75796127319336,0.05401444435119629,0.0
1,38,sub-038_ses-01_task-szMonitoring_run-07,23.54869842529297,0.053163424134254456,0.0
1,38,sub-038_ses-01_task-szMonitoring_run-07,25.33283805847168,0.05622237175703049,0.0
1,38,sub-038_ses-01_task-szMonitoring_run-07,25.00721549987793,0.05559954047203064,0.0
1,38,sub-038_ses-01_task-szMonitoring_run-07,25.061128616333008,0.05323013663291931,0.0
1,38,sub-038_ses-01_task-szMonitoring_run-07,24.421951293945312,0.05232764035463333,0.0
1,38,sub-038_ses-01_task-szMonitoring_run-07,24.30812644958496,0.05449003726243973,0.0
0,38,sub-038_ses-01_task-szMonitoring_run-07,6.001306056976318,0.2204878367483616,0.0
0,38,sub-038_ses-01_task-szMonitoring_run-07,12.427262306213379,0.189497709274292,0.0
0,38,sub-038_ses-01_task-szMonitoring_run-07,25.30402946472168,0.0536310076713562,0.0
0,38,sub-038_ses-01_task-szMonitoring_run-07,25.81074333190918,0.05034288391470909,0.0
0,38,sub-038_ses-01_task-szMonitoring_run-07,11.372932434082031,0.20659010112285614,0.0
0,38,sub-038_ses-01_task-szMonitoring_run-07,29.69912338256836,0.05148250609636307,0.0
0,38,sub-038_ses-01_task-szMonitoring_run-07,17.331417083740234,0.0439642034471035,0.0
0,38,sub-038_ses-01_task-szMonitoring_run-07,13.400004386901855,0.14957505837082863,0.0
0,38,sub-038_ses-01_task-szMonitoring_run-07,17.321435928344727,0.06259136646986008,0.0
0,38,sub-038_ses-01_task-szMonitoring_run-07,6.417658805847168,0.1969970315694809,0.0
0,38,sub-038_ses-01_task-szMonitoring_run-07,5.245290279388428,0.1987309567630291,0.0
0,38,sub-038_ses-01_task-szMonitoring_run-07,24.673215866088867,0.121615344658494,0.0
0,38,sub-038_ses-01_task-szMonitoring_run-07,6.957799911499023,0.17376843467354774,0.0
0,38,sub-038_ses-01_task-szMonitoring_run-07,7.129759311676025,0.13272934593260288,0.0
0,38,sub-038_ses-01_task-szMonitoring_run-07,23.741188049316406,0.06234347075223923,0.0
0,38,sub-038_ses-01_task-szMonitoring_run-07,10.577791213989258,0.21491994708776474,0.0
1,39,sub-039_ses-01_task-szMonitoring_run-01,6.795762062072754,0.08355613797903061,0.0
1,39,sub-039_ses-01_task-szMonitoring_run-01,10.00221061706543,0.07640260457992554,0.0
1,39,sub-039_ses-01_task-szMonitoring_run-01,9.936498641967773,0.07872644811868668,0.0
1,39,sub-039_ses-01_task-szMonitoring_run-01,22.08577537536621,0.08529031276702881,0.0
1,39,sub-039_ses-01_task-szMonitoring_run-01,8.828351974487305,0.07838322967290878,0.0
1,39,sub-039_ses-01_task-szMonitoring_run-01,8.990928649902344,0.08064264804124832,0.0
1,39,sub-039_ses-01_task-szMonitoring_run-01,10.825904846191406,0.0769374780356884,0.0
1,39,sub-039_ses-01_task-szMonitoring_run-01,10.332998275756836,0.07626567408442497,0.0
1,39,sub-039_ses-01_task-szMonitoring_run-01,22.11427879333496,0.08495211601257324,0.0
1,39,sub-039_ses-01_task-szMonitoring_run-01,6.86190128326416,0.08235673606395721,0.0
1,39,sub-039_ses-01_task-szMonitoring_run-01,10.67276668548584,0.07618314027786255,0.0
1,39,sub-039_ses-01_task-szMonitoring_run-01,7.194781303405762,0.081972636282444,0.0
1,39,sub-039_ses-01_task-szMonitoring_run-01,9.894704818725586,0.08077585324645042,0.0
1,39,sub-039_ses-01_task-szMonitoring_run-01,9.038006782531738,0.08043262362480164,0.0
1,39,sub-039_ses-01_task-szMonitoring_run-01,9.729497909545898,0.08011075109243393,0.0
1,39,sub-039_ses-01_task-szMonitoring_run-01,22.392122268676758,0.08403593301773071,0.0
1,39,sub-039_ses-01_task-szMonitoring_run-01,8.909480094909668,0.08160389959812164,0.0
1,39,sub-039_ses-01_task-szMonitoring_run-01,10.3395357131958,0.07618314027786255,0.0
1,39,sub-039_ses-01_task-szMonitoring_run-01,22.639192581176758,0.08338040113449097,0.0
1,39,sub-039_ses-01_task-szMonitoring_run-01,22.16728401184082,0.08474898338317871,0.0
1,39,sub-039_ses-01_task-szMonitoring_run-01,21.72185516357422,0.0865011215209961,0.0
1,39,sub-039_ses-01_task-szMonitoring_run-01,8.317286491394043,0.08101535588502884,0.0
1,39,sub-039_ses-01_task-szMonitoring_run-01,7.8396687507629395,0.08182534575462341,0.0
1,39,sub-039_ses-01_task-szMonitoring_run-01,22.58876609802246,0.08318138122558594,0.0
0,39,sub-039_ses-01_task-szMonitoring_run-01,21.081989288330078,0.07925397157669067,0.0
0,39,sub-039_ses-01_task-szMonitoring_run-01,20.421716690063477,0.08185219764709473,0.0
0,39,sub-039_ses-01_task-szMonitoring_run-01,8.868746757507324,0.07826024293899536,0.0
0,39,sub-039_ses-01_task-szMonitoring_run-01,19.07706069946289,0.06651400774717331,0.0
0,39,sub-039_ses-01_task-szMonitoring_run-01,20.81795310974121,0.0801500678062439,0.0
1,39,sub-039_ses-01_task-szMonitoring_run-04,8.266855239868164,0.07357946038246155,0.0
1,39,sub-039_ses-01_task-szMonitoring_run-04,8.756370544433594,0.08215413987636566,0.0
1,39,sub-039_ses-01_task-szMonitoring_run-04,8.603681564331055,0.08440174907445908,0.0
1,39,sub-039_ses-01_task-szMonitoring_run-04,7.96479606628418,0.09053701907396317,0.0
1,39,sub-039_ses-01_task-szMonitoring_run-04,7.1826910972595215,0.16925612092018127,0.0
1,39,sub-039_ses-01_task-szMonitoring_run-04,8.935247421264648,0.08316607028245926,0.0
1,39,sub-039_ses-01_task-szMonitoring_run-04,8.366491317749023,0.0874456986784935,0.0
1,39,sub-039_ses-01_task-szMonitoring_run-04,6.386223316192627,0.18537617474794388,0.0
1,39,sub-039_ses-01_task-szMonitoring_run-04,8.562931060791016,0.07113014534115791,0.0
1,39,sub-039_ses-01_task-szMonitoring_run-04,6.491286277770996,0.18226094916462898,0.0
1,39,sub-039_ses-01_task-szMonitoring_run-04,6.6239848136901855,0.17835143953561783,0.0
1,39,sub-039_ses-01_task-szMonitoring_run-04,8.48348617553711,0.07194452360272408,0.0
1,39,sub-039_ses-01_task-szMonitoring_run-04,8.159771919250488,0.07353619486093521,0.0
1,39,sub-039_ses-01_task-szMonitoring_run-04,7.716439723968506,0.08069512248039246,0.0
1,39,sub-039_ses-01_task-szMonitoring_run-04,9.009218215942383,0.08181240409612656,0.0
1,39,sub-039_ses-01_task-szMonitoring_run-04,7.411591529846191,0.086815744638443,0.0
1,39,sub-039_ses-01_task-szMonitoring_run-04,7.9995527267456055,0.08820277824997902,0.0
1,39,sub-039_ses-01_task-szMonitoring_run-04,8.002127647399902,0.07794327288866043,0.0
0,39,sub-039_ses-01_task-szMonitoring_run-04,8.147636413574219,0.13494285196065903,0.0
0,39,sub-039_ses-01_task-szMonitoring_run-05,6.82634973526001,0.156420536339283,0.0
1,39,sub-039_ses-01_task-szMonitoring_run-06,9.307366371154785,0.1531735584139824,0.0
1,39,sub-039_ses-01_task-szMonitoring_run-06,31.676889419555664,0.05940944328904152,0.0
1,39,sub-039_ses-01_task-szMonitoring_run-06,32.871604919433594,0.06169469282031059,0.0
1,39,sub-039_ses-01_task-szMonitoring_run-06,9.392749786376953,0.16125097125768661,0.0
1,39,sub-039_ses-01_task-szMonitoring_run-06,16.06972312927246,0.11926750838756561,0.0
1,39,sub-039_ses-01_task-szMonitoring_run-06,9.165002822875977,0.1601330190896988,0.0
1,39,sub-039_ses-01_task-szMonitoring_run-06,9.26303768157959,0.15482989326119423,0.0
1,39,sub-039_ses-01_task-szMonitoring_run-06,9.635228157043457,0.16255243867635727,0.0
1,39,sub-039_ses-01_task-szMonitoring_run-06,9.077593803405762,0.15299373865127563,0.0
1,39,sub-039_ses-01_task-szMonitoring_run-06,25.908605575561523,0.06710648536682129,0.0
1,39,sub-039_ses-01_task-szMonitoring_run-06,9.343284606933594,0.15528283640742302,0.0
1,39,sub-039_ses-01_task-szMonitoring_run-06,9.228336334228516,0.1487678736448288,0.0
1,39,sub-039_ses-01_task-szMonitoring_run-06,32.03673553466797,0.06811399012804031,0.0
1,39,sub-039_ses-01_task-szMonitoring_run-06,16.04334259033203,0.12277130037546158,0.0
1,39,sub-039_ses-01_task-szMonitoring_run-06,9.235344886779785,0.1593954712152481,0.0
1,39,sub-039_ses-01_task-szMonitoring_run-06,9.568327903747559,0.14760735630989075,0.0
1,39,sub-039_ses-01_task-szMonitoring_run-06,9.307639122009277,0.15153054147958755,0.0
1,39,sub-039_ses-01_task-szMonitoring_run-06,9.350617408752441,0.1561339572072029,0.0
1,39,sub-039_ses-01_task-szMonitoring_run-06,32.91392517089844,0.06642270088195801,0.0
1,39,sub-039_ses-01_task-szMonitoring_run-06,31.957719802856445,0.05916469544172287,0.0
1,39,sub-039_ses-01_task-szMonitoring_run-06,15.867995262145996,0.12459828704595566,0.0
1,39,sub-039_ses-01_task-szMonitoring_run-06,17.856210708618164,0.11366909742355347,0.0
1,39,sub-039_ses-01_task-szMonitoring_run-06,16.601476669311523,0.11570639163255692,0.0
1,39,sub-039_ses-01_task-szMonitoring_run-06,16.042556762695312,0.12299998104572296,0.0
0,39,sub-039_ses-01_task-szMonitoring_run-06,20.88994789123535,0.09862096607685089,0.0
0,39,sub-039_ses-01_task-szMonitoring_run-06,15.395278930664062,0.21458346396684647,0.0
0,39,sub-039_ses-01_task-szMonitoring_run-06,10.181009292602539,0.13802225142717361,0.0
1,39,sub-039_ses-01_task-szMonitoring_run-08,4.296240329742432,0.21612519770860672,0.0
1,39,sub-039_ses-01_task-szMonitoring_run-08,4.255580425262451,0.2261374667286873,0.0
1,39,sub-039_ses-01_task-szMonitoring_run-08,4.266703128814697,0.22224611788988113,0.0
1,39,sub-039_ses-01_task-szMonitoring_run-08,8.692505836486816,0.2069951742887497,0.0
1,39,sub-039_ses-01_task-szMonitoring_run-08,17.32098960876465,0.19004680216312408,0.0
1,39,sub-039_ses-01_task-szMonitoring_run-08,4.327743053436279,0.2112259492278099,0.0
1,39,sub-039_ses-01_task-szMonitoring_run-08,13.297918319702148,0.1978798806667328,0.0
0,39,sub-039_ses-01_task-szMonitoring_run-08,9.18583869934082,0.07201221585273743,0.0
0,39,sub-039_ses-01_task-szMonitoring_run-08,15.033699035644531,0.13969725370407104,0.0
0,39,sub-039_ses-01_task-szMonitoring_run-08,5.999086856842041,0.21655375882983208,0.0
1,39,sub-039_ses-01_task-szMonitoring_run-09,18.496326446533203,0.11011016368865967,0.0
1,39,sub-039_ses-01_task-szMonitoring_run-09,9.209562301635742,0.06989605724811554,0.0
1,39,sub-039_ses-01_task-szMonitoring_run-09,18.941009521484375,0.10542702674865723,0.0
1,39,sub-039_ses-01_task-szMonitoring_run-09,18.273418426513672,0.11157557368278503,0.0
1,39,sub-039_ses-01_task-szMonitoring_run-09,9.164539337158203,0.06890957057476044,0.0
1,39,sub-039_ses-01_task-szMonitoring_run-09,6.670401573181152,0.07636949419975281,0.0
1,39,sub-039_ses-01_task-szMonitoring_run-09,9.416640281677246,0.06895162910223007,0.0
1,39,sub-039_ses-01_task-szMonitoring_run-09,9.133831024169922,0.06887809187173843,0.0
1,39,sub-039_ses-01_task-szMonitoring_run-09,18.50226402282715,0.11555501818656921,0.0
1,39,sub-039_ses-01_task-szMonitoring_run-09,19.799636840820312,0.10110462829470634,0.0
0,39,sub-039_ses-01_task-szMonitoring_run-09,11.469159126281738,0.056805580854415894,0.0
0,39,sub-039_ses-01_task-szMonitoring_run-09,16.933977127075195,0.0679258406162262,0.0
0,40,sub-040_ses-01_task-szMonitoring_run-01,8.90270709991455,0.0611889474093914,0.0
0,40,sub-040_ses-01_task-szMonitoring_run-01,5.0325775146484375,0.070087980479002,0.0
0,40,sub-040_ses-01_task-szMonitoring_run-01,8.990389823913574,0.06296270340681076,0.0
0,40,sub-040_ses-01_task-szMonitoring_run-01,4.007496356964111,0.10968919098377228,0.0
0,40,sub-040_ses-01_task-szMonitoring_run-02,23.95355224609375,0.05628645420074463,0.0
0,40,sub-040_ses-01_task-szMonitoring_run-02,15.538705825805664,0.04107419028878212,0.0
0,40,sub-040_ses-01_task-szMonitoring_run-02,16.454877853393555,0.057354994118213654,0.0
0,40,sub-040_ses-01_task-szMonitoring_run-02,4.267727375030518,0.06795378774404526,0.0
0,40,sub-040_ses-01_task-szMonitoring_run-02,3.7847073078155518,0.09217679873108864,0.0
0,40,sub-040_ses-01_task-szMonitoring_run-02,6.639797687530518,0.09159510023891926,0.0
0,40,sub-040_ses-01_task-szMonitoring_run-02,8.71661376953125,0.05466581881046295,0.0
0,40,sub-040_ses-01_task-szMonitoring_run-02,11.34129524230957,0.03681175038218498,0.0
0,40,sub-040_ses-01_task-szMonitoring_run-02,13.361900329589844,0.03642892464995384,0.0
0,40,sub-040_ses-01_task-szMonitoring_run-02,5.6484904289245605,0.057256633415818214,0.0
0,40,sub-040_ses-01_task-szMonitoring_run-02,7.78892183303833,0.05854680761694908,0.0
1,40,sub-040_ses-01_task-szMonitoring_run-04,4.191514492034912,0.059417974203825,0.0
1,40,sub-040_ses-01_task-szMonitoring_run-04,14.158218383789062,0.04934365674853325,0.0
1,40,sub-040_ses-01_task-szMonitoring_run-04,4.530262470245361,0.05755491554737091,0.0
1,40,sub-040_ses-01_task-szMonitoring_run-04,4.2906928062438965,0.05752597749233246,0.0
1,40,sub-040_ses-01_task-szMonitoring_run-04,18.974506378173828,0.04512837529182434,0.0
1,40,sub-040_ses-01_task-szMonitoring_run-04,4.752602577209473,0.056785061955451965,0.0
1,40,sub-040_ses-01_task-szMonitoring_run-04,13.491778373718262,0.050870176404714584,0.0
1,40,sub-040_ses-01_task-szMonitoring_run-04,18.00632095336914,0.04520508274435997,0.0
1,40,sub-040_ses-01_task-szMonitoring_run-04,16.534255981445312,0.047479987144470215,0.0
1,40,sub-040_ses-01_task-szMonitoring_run-04,4.359995365142822,0.05796129256486893,0.0
1,40,sub-040_ses-01_task-szMonitoring_run-04,14.221416473388672,0.04910683631896973,0.0
1,40,sub-040_ses-01_task-szMonitoring_run-04,17.363651275634766,0.04566561430692673,0.0
1,40,sub-040_ses-01_task-szMonitoring_run-04,4.355520725250244,0.058691710233688354,0.0
1,40,sub-040_ses-01_task-szMonitoring_run-04,4.605626583099365,0.05717628449201584,0.0
1,40,sub-040_ses-01_task-szMonitoring_run-04,13.336199760437012,0.0520506352186203,0.0
1,40,sub-040_ses-01_task-szMonitoring_run-04,13.057918548583984,0.05423685535788536,0.0
1,40,sub-040_ses-01_task-szMonitoring_run-04,4.430552005767822,0.057682693004608154,0.0
0,40,sub-040_ses-01_task-szMonitoring_run-04,4.703662872314453,0.06932028010487556,0.0
0,40,sub-040_ses-01_task-szMonitoring_run-04,25.751554489135742,0.03299670293927193,0.0
0,40,sub-040_ses-01_task-szMonitoring_run-04,6.473495960235596,0.025805257260799408,0.0
0,40,sub-040_ses-01_task-szMonitoring_run-04,12.322587013244629,0.05911087244749069,0.0
0,40,sub-040_ses-01_task-szMonitoring_run-04,10.335158348083496,0.06568353995680809,0.0
0,40,sub-040_ses-01_task-szMonitoring_run-04,5.6564483642578125,0.06898120045661926,0.0
0,40,sub-040_ses-01_task-szMonitoring_run-04,4.65157413482666,0.0698622390627861,0.0
0,40,sub-040_ses-01_task-szMonitoring_run-04,5.666305065155029,0.01977342739701271,0.0
0,40,sub-040_ses-01_task-szMonitoring_run-04,5.85304069519043,0.02027926780283451,0.0
0,40,sub-040_ses-01_task-szMonitoring_run-04,31.695369720458984,0.042862504720687866,0.0
0,40,sub-040_ses-01_task-szMonitoring_run-04,4.087009906768799,0.05897867679595947,0.0
0,40,sub-040_ses-01_task-szMonitoring_run-04,5.6430583000183105,0.025312958285212517,0.0
0,40,sub-040_ses-01_task-szMonitoring_run-04,16.034854888916016,0.057708367705345154,0.0
0,40,sub-040_ses-01_task-szMonitoring_run-04,18.311206817626953,0.07265016809105873,0.0
1,40,sub-040_ses-01_task-szMonitoring_run-05,18.14055061340332,0.07086413726210594,0.0
1,40,sub-040_ses-01_task-szMonitoring_run-05,18.519399642944336,0.07358436286449432,0.0
1,40,sub-040_ses-01_task-szMonitoring_run-05,19.014524459838867,0.07562447711825371,0.0
1,40,sub-040_ses-01_task-szMonitoring_run-05,19.8483829498291,0.06245364621281624,0.0
1,40,sub-040_ses-01_task-szMonitoring_run-05,20.139812469482422,0.06982303410768509,0.0
1,40,sub-040_ses-01_task-szMonitoring_run-05,21.045642852783203,0.057018570601940155,0.0
1,40,sub-040_ses-01_task-szMonitoring_run-05,18.24836540222168,0.07203681766986847,0.0
1,40,sub-040_ses-01_task-szMonitoring_run-05,17.596080780029297,0.07138554751873016,0.0
0,40,sub-040_ses-01_task-szMonitoring_run-05,25.032913208007812,0.03710046410560608,0.0
0,40,sub-040_ses-01_task-szMonitoring_run-05,24.88062286376953,0.03756316751241684,0.0
0,40,sub-040_ses-01_task-szMonitoring_run-05,8.881943702697754,0.05650199204683304,0.0
0,40,sub-040_ses-01_task-szMonitoring_run-05,9.498312950134277,0.0681217834353447,0.0
0,40,sub-040_ses-01_task-szMonitoring_run-05,28.63842010498047,0.033183325082063675,0.0
1,41,sub-041_ses-01_task-szMonitoring_run-01,7.957853317260742,0.06320580095052719,0.0
1,41,sub-041_ses-01_task-szMonitoring_run-01,8.100564002990723,0.0649104118347168,0.0
1,41,sub-041_ses-01_task-szMonitoring_run-01,8.379283905029297,0.06786979734897614,0.0
1,41,sub-041_ses-01_task-szMonitoring_run-01,8.248821258544922,0.06731753051280975,0.0
1,41,sub-041_ses-01_task-szMonitoring_run-01,8.202957153320312,0.06537380069494247,0.0
1,41,sub-041_ses-01_task-szMonitoring_run-01,8.108114242553711,0.06425938755273819,0.0
1,41,sub-041_ses-01_task-szMonitoring_run-01,8.093137741088867,0.06462316960096359,0.0
0,41,sub-041_ses-01_task-szMonitoring_run-01,13.2689208984375,0.06262165307998657,0.0
0,41,sub-041_ses-01_task-szMonitoring_run-01,15.317521095275879,0.07074859738349915,0.0
0,41,sub-041_ses-01_task-szMonitoring_run-01,16.936904907226562,0.07206904888153076,0.0
0,41,sub-041_ses-01_task-szMonitoring_run-01,26.64626121520996,0.058481473475694656,0.0
0,41,sub-041_ses-01_task-szMonitoring_run-01,15.896464347839355,0.06009531021118164,0.0
0,41,sub-041_ses-01_task-szMonitoring_run-01,24.699716567993164,0.04138878732919693,0.0
0,41,sub-041_ses-01_task-szMonitoring_run-01,6.81665563583374,0.09330431744456291,0.0
0,41,sub-041_ses-01_task-szMonitoring_run-01,6.044933795928955,0.16670384258031845,0.0
0,41,sub-041_ses-01_task-szMonitoring_run-01,17.659046173095703,0.06312409788370132,0.0
0,41,sub-041_ses-01_task-szMonitoring_run-01,11.626358985900879,0.10350993275642395,0.0
0,41,sub-041_ses-01_task-szMonitoring_run-01,15.17406940460205,0.06395149230957031,0.0
1,42,sub-042_ses-01_task-szMonitoring_run-01,8.036876678466797,0.06508911401033401,0.0
1,42,sub-042_ses-01_task-szMonitoring_run-01,7.826401233673096,0.06467686221003532,0.0
1,42,sub-042_ses-01_task-szMonitoring_run-01,8.006808280944824,0.06643820181488991,0.0
1,42,sub-042_ses-01_task-szMonitoring_run-01,8.736197471618652,0.06067230924963951,0.0
1,42,sub-042_ses-01_task-szMonitoring_run-01,7.857843399047852,0.06504813954234123,0.0
0,42,sub-042_ses-01_task-szMonitoring_run-02,8.555289268493652,0.05960749089717865,0.0
0,42,sub-042_ses-01_task-szMonitoring_run-03,14.71580696105957,0.06765583157539368,0.0
0,42,sub-042_ses-01_task-szMonitoring_run-03,11.197001457214355,0.05096089094877243,0.0
0,42,sub-042_ses-01_task-szMonitoring_run-03,11.60368537902832,0.05918356776237488,0.0
0,42,sub-042_ses-01_task-szMonitoring_run-03,11.380500793457031,0.06984234601259232,0.0
0,42,sub-042_ses-01_task-szMonitoring_run-03,11.78867244720459,0.0653415322303772,0.0
1,42,sub-042_ses-01_task-szMonitoring_run-04,4.790722370147705,0.08180901408195496,0.0
1,42,sub-042_ses-01_task-szMonitoring_run-04,10.046679496765137,0.07780524343252182,0.0
1,42,sub-042_ses-01_task-szMonitoring_run-04,7.924370765686035,0.07807619124650955,0.0
1,42,sub-042_ses-01_task-szMonitoring_run-04,4.7541303634643555,0.08134691417217255,0.0
1,42,sub-042_ses-01_task-szMonitoring_run-04,6.218846797943115,0.08006997779011726,0.0
1,42,sub-042_ses-01_task-szMonitoring_run-04,4.418196201324463,0.08053477481007576,0.0
1,42,sub-042_ses-01_task-szMonitoring_run-04,9.83564567565918,0.07760215550661087,0.0
1,42,sub-042_ses-01_task-szMonitoring_run-04,4.883913993835449,0.08278040587902069,0.0
0,42,sub-042_ses-01_task-szMonitoring_run-04,5.482522010803223,0.07059697061777115,0.0
0,42,sub-042_ses-01_task-szMonitoring_run-04,5.747509479522705,0.07088427245616913,0.0
0,42,sub-042_ses-01_task-szMonitoring_run-04,9.512722969055176,0.07310021668672562,0.0
0,42,sub-042_ses-01_task-szMonitoring_run-04,13.474058151245117,0.06609218940138817,0.0
1,42,sub-042_ses-01_task-szMonitoring_run-06,7.568629264831543,0.11671501770615578,0.0
1,42,sub-042_ses-01_task-szMonitoring_run-06,7.535264492034912,0.12080035544931889,0.0
1,42,sub-042_ses-01_task-szMonitoring_run-06,7.986407279968262,0.12360982596874237,0.0
1,42,sub-042_ses-01_task-szMonitoring_run-06,8.02447509765625,0.12208885699510574,0.0
1,42,sub-042_ses-01_task-szMonitoring_run-06,7.840601921081543,0.12200090102851391,0.0
1,42,sub-042_ses-01_task-szMonitoring_run-06,7.821177005767822,0.12173987552523613,0.0
1,42,sub-042_ses-01_task-szMonitoring_run-06,7.7243123054504395,0.11732489988207817,0.0
1,42,sub-042_ses-01_task-szMonitoring_run-06,7.607269287109375,0.12162948399782181,0.0
1,42,sub-042_ses-01_task-szMonitoring_run-06,7.650791645050049,0.12487973272800446,0.0
0,42,sub-042_ses-01_task-szMonitoring_run-06,6.871705532073975,0.05669450759887695,0.0
0,42,sub-042_ses-01_task-szMonitoring_run-06,11.357104301452637,0.07242894917726517,0.0
1,42,sub-042_ses-01_task-szMonitoring_run-07,4.570821762084961,0.026750678196549416,0.0
1,42,sub-042_ses-01_task-szMonitoring_run-07,4.478365421295166,0.026383904740214348,0.0
1,42,sub-042_ses-01_task-szMonitoring_run-07,4.471134662628174,0.026651548221707344,0.0
1,42,sub-042_ses-01_task-szMonitoring_run-07,4.301722526550293,0.02563283033668995,0.0
1,42,sub-042_ses-01_task-szMonitoring_run-07,4.46751070022583,0.02560736984014511,0.0
1,42,sub-042_ses-01_task-szMonitoring_run-07,4.5189008712768555,0.027198519557714462,0.0
0,42,sub-042_ses-01_task-szMonitoring_run-07,4.343301296234131,0.08278071880340576,0.0
0,42,sub-042_ses-01_task-szMonitoring_run-07,7.4234490394592285,0.075053870677948,0.0
0,42,sub-042_ses-01_task-szMonitoring_run-07,4.148657321929932,0.08864729106426239,0.0
0,42,sub-042_ses-01_task-szMonitoring_run-07,15.100849151611328,0.06750137731432915,0.0
0,42,sub-042_ses-01_task-szMonitoring_run-07,8.157132148742676,0.055147577077150345,0.0
0,42,sub-042_ses-01_task-szMonitoring_run-07,11.665495872497559,0.0571698397397995,0.0
0,42,sub-042_ses-01_task-szMonitoring_run-07,6.862476348876953,0.08586409315466881,0.0
0,42,sub-042_ses-01_task-szMonitoring_run-07,12.063017845153809,0.05708233267068863,0.0
0,42,sub-042_ses-01_task-szMonitoring_run-07,13.605474472045898,0.058961477130651474,0.0
0,42,sub-042_ses-01_task-szMonitoring_run-07,13.610372543334961,0.07654984295368195,0.0
0,42,sub-042_ses-01_task-szMonitoring_run-07,7.175198554992676,0.08198297023773193,0.0
1,42,sub-042_ses-01_task-szMonitoring_run-08,19.06545639038086,0.0694609247148037,0.0
1,42,sub-042_ses-01_task-szMonitoring_run-08,20.14673614501953,0.07194551080465317,0.0
1,42,sub-042_ses-01_task-szMonitoring_run-08,20.487178802490234,0.07313105463981628,0.0
1,42,sub-042_ses-01_task-szMonitoring_run-08,18.728673934936523,0.07450447231531143,0.0
1,42,sub-042_ses-01_task-szMonitoring_run-08,19.840280532836914,0.07518472895026207,0.0
1,42,sub-042_ses-01_task-szMonitoring_run-08,20.90308952331543,0.07059170678257942,0.0
1,42,sub-042_ses-01_task-szMonitoring_run-08,19.06545639038086,0.0716530866920948,0.0
1,42,sub-042_ses-01_task-szMonitoring_run-08,20.349624633789062,0.07382991537451744,0.0
0,42,sub-042_ses-01_task-szMonitoring_run-08,3.667090892791748,0.0860801637172699,0.0
0,42,sub-042_ses-01_task-szMonitoring_run-08,30.741056442260742,0.05210062116384506,0.0
0,42,sub-042_ses-01_task-szMonitoring_run-08,10.507789611816406,0.09227465838193893,0.0
0,42,sub-042_ses-01_task-szMonitoring_run-08,20.49620819091797,0.10670153796672821,0.0
0,42,sub-042_ses-01_task-szMonitoring_run-08,4.423471450805664,0.06802839040756226,0.0
0,42,sub-042_ses-01_task-szMonitoring_run-08,32.81711959838867,0.06732384487986565,0.0
0,42,sub-042_ses-01_task-szMonitoring_run-10,6.660208225250244,0.07071112468838692,0.0
0,42,sub-042_ses-01_task-szMonitoring_run-10,6.046751022338867,0.06390829011797905,0.0
0,42,sub-042_ses-01_task-szMonitoring_run-10,6.363649368286133,0.057585444301366806,0.0
0,42,sub-042_ses-01_task-szMonitoring_run-10,7.2775726318359375,0.07370718568563461,0.0
0,42,sub-042_ses-01_task-szMonitoring_run-10,5.7920241355896,0.06167082488536835,0.0
0,42,sub-042_ses-01_task-szMonitoring_run-10,7.62306547164917,0.07769570499658585,0.0
0,43,sub-043_ses-01_task-szMonitoring_run-01,11.571998596191406,0.07502346113324165,0.0
0,43,sub-043_ses-01_task-szMonitoring_run-01,11.194072723388672,0.07674345001578331,0.0
0,43,sub-043_ses-01_task-szMonitoring_run-01,10.714717864990234,0.07564317435026169,0.0
0,43,sub-043_ses-01_task-szMonitoring_run-02,8.660326957702637,0.10524484515190125,0.0
0,43,sub-043_ses-01_task-szMonitoring_run-03,5.923679351806641,0.09464116767048836,0.0
0,43,sub-043_ses-01_task-szMonitoring_run-03,6.111511707305908,0.10421422123908997,0.0
0,43,sub-043_ses-01_task-szMonitoring_run-04,5.870885372161865,0.07290574349462986,0.0
0,43,sub-043_ses-01_task-szMonitoring_run-04,7.034602642059326,0.11734991148114204,0.0
1,43,sub-043_ses-01_task-szMonitoring_run-05,23.644731521606445,0.054662663489580154,0.0
1,43,sub-043_ses-01_task-szMonitoring_run-05,25.254993438720703,0.054525550454854965,0.0
1,43,sub-043_ses-01_task-szMonitoring_run-05,25.1589298248291,0.05587995797395706,0.0
1,43,sub-043_ses-01_task-szMonitoring_run-05,24.7900333404541,0.05584067851305008,0.0
1,43,sub-043_ses-01_task-szMonitoring_run-05,25.292518615722656,0.05345185101032257,0.0
1,43,sub-043_ses-01_task-szMonitoring_run-05,25.41316795349121,0.05414174497127533,0.0
1,43,sub-043_ses-01_task-szMonitoring_run-05,25.070556640625,0.055770665407180786,0.0
1,43,sub-043_ses-01_task-szMonitoring_run-05,25.63347053527832,0.05521821230649948,0.0
0,43,sub-043_ses-01_task-szMonitoring_run-05,10.629390716552734,0.1142628937959671,0.0
0,43,sub-043_ses-01_task-szMonitoring_run-05,9.892983436584473,0.08046641387045383,0.0
0,43,sub-043_ses-01_task-szMonitoring_run-05,9.240216255187988,0.08417738601565361,0.0
0,43,sub-043_ses-01_task-szMonitoring_run-05,5.707120418548584,0.11666079983115196,0.0
0,43,sub-043_ses-01_task-szMonitoring_run-05,10.28731918334961,0.10560973547399044,0.0
0,43,sub-043_ses-01_task-szMonitoring_run-05,10.933171272277832,0.07836707681417465,0.0
0,43,sub-043_ses-01_task-szMonitoring_run-05,6.798320293426514,0.03722182661294937,0.0
0,43,sub-043_ses-01_task-szMonitoring_run-05,5.473879814147949,0.03674414847046137,0.0
0,43,sub-043_ses-01_task-szMonitoring_run-05,10.331796646118164,0.01722912397235632,0.0
1,43,sub-043_ses-01_task-szMonitoring_run-06,13.851021766662598,0.07047483325004578,0.0
1,43,sub-043_ses-01_task-szMonitoring_run-06,13.765419960021973,0.06616615504026413,0.0
1,43,sub-043_ses-01_task-szMonitoring_run-06,5.3431077003479,0.07022687420248985,0.0
1,43,sub-043_ses-01_task-szMonitoring_run-06,13.762104034423828,0.06719895452260971,0.0
1,43,sub-043_ses-01_task-szMonitoring_run-06,13.733750343322754,0.067475326359272,0.0
0,43,sub-043_ses-01_task-szMonitoring_run-06,13.653373718261719,0.0774066410958767,0.0
1,43,sub-043_ses-01_task-szMonitoring_run-07,48.019187927246094,0.008285555988550186,0.0
1,43,sub-043_ses-01_task-szMonitoring_run-07,48.774139404296875,0.008158163167536259,0.0
1,43,sub-043_ses-01_task-szMonitoring_run-07,56.16596984863281,0.009418409783393145,0.0
1,43,sub-043_ses-01_task-szMonitoring_run-07,46.922794342041016,0.008479968644678593,0.0
1,43,sub-043_ses-01_task-szMonitoring_run-07,47.2719612121582,0.008418265264481306,0.0
1,43,sub-043_ses-01_task-szMonitoring_run-07,49.64444351196289,0.008015144150704145,0.0
1,43,sub-043_ses-01_task-szMonitoring_run-08,11.605897903442383,0.143195491284132,0.0
1,43,sub-043_ses-01_task-szMonitoring_run-08,9.163017272949219,0.15814634039998055,0.0
1,43,sub-043_ses-01_task-szMonitoring_run-08,9.146920204162598,0.15577786788344383,0.0
1,43,sub-043_ses-01_task-szMonitoring_run-08,9.523282051086426,0.1510283276438713,0.0
1,43,sub-043_ses-01_task-szMonitoring_run-08,10.525574684143066,0.1622285097837448,0.0
1,43,sub-043_ses-01_task-szMonitoring_run-08,5.205267906188965,0.08278777450323105,0.0
1,43,sub-043_ses-01_task-szMonitoring_run-08,8.777114868164062,0.15934094414114952,0.0
1,43,sub-043_ses-01_task-szMonitoring_run-08,5.148344993591309,0.0823272168636322,0.0
1,43,sub-043_ses-01_task-szMonitoring_run-08,10.154040336608887,0.1643393114209175,0.0
1,43,sub-043_ses-01_task-szMonitoring_run-08,5.333697319030762,0.082793939858675,0.0
1,43,sub-043_ses-01_task-szMonitoring_run-08,10.63049030303955,0.1599055640399456,0.0
1,43,sub-043_ses-01_task-szMonitoring_run-08,5.1899495124816895,0.08425907418131828,0.0
1,43,sub-043_ses-01_task-szMonitoring_run-08,5.114844799041748,0.08377933502197266,0.0
1,43,sub-043_ses-01_task-szMonitoring_run-08,5.423523902893066,0.08199255913496017,0.0
0,43,sub-043_ses-01_task-szMonitoring_run-08,9.903693199157715,0.17460645362734795,0.0
0,43,sub-043_ses-01_task-szMonitoring_run-08,67.35548400878906,0.047734335064888,0.0
0,43,sub-043_ses-01_task-szMonitoring_run-08,11.173346519470215,0.09573528729379177,0.0
0,43,sub-043_ses-01_task-szMonitoring_run-08,57.65367889404297,0.03621714562177658,0.0
0,43,sub-043_ses-01_task-szMonitoring_run-08,51.594566345214844,0.03738177567720413,0.0
0,43,sub-043_ses-01_task-szMonitoring_run-08,50.022396087646484,0.04242001473903656,0.0
0,43,sub-043_ses-01_task-szMonitoring_run-08,21.415691375732422,0.0868721604347229,0.0
0,43,sub-043_ses-01_task-szMonitoring_run-08,36.44156265258789,0.03437051922082901,0.0
0,43,sub-043_ses-01_task-szMonitoring_run-09,7.352648735046387,0.08184036985039711,0.0
0,43,sub-043_ses-01_task-szMonitoring_run-09,7.024542808532715,0.1352929063141346,0.0
0,43,sub-043_ses-01_task-szMonitoring_run-09,9.727803230285645,0.10522755607962608,0.0
0,43,sub-043_ses-01_task-szMonitoring_run-09,7.2926106452941895,0.0837000347673893,0.0
0,43,sub-043_ses-01_task-szMonitoring_run-10,14.632542610168457,0.13880116119980812,0.0
0,43,sub-043_ses-01_task-szMonitoring_run-10,9.666055679321289,0.07950977608561516,0.0
0,43,sub-043_ses-01_task-szMonitoring_run-10,0.0,0.0,1.0
0,43,sub-043_ses-01_task-szMonitoring_run-10,0.0,0.0,1.0
0,43,sub-043_ses-01_task-szMonitoring_run-10,0.0,0.0,1.0
0,43,sub-043_ses-01_task-szMonitoring_run-10,0.0,0.0,1.0
0,43,sub-043_ses-01_task-szMonitoring_run-10,0.0,0.0,1.0
0,43,sub-043_ses-01_task-szMonitoring_run-10,0.0,0.0,1.0
0,43,sub-043_ses-01_task-szMonitoring_run-10,0.0,0.0,1.0
0,43,sub-043_ses-01_task-szMonitoring_run-10,0.0,0.0,1.0
0,43,sub-043_ses-01_task-szMonitoring_run-10,0.0,0.0,1.0
0,43,sub-043_ses-01_task-szMonitoring_run-10,0.0,0.0,1.0
0,43,sub-043_ses-01_task-szMonitoring_run-10,0.0,0.0,1.0
1,44,sub-044_ses-01_task-szMonitoring_run-01,12.144098281860352,0.11945582181215286,0.0
1,44,sub-044_ses-01_task-szMonitoring_run-01,12.904088973999023,0.12280826643109322,0.0
1,44,sub-044_ses-01_task-szMonitoring_run-01,19.102800369262695,0.12461183220148087,0.0
1,44,sub-044_ses-01_task-szMonitoring_run-01,15.73928165435791,0.13592969626188278,0.0
1,44,sub-044_ses-01_task-szMonitoring_run-01,20.124847412109375,0.12128165736794472,0.0
0,44,sub-044_ses-01_task-szMonitoring_run-01,21.384382247924805,0.06642387062311172,0.0
0,44,sub-044_ses-01_task-szMonitoring_run-01,19.790616989135742,0.09783917665481567,0.0
0,44,sub-044_ses-01_task-szMonitoring_run-01,17.265422821044922,0.129557266831398,0.0
0,44,sub-044_ses-01_task-szMonitoring_run-01,7.0759758949279785,0.07096821069717407,0.0
0,44,sub-044_ses-01_task-szMonitoring_run-01,8.288386344909668,0.15730330906808376,0.0
0,44,sub-044_ses-01_task-szMonitoring_run-01,8.650192260742188,0.12454843521118164,0.0
0,44,sub-044_ses-01_task-szMonitoring_run-02,12.245098114013672,0.07736276835203171,0.0
0,44,sub-044_ses-01_task-szMonitoring_run-02,23.411968231201172,0.07435684651136398,0.0
0,44,sub-044_ses-01_task-szMonitoring_run-02,11.301688194274902,0.10225380212068558,0.0
0,44,sub-044_ses-01_task-szMonitoring_run-02,31.827857971191406,0.10087673366069794,0.0
0,44,sub-044_ses-01_task-szMonitoring_run-03,8.804839134216309,0.04154405929148197,0.0
0,44,sub-044_ses-01_task-szMonitoring_run-03,28.06643295288086,0.06913339160382748,0.0
0,44,sub-044_ses-01_task-szMonitoring_run-03,11.508613586425781,0.13124163448810577,0.0
0,44,sub-044_ses-01_task-szMonitoring_run-03,9.661890029907227,0.027912482619285583,0.0
0,44,sub-044_ses-01_task-szMonitoring_run-03,6.149862289428711,0.06033686548471451,0.0
0,44,sub-044_ses-01_task-szMonitoring_run-03,10.303340911865234,0.08864959329366684,0.0
0,44,sub-044_ses-01_task-szMonitoring_run-03,15.816473960876465,0.08658591657876968,0.0
0,44,sub-044_ses-01_task-szMonitoring_run-03,10.44683837890625,0.07341784238815308,0.0
0,44,sub-044_ses-01_task-szMonitoring_run-03,5.0394673347473145,0.077440045773983,0.0
0,44,sub-044_ses-01_task-szMonitoring_run-03,14.492504119873047,0.07670190185308456,0.0
0,44,sub-044_ses-01_task-szMonitoring_run-03,5.309773921966553,0.07257033884525299,0.0
0,44,sub-044_ses-01_task-szMonitoring_run-04,12.18369197845459,0.09340819716453552,0.0
1,44,sub-044_ses-01_task-szMonitoring_run-05,5.946218013763428,0.06951498985290527,0.0
1,44,sub-044_ses-01_task-szMonitoring_run-05,5.9434685707092285,0.06910312175750732,0.0
1,44,sub-044_ses-01_task-szMonitoring_run-05,6.234571933746338,0.06927549839019775,0.0
1,44,sub-044_ses-01_task-szMonitoring_run-05,6.2630462646484375,0.06972593069076538,0.0
1,44,sub-044_ses-01_task-szMonitoring_run-05,6.210013389587402,0.0691949725151062,0.0
0,44,sub-044_ses-01_task-szMonitoring_run-05,22.749176025390625,0.08542980253696442,0.0
0,44,sub-044_ses-01_task-szMonitoring_run-05,3.0686910152435303,0.08566105365753174,0.0
0,44,sub-044_ses-01_task-szMonitoring_run-05,9.616323471069336,0.1144435703754425,0.0
0,44,sub-044_ses-01_task-szMonitoring_run-05,16.57802963256836,0.09366373717784882,0.0
0,44,sub-044_ses-01_task-szMonitoring_run-05,11.527641296386719,0.049918439239263535,0.0
0,44,sub-044_ses-01_task-szMonitoring_run-05,6.753627777099609,0.18224941194057465,0.0
0,44,sub-044_ses-01_task-szMonitoring_run-05,10.59484577178955,0.05742311105132103,0.0
0,44,sub-044_ses-01_task-szMonitoring_run-05,28.652421951293945,0.06734629720449448,0.0
0,44,sub-044_ses-01_task-szMonitoring_run-05,23.409374237060547,0.05718883126974106,0.0
0,44,sub-044_ses-01_task-szMonitoring_run-07,21.390148162841797,0.12779340893030167,0.0
0,44,sub-044_ses-01_task-szMonitoring_run-07,35.572898864746094,0.05994004011154175,0.0
0,44,sub-044_ses-01_task-szMonitoring_run-07,4.761003494262695,0.11745209991931915,0.0
0,44,sub-044_ses-01_task-szMonitoring_run-07,11.200963973999023,0.04017522372305393,0.0
0,44,sub-044_ses-01_task-szMonitoring_run-07,8.602282524108887,0.07083182036876678,0.0
0,44,sub-044_ses-01_task-szMonitoring_run-07,18.26175880432129,0.0985247939825058,0.0
0,44,sub-044_ses-01_task-szMonitoring_run-07,11.640928268432617,0.11642240732908249,0.0
0,44,sub-044_ses-01_task-szMonitoring_run-07,13.843117713928223,0.1410129815340042,0.0
0,44,sub-044_ses-01_task-szMonitoring_run-07,18.852798461914062,0.04753363877534866,0.0
0,44,sub-044_ses-01_task-szMonitoring_run-07,16.586668014526367,0.09965821355581284,0.0
0,44,sub-044_ses-01_task-szMonitoring_run-07,32.28997039794922,0.06421323120594025,0.0
0,44,sub-044_ses-01_task-szMonitoring_run-07,16.230712890625,0.09154769778251648,0.0
0,44,sub-044_ses-01_task-szMonitoring_run-07,8.70435905456543,0.07139569520950317,0.0
0,44,sub-044_ses-01_task-szMonitoring_run-08,5.815382957458496,0.10804721713066101,0.0
0,44,sub-044_ses-01_task-szMonitoring_run-09,23.46152687072754,0.06509054452180862,0.0
0,44,sub-044_ses-01_task-szMonitoring_run-09,10.376526832580566,0.11625667661428452,0.0
0,45,sub-045_ses-01_task-szMonitoring_run-01,21.30411148071289,0.07031011581420898,0.0
0,45,sub-045_ses-01_task-szMonitoring_run-01,13.773621559143066,0.07568986341357231,0.0
0,45,sub-045_ses-01_task-szMonitoring_run-01,16.039541244506836,0.06352925300598145,0.0
0,45,sub-045_ses-01_task-szMonitoring_run-01,12.15558910369873,0.0760992169380188,0.0
0,45,sub-045_ses-01_task-szMonitoring_run-01,6.894112586975098,0.11838562786579132,0.0
0,45,sub-045_ses-01_task-szMonitoring_run-01,8.23852252960205,0.0979400984942913,0.0
0,45,sub-045_ses-01_task-szMonitoring_run-01,9.822236061096191,0.10197531059384346,0.0
0,45,sub-045_ses-01_task-szMonitoring_run-01,29.328536987304688,0.07283926755189896,0.0
0,45,sub-045_ses-01_task-szMonitoring_run-01,13.969782829284668,0.051448047161102295,0.0
0,45,sub-045_ses-01_task-szMonitoring_run-01,6.386565208435059,0.07478723675012589,0.0
0,45,sub-045_ses-01_task-szMonitoring_run-02,37.56904983520508,0.05941438674926758,0.0
0,45,sub-045_ses-01_task-szMonitoring_run-02,37.41602325439453,0.06353944540023804,0.0
0,45,sub-045_ses-01_task-szMonitoring_run-02,59.648155212402344,0.06984168291091919,0.0
0,45,sub-045_ses-01_task-szMonitoring_run-04,15.426834106445312,0.08864254504442215,0.0
0,45,sub-045_ses-01_task-szMonitoring_run-04,29.168851852416992,0.09507827460765839,0.0
0,45,sub-045_ses-01_task-szMonitoring_run-04,27.904075622558594,0.08883795514702797,0.0
0,45,sub-045_ses-01_task-szMonitoring_run-04,11.409147262573242,0.11804969981312752,0.0
0,45,sub-045_ses-01_task-szMonitoring_run-04,5.646406173706055,0.09849854558706284,0.0
0,45,sub-045_ses-01_task-szMonitoring_run-04,31.615312576293945,0.07699457183480263,0.0
0,45,sub-045_ses-01_task-szMonitoring_run-04,11.07634449005127,0.11569993942975998,0.0
0,45,sub-045_ses-01_task-szMonitoring_run-04,31.183914184570312,0.08042396232485771,0.0
0,45,sub-045_ses-01_task-szMonitoring_run-04,5.0239081382751465,0.0894920602440834,0.0
0,45,sub-045_ses-01_task-szMonitoring_run-04,7.7247209548950195,0.12192171439528465,0.0
0,45,sub-045_ses-01_task-szMonitoring_run-04,18.750486373901367,0.0710221529006958,0.0
0,45,sub-045_ses-01_task-szMonitoring_run-04,6.4134416580200195,0.10426518321037292,0.0
0,45,sub-045_ses-01_task-szMonitoring_run-04,33.591270446777344,0.06628720834851265,0.0
0,45,sub-045_ses-01_task-szMonitoring_run-05,31991610.0,0.0,0.7962962962962963
0,45,sub-045_ses-01_task-szMonitoring_run-05,0.0,0.0,1.0
0,45,sub-045_ses-01_task-szMonitoring_run-05,38.70783615112305,0.059437911957502365,0.0
0,45,sub-045_ses-01_task-szMonitoring_run-06,9.370615005493164,0.05558560974895954,0.0
0,45,sub-045_ses-01_task-szMonitoring_run-06,38.32712936401367,0.08246064186096191,0.0
0,45,sub-045_ses-01_task-szMonitoring_run-06,15.325157165527344,0.1286330781877041,0.0
0,45,sub-045_ses-01_task-szMonitoring_run-06,8.717756271362305,0.11296012252569199,0.0
0,45,sub-045_ses-01_task-szMonitoring_run-06,11.94392204284668,0.1225977223366499,0.0
0,45,sub-045_ses-01_task-szMonitoring_run-06,12.781418800354004,0.09590280428528786,0.0
0,45,sub-045_ses-01_task-szMonitoring_run-06,16.287235260009766,0.1399415358901024,0.0
0,45,sub-045_ses-01_task-szMonitoring_run-06,31.242321014404297,0.0936614815145731,0.0
0,45,sub-045_ses-01_task-szMonitoring_run-06,19.87747573852539,0.08563806116580963,0.0
0,45,sub-045_ses-01_task-szMonitoring_run-08,7.170331954956055,0.08628880977630615,0.0
0,45,sub-045_ses-01_task-szMonitoring_run-08,98.4569320678711,0.0446513295173645,0.0
0,45,sub-045_ses-01_task-szMonitoring_run-08,9.376411437988281,0.11539844796061516,0.0
0,45,sub-045_ses-01_task-szMonitoring_run-08,13.082823753356934,0.1443394459784031,0.0
0,45,sub-045_ses-01_task-szMonitoring_run-08,11.953914642333984,0.10279711335897446,0.0
0,45,sub-045_ses-01_task-szMonitoring_run-08,13.900629043579102,0.11928763054311275,0.0
0,45,sub-045_ses-01_task-szMonitoring_run-08,41.382450103759766,0.05450304225087166,0.0
0,45,sub-045_ses-01_task-szMonitoring_run-08,8.109230041503906,0.09921986050903797,0.0
0,45,sub-045_ses-01_task-szMonitoring_run-08,29.614559173583984,0.1030208021402359,0.0
0,45,sub-045_ses-01_task-szMonitoring_run-08,10.156403541564941,0.12583188153803349,0.0
0,45,sub-045_ses-01_task-szMonitoring_run-08,10.838238716125488,0.12723499722778797,0.0
0,45,sub-045_ses-01_task-szMonitoring_run-08,12.366847038269043,0.15714290738105774,0.0
0,45,sub-045_ses-01_task-szMonitoring_run-08,85.06391906738281,0.055862292647361755,0.0
0,45,sub-045_ses-01_task-szMonitoring_run-08,17.196413040161133,0.1760743260383606,0.0
0,45,sub-045_ses-01_task-szMonitoring_run-10,25.629756927490234,0.05530931055545807,0.0
0,45,sub-045_ses-01_task-szMonitoring_run-10,30.481895446777344,0.05158168077468872,0.0
0,45,sub-045_ses-01_task-szMonitoring_run-10,15.455842971801758,0.08616146259009838,0.0
0,45,sub-045_ses-01_task-szMonitoring_run-10,5.440845966339111,0.07518601790070534,0.4
0,45,sub-045_ses-01_task-szMonitoring_run-10,27.5352725982666,0.047647785395383835,0.0
1,46,sub-046_ses-01_task-szMonitoring_run-01,14.752029418945312,0.09755758941173553,0.0
1,46,sub-046_ses-01_task-szMonitoring_run-01,13.457905769348145,0.108497254550457,0.0
1,46,sub-046_ses-01_task-szMonitoring_run-01,13.78286361694336,0.10338061675429344,0.0
1,46,sub-046_ses-01_task-szMonitoring_run-01,15.442869186401367,0.09299392998218536,0.0
1,46,sub-046_ses-01_task-szMonitoring_run-01,16.255882263183594,0.08972660452127457,0.0
1,46,sub-046_ses-01_task-szMonitoring_run-01,14.147972106933594,0.10059924051165581,0.0
1,46,sub-046_ses-01_task-szMonitoring_run-01,15.52074909210205,0.09368389844894409,0.0
1,46,sub-046_ses-01_task-szMonitoring_run-01,15.639654159545898,0.09121619164943695,0.0
1,46,sub-046_ses-01_task-szMonitoring_run-01,15.233233451843262,0.09484834969043732,0.0
0,46,sub-046_ses-01_task-szMonitoring_run-01,6.597169399261475,0.10503910481929779,0.0
0,46,sub-046_ses-01_task-szMonitoring_run-01,7.682840347290039,0.1538233757019043,0.0
0,46,sub-046_ses-01_task-szMonitoring_run-01,12.09949779510498,0.16311075538396835,0.0
0,46,sub-046_ses-01_task-szMonitoring_run-01,32.21125030517578,0.1482527107000351,0.0
0,46,sub-046_ses-01_task-szMonitoring_run-01,11.708877563476562,0.08910548686981201,0.0
0,46,sub-046_ses-01_task-szMonitoring_run-01,9.272652626037598,0.15086616575717926,0.0
0,46,sub-046_ses-01_task-szMonitoring_run-01,6.719383716583252,0.12262962758541107,0.0
0,46,sub-046_ses-01_task-szMonitoring_run-01,13.84377384185791,0.14527614414691925,0.0
0,46,sub-046_ses-01_task-szMonitoring_run-01,20.05646514892578,0.08901078253984451,0.0
0,46,sub-046_ses-01_task-szMonitoring_run-01,20.955907821655273,0.09612839668989182,0.0
0,46,sub-046_ses-01_task-szMonitoring_run-02,92.85581970214844,0.04691571369767189,0.0
0,46,sub-046_ses-01_task-szMonitoring_run-02,13.095799446105957,0.09278414025902748,0.0
0,46,sub-046_ses-01_task-szMonitoring_run-02,53.788726806640625,0.06155335158109665,0.0
0,46,sub-046_ses-01_task-szMonitoring_run-02,52.9232063293457,0.06098504364490509,0.0
0,46,sub-046_ses-01_task-szMonitoring_run-03,3.1658682823181152,0.07387290708720684,0.0
0,46,sub-046_ses-01_task-szMonitoring_run-03,13.807941436767578,0.11062606424093246,0.0
0,46,sub-046_ses-01_task-szMonitoring_run-03,17.78452491760254,0.04575219750404358,0.0
0,46,sub-046_ses-01_task-szMonitoring_run-03,33.79476547241211,0.08035746961832047,0.0
0,46,sub-046_ses-01_task-szMonitoring_run-03,10.197359085083008,0.04589229077100754,0.0
0,46,sub-046_ses-01_task-szMonitoring_run-03,18.954830169677734,0.0526869036257267,0.0
0,46,sub-046_ses-01_task-szMonitoring_run-03,9.374720573425293,0.061282575130462646,0.0
0,46,sub-046_ses-01_task-szMonitoring_run-03,12.601168632507324,0.08266090787947178,0.0
0,46,sub-046_ses-01_task-szMonitoring_run-03,23.738018035888672,0.06780246645212173,0.0
0,46,sub-046_ses-01_task-szMonitoring_run-03,6.69090461730957,0.05306718219071627,0.0
0,46,sub-046_ses-01_task-szMonitoring_run-03,56.93370819091797,0.08708828315138817,0.0
0,46,sub-046_ses-01_task-szMonitoring_run-05,8.08552360534668,0.08647724241018295,0.0
0,46,sub-046_ses-01_task-szMonitoring_run-05,14.277085304260254,0.08516919612884521,0.0
0,46,sub-046_ses-01_task-szMonitoring_run-05,9.62053108215332,0.10422363318502903,0.0
0,46,sub-046_ses-01_task-szMonitoring_run-05,45.43037796020508,0.053800251334905624,0.0
0,46,sub-046_ses-01_task-szMonitoring_run-05,11.86830997467041,0.09346628189086914,0.0
0,46,sub-046_ses-01_task-szMonitoring_run-05,15.054892539978027,0.08100312948226929,0.0
0,46,sub-046_ses-01_task-szMonitoring_run-05,83.68941497802734,0.047974374145269394,0.0
0,46,sub-046_ses-01_task-szMonitoring_run-05,18.165729522705078,0.17498796433210373,0.0
0,46,sub-046_ses-01_task-szMonitoring_run-05,34.12416458129883,0.0897047370672226,0.0
0,46,sub-046_ses-01_task-szMonitoring_run-05,11.34830379486084,0.14504960924386978,0.0
0,46,sub-046_ses-01_task-szMonitoring_run-05,52.736305236816406,0.05616448074579239,0.0
0,46,sub-046_ses-01_task-szMonitoring_run-05,14.377031326293945,0.08713142573833466,0.0
0,46,sub-046_ses-01_task-szMonitoring_run-05,10.776537895202637,0.09792681038379669,0.0
0,46,sub-046_ses-01_task-szMonitoring_run-05,12.011812210083008,0.1427999660372734,0.0
0,46,sub-046_ses-01_task-szMonitoring_run-05,9.686930656433105,0.095726627856493,0.0
0,46,sub-046_ses-01_task-szMonitoring_run-05,9.508861541748047,0.12636220455169678,0.0
0,46,sub-046_ses-01_task-szMonitoring_run-06,12.8024263381958,0.07805126160383224,0.0
0,46,sub-046_ses-01_task-szMonitoring_run-06,17.217857360839844,0.10857275873422623,0.0
0,46,sub-046_ses-01_task-szMonitoring_run-07,4.242150783538818,0.1119807306677103,0.0
0,46,sub-046_ses-01_task-szMonitoring_run-07,10.674839973449707,0.2174556404352188,0.0
0,46,sub-046_ses-01_task-szMonitoring_run-07,33.04078674316406,0.04878813028335571,0.0
0,46,sub-046_ses-01_task-szMonitoring_run-07,19.898849487304688,0.37585487961769104,0.0
0,46,sub-046_ses-01_task-szMonitoring_run-07,19.964067459106445,0.2784457765519619,0.0
0,46,sub-046_ses-01_task-szMonitoring_run-07,15.369463920593262,0.07373422011733055,0.0
0,46,sub-046_ses-01_task-szMonitoring_run-07,23.49090003967285,0.10075729340314865,0.0
0,46,sub-046_ses-01_task-szMonitoring_run-07,26.066020965576172,0.08501565828919411,0.0
0,46,sub-046_ses-01_task-szMonitoring_run-07,11.542022705078125,0.38300667703151703,0.0
0,46,sub-046_ses-01_task-szMonitoring_run-07,22.2133846282959,0.28102415800094604,0.0
0,46,sub-046_ses-01_task-szMonitoring_run-07,11.50843620300293,0.10371244698762894,0.0
0,46,sub-046_ses-01_task-szMonitoring_run-07,6.110267639160156,0.05459278076887131,0.0
0,46,sub-046_ses-01_task-szMonitoring_run-07,24.523847579956055,0.06055094301700592,0.0
0,46,sub-046_ses-01_task-szMonitoring_run-07,6.0122904777526855,0.1631612740457058,0.0
0,46,sub-046_ses-01_task-szMonitoring_run-08,13.32868766784668,0.09763400256633759,0.0
0,46,sub-046_ses-01_task-szMonitoring_run-08,4.247778415679932,0.17519059777259827,0.0
0,46,sub-046_ses-01_task-szMonitoring_run-08,22.42616844177246,0.400308221578598,0.0
1,47,sub-047_ses-01_task-szMonitoring_run-01,4.166861534118652,0.09762575477361679,0.0
1,47,sub-047_ses-01_task-szMonitoring_run-01,4.7838921546936035,0.10086603835225105,0.0
1,47,sub-047_ses-01_task-szMonitoring_run-01,4.339794158935547,0.09550173953175545,0.0
1,47,sub-047_ses-01_task-szMonitoring_run-01,4.352619647979736,0.09813292324542999,0.0
1,47,sub-047_ses-01_task-szMonitoring_run-01,4.331191539764404,0.10805333033204079,0.0
1,47,sub-047_ses-01_task-szMonitoring_run-01,4.608431816101074,0.10183802619576454,0.0
1,47,sub-047_ses-01_task-szMonitoring_run-01,4.221065521240234,0.09680640697479248,0.0
1,47,sub-047_ses-01_task-szMonitoring_run-01,4.370860576629639,0.09674468263983727,0.0
0,47,sub-047_ses-01_task-szMonitoring_run-01,5.49648904800415,0.1802137866616249,0.0
1,47,sub-047_ses-01_task-szMonitoring_run-02,28.391332626342773,0.06013473868370056,0.0
1,47,sub-047_ses-01_task-szMonitoring_run-02,30.094614028930664,0.059692153707146645,0.0
1,47,sub-047_ses-01_task-szMonitoring_run-02,28.579572677612305,0.0571297537535429,0.0
1,47,sub-047_ses-01_task-szMonitoring_run-02,29.534709930419922,0.06001419015228748,0.0
1,47,sub-047_ses-01_task-szMonitoring_run-02,11.351566314697266,0.0717367772012949,0.0
1,47,sub-047_ses-01_task-szMonitoring_run-02,11.20401382446289,0.07199963927268982,0.0
1,47,sub-047_ses-01_task-szMonitoring_run-02,28.509105682373047,0.057351281866431236,0.0
1,47,sub-047_ses-01_task-szMonitoring_run-02,11.972671508789062,0.07123936526477337,0.0
1,47,sub-047_ses-01_task-szMonitoring_run-02,12.001648902893066,0.06599471904337406,0.0
1,47,sub-047_ses-01_task-szMonitoring_run-02,28.56460952758789,0.05905419960618019,0.0
1,47,sub-047_ses-01_task-szMonitoring_run-02,10.96762466430664,0.06824841164052486,0.0
0,47,sub-047_ses-01_task-szMonitoring_run-02,18.5892333984375,0.05050445534288883,0.0
0,47,sub-047_ses-01_task-szMonitoring_run-02,5.318811416625977,0.1240665540099144,0.0
0,47,sub-047_ses-01_task-szMonitoring_run-02,11.225905418395996,0.035368786193430424,0.0
0,47,sub-047_ses-01_task-szMonitoring_run-02,4.796634674072266,0.12594496831297874,0.0
0,47,sub-047_ses-01_task-szMonitoring_run-02,13.779562950134277,0.054737383499741554,0.0
0,47,sub-047_ses-01_task-szMonitoring_run-02,4.713894367218018,0.13330823555588722,0.0
0,47,sub-047_ses-01_task-szMonitoring_run-02,4.7730560302734375,0.15067046880722046,0.0
0,47,sub-047_ses-01_task-szMonitoring_run-02,11.89202880859375,0.11069491133093834,0.0
0,47,sub-047_ses-01_task-szMonitoring_run-02,3.946239471435547,0.1983092799782753,0.0
0,47,sub-047_ses-01_task-szMonitoring_run-03,58.911991119384766,0.07644984871149063,0.0
1,47,sub-047_ses-01_task-szMonitoring_run-04,13.346518516540527,0.0356321856379509,0.0
1,47,sub-047_ses-01_task-szMonitoring_run-04,9.15244197845459,0.07183143496513367,0.0
1,47,sub-047_ses-01_task-szMonitoring_run-04,9.418097496032715,0.0724112056195736,0.0
1,47,sub-047_ses-01_task-szMonitoring_run-04,5.478460311889648,0.07088136859238148,0.0
1,47,sub-047_ses-01_task-szMonitoring_run-04,9.513376235961914,0.07232766784727573,0.0
1,47,sub-047_ses-01_task-szMonitoring_run-04,5.402397632598877,0.07070406526327133,0.0
1,47,sub-047_ses-01_task-szMonitoring_run-04,13.425934791564941,0.03538504242897034,0.0
1,47,sub-047_ses-01_task-szMonitoring_run-04,5.827828884124756,0.06469090282917023,0.0
1,47,sub-047_ses-01_task-szMonitoring_run-04,13.34487247467041,0.03562632575631142,0.0
1,47,sub-047_ses-01_task-szMonitoring_run-04,12.523467063903809,0.03767804801464081,0.0
0,47,sub-047_ses-01_task-szMonitoring_run-04,5.996453285217285,0.08901315368711948,0.0
0,47,sub-047_ses-01_task-szMonitoring_run-04,5.160726547241211,0.06847184151411057,0.0
0,47,sub-047_ses-01_task-szMonitoring_run-04,11.671497344970703,0.03928670845925808,0.0
0,47,sub-047_ses-01_task-szMonitoring_run-04,22.863489151000977,0.03145352937281132,0.0
0,47,sub-047_ses-01_task-szMonitoring_run-04,5.028806686401367,0.06611909344792366,0.0
0,47,sub-047_ses-01_task-szMonitoring_run-04,6.465125560760498,0.1065933108329773,0.0
0,47,sub-047_ses-01_task-szMonitoring_run-04,21.67380714416504,0.06899251975119114,0.0
0,47,sub-047_ses-01_task-szMonitoring_run-04,5.233553886413574,0.08041492477059364,0.0
0,47,sub-047_ses-01_task-szMonitoring_run-04,5.625350475311279,0.12278968095779419,0.0
0,47,sub-047_ses-01_task-szMonitoring_run-04,8.162788391113281,0.07270623557269573,0.0
0,47,sub-047_ses-01_task-szMonitoring_run-04,6.197634220123291,0.0654696449637413,0.0
0,47,sub-047_ses-01_task-szMonitoring_run-04,13.162972450256348,0.03602170944213867,0.0
0,47,sub-047_ses-01_task-szMonitoring_run-04,4.577050685882568,0.08569788187742233,0.0
0,47,sub-047_ses-01_task-szMonitoring_run-05,5.053094387054443,0.061284139752388,0.0
0,47,sub-047_ses-01_task-szMonitoring_run-05,7.868465423583984,0.06968549825251102,0.0
1,47,sub-047_ses-01_task-szMonitoring_run-06,14.516878128051758,0.05452870577573776,0.0
1,47,sub-047_ses-01_task-szMonitoring_run-06,14.381587982177734,0.054663438349962234,0.0
1,47,sub-047_ses-01_task-szMonitoring_run-06,14.2261323928833,0.053896160796284676,0.0
1,47,sub-047_ses-01_task-szMonitoring_run-06,14.656455993652344,0.05370820872485638,0.0
1,47,sub-047_ses-01_task-szMonitoring_run-06,13.960472106933594,0.054663438349962234,0.0
1,47,sub-047_ses-01_task-szMonitoring_run-06,14.495330810546875,0.05414692871272564,0.0
0,47,sub-047_ses-01_task-szMonitoring_run-06,12.92542552947998,0.07109751179814339,0.0
0,47,sub-047_ses-01_task-szMonitoring_run-06,11.231912612915039,0.056918052956461906,0.0
0,47,sub-047_ses-01_task-szMonitoring_run-06,8.805279731750488,0.06082236208021641,0.0
1,47,sub-047_ses-01_task-szMonitoring_run-07,10.001002311706543,0.03696615342050791,0.0
1,47,sub-047_ses-01_task-szMonitoring_run-07,12.07523250579834,0.03186700399965048,0.0
1,47,sub-047_ses-01_task-szMonitoring_run-07,13.12648868560791,0.03952150233089924,0.0
1,47,sub-047_ses-01_task-szMonitoring_run-07,10.69309139251709,0.037078576162457466,0.0
1,47,sub-047_ses-01_task-szMonitoring_run-07,10.122687339782715,0.039247664622962475,0.0
1,47,sub-047_ses-01_task-szMonitoring_run-07,12.027603149414062,0.04016800783574581,0.0
1,47,sub-047_ses-01_task-szMonitoring_run-07,10.209110260009766,0.038909913040697575,0.0
1,47,sub-047_ses-01_task-szMonitoring_run-07,15.045411109924316,0.038703108206391335,0.0
1,47,sub-047_ses-01_task-szMonitoring_run-07,12.670563697814941,0.040506208315491676,0.0
1,47,sub-047_ses-01_task-szMonitoring_run-07,9.727378845214844,0.040865324437618256,0.0
0,47,sub-047_ses-01_task-szMonitoring_run-07,14.084731101989746,0.03331436216831207,0.0
0,47,sub-047_ses-01_task-szMonitoring_run-07,4.888427257537842,0.0673635546118021,0.0
0,47,sub-047_ses-01_task-szMonitoring_run-07,7.610138893127441,0.038730841130018234,0.0
0,47,sub-047_ses-01_task-szMonitoring_run-07,6.825083255767822,0.06214282475411892,0.0
0,47,sub-047_ses-01_task-szMonitoring_run-07,8.628039360046387,0.05621820315718651,0.0
0,47,sub-047_ses-01_task-szMonitoring_run-07,7.520312786102295,0.043842995539307594,0.0
0,47,sub-047_ses-01_task-szMonitoring_run-07,8.752711296081543,0.028902950696647167,0.0
0,47,sub-047_ses-01_task-szMonitoring_run-07,5.81242036819458,0.041159603744745255,0.0
0,48,sub-048_ses-01_task-szMonitoring_run-01,6.315052032470703,0.08438318967819214,0.0
0,48,sub-048_ses-01_task-szMonitoring_run-01,10.30447769165039,0.05052875727415085,0.0
0,48,sub-048_ses-01_task-szMonitoring_run-01,9.781913757324219,0.06949195265769958,0.0
0,48,sub-048_ses-01_task-szMonitoring_run-01,39.27429962158203,0.07254812866449356,0.0
0,48,sub-048_ses-01_task-szMonitoring_run-01,11.301512718200684,0.03637154400348663,0.0
0,48,sub-048_ses-01_task-szMonitoring_run-01,8.500558853149414,0.07114733755588531,0.0
0,48,sub-048_ses-01_task-szMonitoring_run-02,42.725502014160156,0.04372578114271164,0.0
0,48,sub-048_ses-01_task-szMonitoring_run-02,72.3376235961914,0.03977856785058975,0.0
0,48,sub-048_ses-01_task-szMonitoring_run-02,11.056328773498535,0.044618159532547,0.0
0,48,sub-048_ses-01_task-szMonitoring_run-02,33.22998809814453,0.060200005769729614,0.0
0,48,sub-048_ses-01_task-szMonitoring_run-02,23.132156372070312,0.05271759629249573,0.0
0,48,sub-048_ses-01_task-szMonitoring_run-02,10.7555513381958,0.046534813940525055,0.0
0,48,sub-048_ses-01_task-szMonitoring_run-02,15.739893913269043,0.0434136763215065,0.0
0,48,sub-048_ses-01_task-szMonitoring_run-02,53.28081512451172,0.05740852653980255,0.0
0,48,sub-048_ses-01_task-szMonitoring_run-02,5.942244529724121,0.052334390580654144,0.0
0,48,sub-048_ses-01_task-szMonitoring_run-02,28.915616989135742,0.04954402148723602,0.0
0,48,sub-048_ses-01_task-szMonitoring_run-02,22.316137313842773,0.04703076183795929,0.0
0,48,sub-048_ses-01_task-szMonitoring_run-02,20.68440818786621,0.04149998724460602,0.0
0,48,sub-048_ses-01_task-szMonitoring_run-02,94.65226745605469,0.04250640422105789,0.0
0,48,sub-048_ses-01_task-szMonitoring_run-02,60.28773498535156,0.056527458131313324,0.0
0,48,sub-048_ses-01_task-szMonitoring_run-02,22.55128288269043,0.06590591371059418,0.0
0,48,sub-048_ses-01_task-szMonitoring_run-03,10.494461059570312,0.03130807727575302,0.0
0,48,sub-048_ses-01_task-szMonitoring_run-03,36.66263198852539,0.03519193083047867,0.0
0,48,sub-048_ses-01_task-szMonitoring_run-03,43.0084114074707,0.031064502894878387,0.0
0,48,sub-048_ses-01_task-szMonitoring_run-03,21.639835357666016,0.039295636117458344,0.0
0,48,sub-048_ses-01_task-szMonitoring_run-03,35.43428039550781,0.03572912514209747,0.0
0,48,sub-048_ses-01_task-szMonitoring_run-03,33.264190673828125,0.03338751941919327,0.0
0,48,sub-048_ses-01_task-szMonitoring_run-04,21.874845504760742,0.033291131258010864,0.0
0,48,sub-048_ses-01_task-szMonitoring_run-04,24.13616371154785,0.033791594207286835,0.0
0,48,sub-048_ses-01_task-szMonitoring_run-04,16.693893432617188,0.10783009976148605,0.0
0,48,sub-048_ses-01_task-szMonitoring_run-04,40.8052864074707,0.040933750569820404,0.0
0,48,sub-048_ses-01_task-szMonitoring_run-04,21.053380966186523,0.02997767925262451,0.0
0,48,sub-048_ses-01_task-szMonitoring_run-04,45.88594055175781,0.03249138593673706,0.0
0,48,sub-048_ses-01_task-szMonitoring_run-05,26.76960563659668,0.06737785786390305,0.0
0,48,sub-048_ses-01_task-szMonitoring_run-05,60.19551086425781,0.045593515038490295,0.0
0,48,sub-048_ses-01_task-szMonitoring_run-05,64.08103942871094,0.049197614192962646,0.0
0,48,sub-048_ses-01_task-szMonitoring_run-05,24.51926612854004,0.04410886764526367,0.0
0,48,sub-048_ses-01_task-szMonitoring_run-05,27.585121154785156,0.07431693375110626,0.0
0,48,sub-048_ses-01_task-szMonitoring_run-05,28.415071487426758,0.06845789402723312,0.0
0,48,sub-048_ses-01_task-szMonitoring_run-05,48.824684143066406,0.09780150651931763,0.0
1,48,sub-048_ses-01_task-szMonitoring_run-06,23.484424591064453,0.06452810764312744,0.0
1,48,sub-048_ses-01_task-szMonitoring_run-06,23.38216781616211,0.06404260918498039,0.0
1,48,sub-048_ses-01_task-szMonitoring_run-06,22.727745056152344,0.06263796612620354,0.0
1,48,sub-048_ses-01_task-szMonitoring_run-06,22.366735458374023,0.06348755210638046,0.0
1,48,sub-048_ses-01_task-szMonitoring_run-06,22.296756744384766,0.06220749765634537,0.0
1,48,sub-048_ses-01_task-szMonitoring_run-06,23.093597412109375,0.06220749765634537,0.0
1,48,sub-048_ses-01_task-szMonitoring_run-06,23.525083541870117,0.06241820752620697,0.0
0,48,sub-048_ses-01_task-szMonitoring_run-06,99.22025299072266,0.053703680634498596,0.0
0,48,sub-048_ses-01_task-szMonitoring_run-06,20.293987274169922,0.04758940637111664,0.0
0,48,sub-048_ses-01_task-szMonitoring_run-06,5.026187419891357,0.07862211018800735,0.0
0,48,sub-048_ses-01_task-szMonitoring_run-06,16.858694076538086,0.05322449654340744,0.0
0,48,sub-048_ses-01_task-szMonitoring_run-06,53.311031341552734,0.07509112358093262,0.0
0,48,sub-048_ses-01_task-szMonitoring_run-06,21.475744247436523,0.053430475294589996,0.0
0,48,sub-048_ses-01_task-szMonitoring_run-06,5.16478157043457,0.07989110797643661,0.0
0,48,sub-048_ses-01_task-szMonitoring_run-06,29.330825805664062,0.04820673167705536,0.0
0,48,sub-048_ses-01_task-szMonitoring_run-07,36.21073913574219,0.057750068604946136,0.0
0,48,sub-048_ses-01_task-szMonitoring_run-07,7.4281110763549805,0.08131233602762222,0.0
0,48,sub-048_ses-01_task-szMonitoring_run-07,64.23770904541016,0.04237550497055054,0.0
0,48,sub-048_ses-01_task-szMonitoring_run-07,21.8427677154541,0.042261309921741486,0.0
0,48,sub-048_ses-01_task-szMonitoring_run-07,28.577178955078125,0.05343247205018997,0.0
0,48,sub-048_ses-01_task-szMonitoring_run-07,35.0421142578125,0.10469014197587967,0.0
0,48,sub-048_ses-01_task-szMonitoring_run-07,21.741662979125977,0.04339583218097687,0.0
0,48,sub-048_ses-01_task-szMonitoring_run-07,29.504833221435547,0.045659296214580536,0.0
0,48,sub-048_ses-01_task-szMonitoring_run-07,29.823156356811523,0.042443521320819855,0.0
0,48,sub-048_ses-01_task-szMonitoring_run-08,66.75874328613281,0.04250513017177582,0.0
0,48,sub-048_ses-01_task-szMonitoring_run-08,65.25992584228516,0.042226552963256836,0.0
0,48,sub-048_ses-01_task-szMonitoring_run-08,16.031463623046875,0.03386101871728897,0.0
0,48,sub-048_ses-01_task-szMonitoring_run-08,41.88060760498047,0.059301383793354034,0.0
0,48,sub-048_ses-01_task-szMonitoring_run-08,66.82366943359375,0.045921847224235535,0.0
0,48,sub-048_ses-01_task-szMonitoring_run-08,13.786865234375,0.19373507797718048,0.0
0,48,sub-048_ses-01_task-szMonitoring_run-08,11.412416458129883,0.12721410021185875,0.0
0,48,sub-048_ses-01_task-szMonitoring_run-08,33.190895080566406,0.03912840783596039,0.0
0,49,sub-049_ses-01_task-szMonitoring_run-01,50.069252014160156,0.08466508984565735,0.0
0,49,sub-049_ses-01_task-szMonitoring_run-01,14.004520416259766,0.07460296154022217,0.0
0,49,sub-049_ses-01_task-szMonitoring_run-01,29.1569881439209,0.07923741266131401,0.0
0,49,sub-049_ses-01_task-szMonitoring_run-01,13.610167503356934,0.08765749260783195,0.0
0,49,sub-049_ses-01_task-szMonitoring_run-01,23.96341896057129,0.08849353715777397,0.0
0,49,sub-049_ses-01_task-szMonitoring_run-01,22.030906677246094,0.06365881860256195,0.0
1,49,sub-049_ses-01_task-szMonitoring_run-02,33.98415756225586,0.04600302129983902,0.0
1,49,sub-049_ses-01_task-szMonitoring_run-02,31.251428604125977,0.047783054411411285,0.0
1,49,sub-049_ses-01_task-szMonitoring_run-02,31.027095794677734,0.04769262671470642,0.0
1,49,sub-049_ses-01_task-szMonitoring_run-02,34.52401351928711,0.04582803696393967,0.0
1,49,sub-049_ses-01_task-szMonitoring_run-02,31.289560317993164,0.050414033234119415,0.0
1,49,sub-049_ses-01_task-szMonitoring_run-02,31.3111572265625,0.04771656543016434,0.0
0,49,sub-049_ses-01_task-szMonitoring_run-02,26.701519012451172,0.06162334978580475,0.0
0,49,sub-049_ses-01_task-szMonitoring_run-02,24.670162200927734,0.06748899817466736,0.0
0,49,sub-049_ses-01_task-szMonitoring_run-03,21.747556686401367,0.05737472325563431,0.0
0,49,sub-049_ses-01_task-szMonitoring_run-03,35.27244567871094,0.05535973608493805,0.0
0,49,sub-049_ses-01_task-szMonitoring_run-03,31.740137100219727,0.04715035855770111,0.0
0,49,sub-049_ses-01_task-szMonitoring_run-03,17.135761260986328,0.10512960702180862,0.0
0,49,sub-049_ses-01_task-szMonitoring_run-03,27.52433967590332,0.050997234880924225,0.0
0,49,sub-049_ses-01_task-szMonitoring_run-03,65.87907409667969,0.05758102238178253,0.0
0,49,sub-049_ses-01_task-szMonitoring_run-03,34.870365142822266,0.05481978505849838,0.0
0,49,sub-049_ses-01_task-szMonitoring_run-03,28.024404525756836,0.050848111510276794,0.0
0,49,sub-049_ses-01_task-szMonitoring_run-03,26.032682418823242,0.05325498431921005,0.0
0,49,sub-049_ses-01_task-szMonitoring_run-03,50.663848876953125,0.05857910215854645,0.0
0,49,sub-049_ses-01_task-szMonitoring_run-04,14.933675765991211,0.10904109850525856,0.0
0,49,sub-049_ses-01_task-szMonitoring_run-04,16.00635528564453,0.15724458545446396,0.0
0,49,sub-049_ses-01_task-szMonitoring_run-04,25.051082611083984,0.07605274766683578,0.0
0,49,sub-049_ses-01_task-szMonitoring_run-04,24.623647689819336,0.08995626866817474,0.0
0,49,sub-049_ses-01_task-szMonitoring_run-04,21.16196632385254,0.10129900276660919,0.0
0,49,sub-049_ses-01_task-szMonitoring_run-04,18.544456481933594,0.09257200360298157,0.0
0,49,sub-049_ses-01_task-szMonitoring_run-04,14.54029369354248,0.07730334252119064,0.0
0,49,sub-049_ses-01_task-szMonitoring_run-04,22.192584991455078,0.11472019553184509,0.0
0,49,sub-049_ses-01_task-szMonitoring_run-04,15.781535148620605,0.09214246645569801,0.0
0,49,sub-049_ses-01_task-szMonitoring_run-05,49.93857955932617,0.10005979984998703,0.0
0,49,sub-049_ses-01_task-szMonitoring_run-05,17.920848846435547,0.07591194659471512,0.0
0,49,sub-049_ses-01_task-szMonitoring_run-05,44.7963981628418,0.06446442008018494,0.0
0,49,sub-049_ses-01_task-szMonitoring_run-05,74.07901000976562,0.056830994784832,0.0
0,49,sub-049_ses-01_task-szMonitoring_run-05,29.86221694946289,0.08035480976104736,0.0
0,49,sub-049_ses-01_task-szMonitoring_run-05,16.58002471923828,0.06529206037521362,0.0
0,49,sub-049_ses-01_task-szMonitoring_run-05,16.183025360107422,0.06541064754128456,0.0
0,49,sub-049_ses-01_task-szMonitoring_run-05,44.08291244506836,0.09693577140569687,0.0
0,49,sub-049_ses-01_task-szMonitoring_run-05,46.00412368774414,0.050708502531051636,0.0
0,49,sub-049_ses-01_task-szMonitoring_run-06,27.465557098388672,0.11497533321380615,0.0
0,49,sub-049_ses-01_task-szMonitoring_run-06,80.97909545898438,0.06964150816202164,0.0
0,49,sub-049_ses-01_task-szMonitoring_run-07,32.81219482421875,0.06656881421804428,0.0
0,49,sub-049_ses-01_task-szMonitoring_run-07,80.2371597290039,0.0493168979883194,0.0
0,49,sub-049_ses-01_task-szMonitoring_run-07,30.42960548400879,0.09145551919937134,0.0
0,49,sub-049_ses-01_task-szMonitoring_run-07,55.636348724365234,0.06173542141914368,0.0
0,49,sub-049_ses-01_task-szMonitoring_run-07,0.0,0.0,1.0
0,49,sub-049_ses-01_task-szMonitoring_run-07,14.800095558166504,0.08002929389476776,0.0
0,49,sub-049_ses-01_task-szMonitoring_run-07,31.69370460510254,0.062387511134147644,0.0
0,49,sub-049_ses-01_task-szMonitoring_run-07,33.77756118774414,0.08059600740671158,0.0
0,49,sub-049_ses-01_task-szMonitoring_run-07,37.63324737548828,0.04549962282180786,0.0
0,49,sub-049_ses-01_task-szMonitoring_run-07,13.780816078186035,0.09313952177762985,0.0
0,49,sub-049_ses-01_task-szMonitoring_run-07,29.218608856201172,0.07536529749631882,0.0
0,49,sub-049_ses-01_task-szMonitoring_run-07,32.83150100708008,0.11388388276100159,0.0
0,50,sub-050_ses-01_task-szMonitoring_run-01,6.344942569732666,0.09549808502197266,0.0
0,50,sub-050_ses-01_task-szMonitoring_run-01,12.193750381469727,0.08521804958581924,0.0
0,50,sub-050_ses-01_task-szMonitoring_run-01,6.4188737869262695,0.06168863922357559,0.0
0,50,sub-050_ses-01_task-szMonitoring_run-01,14.539194107055664,0.13137706369161606,0.0
0,50,sub-050_ses-01_task-szMonitoring_run-01,21.4226016998291,0.0592876598238945,0.0
0,50,sub-050_ses-01_task-szMonitoring_run-01,8.173365592956543,0.16135618090629578,0.0
0,50,sub-050_ses-01_task-szMonitoring_run-01,33.91047286987305,0.08185479789972305,0.0
0,50,sub-050_ses-01_task-szMonitoring_run-01,10.932591438293457,0.08344174921512604,0.0
0,50,sub-050_ses-01_task-szMonitoring_run-02,172.5242919921875,0.07317054271697998,0.0
0,50,sub-050_ses-01_task-szMonitoring_run-02,12.855755805969238,0.09857314825057983,0.0
0,50,sub-050_ses-01_task-szMonitoring_run-02,174.04136657714844,0.07005364447832108,0.0
0,50,sub-050_ses-01_task-szMonitoring_run-02,171.22715759277344,0.07297684252262115,0.0
0,50,sub-050_ses-01_task-szMonitoring_run-02,9.864192008972168,0.0860586166381836,0.0
0,50,sub-050_ses-01_task-szMonitoring_run-02,64.4506607055664,0.04853162169456482,0.0
0,50,sub-050_ses-01_task-szMonitoring_run-02,34.68186950683594,0.07066485285758972,0.0
0,50,sub-050_ses-01_task-szMonitoring_run-03,22.41937255859375,0.0729052796959877,0.0
0,50,sub-050_ses-01_task-szMonitoring_run-03,8.358491897583008,0.0716971904039383,0.0
0,50,sub-050_ses-01_task-szMonitoring_run-03,17.79545783996582,0.07630161941051483,0.0
0,50,sub-050_ses-01_task-szMonitoring_run-03,33.947959899902344,0.0524626225233078,0.0
0,50,sub-050_ses-01_task-szMonitoring_run-03,11.203326225280762,0.07741712778806686,0.0
0,50,sub-050_ses-01_task-szMonitoring_run-03,17.56859588623047,0.0774291604757309,0.0
0,50,sub-050_ses-01_task-szMonitoring_run-03,8.15284538269043,0.0726054459810257,0.0
0,50,sub-050_ses-01_task-szMonitoring_run-03,13.954747200012207,0.07164961099624634,0.0
0,50,sub-050_ses-01_task-szMonitoring_run-03,44.11536407470703,0.06293097883462906,0.0
0,50,sub-050_ses-01_task-szMonitoring_run-03,46.762298583984375,0.07200254499912262,0.0
0,50,sub-050_ses-01_task-szMonitoring_run-03,12.337587356567383,0.07009951770305634,0.0
0,50,sub-050_ses-01_task-szMonitoring_run-04,0.0,0.0,1.0
0,50,sub-050_ses-01_task-szMonitoring_run-04,4.649813652038574,0.38371750712394714,0.31851851851851853
0,50,sub-050_ses-01_task-szMonitoring_run-04,38.79720687866211,0.06310511380434036,0.0
0,50,sub-050_ses-01_task-szMonitoring_run-04,45.66816329956055,0.06025782972574234,0.0
0,50,sub-050_ses-01_task-szMonitoring_run-04,6.4063029289245605,0.37983458023518324,0.2518518518518518
0,50,sub-050_ses-01_task-szMonitoring_run-04,0.0,0.0,1.0
0,50,sub-050_ses-01_task-szMonitoring_run-04,51.31159210205078,0.05813806504011154,0.0
1,50,sub-050_ses-01_task-szMonitoring_run-05,8.724966049194336,0.10707945004105568,0.0
1,50,sub-050_ses-01_task-szMonitoring_run-05,8.602377891540527,0.10813349112868309,0.0
1,50,sub-050_ses-01_task-szMonitoring_run-05,10.693402290344238,0.10348477959632874,0.0
1,50,sub-050_ses-01_task-szMonitoring_run-05,10.164962768554688,0.054800231009721756,0.0
1,50,sub-050_ses-01_task-szMonitoring_run-05,10.35132884979248,0.054919857531785965,0.0
1,50,sub-050_ses-01_task-szMonitoring_run-05,10.399679183959961,0.05501607805490494,0.0
1,50,sub-050_ses-01_task-szMonitoring_run-05,8.908196449279785,0.10411006584763527,0.0
1,50,sub-050_ses-01_task-szMonitoring_run-05,10.28669261932373,0.042691685259342194,0.0
1,50,sub-050_ses-01_task-szMonitoring_run-05,11.040514945983887,0.10293716937303543,0.0
1,50,sub-050_ses-01_task-szMonitoring_run-05,8.440016746520996,0.10778673738241196,0.0
1,50,sub-050_ses-01_task-szMonitoring_run-05,9.843192100524902,0.04901651665568352,0.0
0,50,sub-050_ses-01_task-szMonitoring_run-05,47.99799728393555,0.04896461218595505,0.0
0,50,sub-050_ses-01_task-szMonitoring_run-05,12.718703269958496,0.052428094670176506,0.0
0,50,sub-050_ses-01_task-szMonitoring_run-05,6.761566162109375,0.18336662650108337,0.0
0,50,sub-050_ses-01_task-szMonitoring_run-05,50.69160079956055,0.07602912187576294,0.0
0,50,sub-050_ses-01_task-szMonitoring_run-05,49.71467971801758,0.05443089082837105,0.0
0,50,sub-050_ses-01_task-szMonitoring_run-05,4.679742813110352,0.050775982439517975,0.0
0,50,sub-050_ses-01_task-szMonitoring_run-05,11.476415634155273,0.06188454106450081,0.0
0,50,sub-050_ses-01_task-szMonitoring_run-06,14.241827011108398,0.13373254239559174,0.0
0,50,sub-050_ses-01_task-szMonitoring_run-06,21.060646057128906,0.1002795398235321,0.0
0,50,sub-050_ses-01_task-szMonitoring_run-06,6.101215839385986,0.39833153039216995,0.2611111111111111
0,50,sub-050_ses-01_task-szMonitoring_run-06,54.57529830932617,0.07075124979019165,0.0
0,50,sub-050_ses-01_task-szMonitoring_run-06,50.548274993896484,0.06914883106946945,0.0
0,50,sub-050_ses-01_task-szMonitoring_run-06,60.06392288208008,0.04657577723264694,0.0
0,50,sub-050_ses-01_task-szMonitoring_run-06,59.162166595458984,0.05669458955526352,0.0
0,50,sub-050_ses-01_task-szMonitoring_run-06,65.32177734375,0.0717877671122551,0.0
1,51,sub-051_ses-01_task-szMonitoring_run-01,5.059113025665283,0.033003441989421844,0.0
1,51,sub-051_ses-01_task-szMonitoring_run-01,39.43334197998047,0.1239895150065422,0.0
1,51,sub-051_ses-01_task-szMonitoring_run-01,11.035435676574707,0.12237752228975296,0.0
1,51,sub-051_ses-01_task-szMonitoring_run-01,3.248347282409668,0.032716795802116394,0.0
1,51,sub-051_ses-01_task-szMonitoring_run-01,5.108633041381836,0.03337150067090988,0.0
1,51,sub-051_ses-01_task-szMonitoring_run-01,3.4151036739349365,0.033296242356300354,0.0
1,51,sub-051_ses-01_task-szMonitoring_run-01,5.006148815155029,0.033764734864234924,0.0
1,51,sub-051_ses-01_task-szMonitoring_run-01,3.26953387260437,0.033048808574676514,0.0
1,51,sub-051_ses-01_task-szMonitoring_run-01,37.34641647338867,0.1266188770532608,0.0
1,51,sub-051_ses-01_task-szMonitoring_run-01,3.4116952419281006,0.033583611249923706,0.0
1,51,sub-051_ses-01_task-szMonitoring_run-01,4.993493556976318,0.03357870131731033,0.0
1,51,sub-051_ses-01_task-szMonitoring_run-01,5.16259765625,0.03257610648870468,0.0
1,51,sub-051_ses-01_task-szMonitoring_run-01,4.153223037719727,0.03324147313833237,0.0
1,51,sub-051_ses-01_task-szMonitoring_run-01,3.235429048538208,0.03306226432323456,0.0
1,51,sub-051_ses-01_task-szMonitoring_run-01,38.14729690551758,0.12520189583301544,0.0
1,51,sub-051_ses-01_task-szMonitoring_run-01,3.23002290725708,0.032807208597660065,0.0
1,51,sub-051_ses-01_task-szMonitoring_run-01,17.871267318725586,0.12432774901390076,0.0
1,51,sub-051_ses-01_task-szMonitoring_run-01,4.927216053009033,0.033138856291770935,0.0
0,51,sub-051_ses-01_task-szMonitoring_run-01,3.275136947631836,0.034245334565639496,0.0
0,51,sub-051_ses-01_task-szMonitoring_run-01,3.528240442276001,0.03038770705461502,0.0
0,51,sub-051_ses-01_task-szMonitoring_run-01,3.7455034255981445,0.03292859345674515,0.0
0,51,sub-051_ses-01_task-szMonitoring_run-01,5.81287956237793,0.09396857768297195,0.0
0,51,sub-051_ses-01_task-szMonitoring_run-01,3.9273462295532227,0.032675325870513916,0.0
0,51,sub-051_ses-01_task-szMonitoring_run-01,21.47587776184082,0.12143030017614365,0.0
1,51,sub-051_ses-01_task-szMonitoring_run-02,3.4651358127593994,0.031381018459796906,0.0
1,51,sub-051_ses-01_task-szMonitoring_run-02,4.234999179840088,0.031415119767189026,0.0
1,51,sub-051_ses-01_task-szMonitoring_run-02,4.134992599487305,0.03141099959611893,0.0
1,51,sub-051_ses-01_task-szMonitoring_run-02,3.8163087368011475,0.031208790838718414,0.0
1,51,sub-051_ses-01_task-szMonitoring_run-02,4.138307571411133,0.03133931756019592,0.0
1,51,sub-051_ses-01_task-szMonitoring_run-02,3.9755752086639404,0.030634351074695587,0.0
1,51,sub-051_ses-01_task-szMonitoring_run-02,4.194629669189453,0.03150931000709534,0.0
0,51,sub-051_ses-01_task-szMonitoring_run-02,3.658064365386963,0.03224429488182068,0.0
0,51,sub-051_ses-01_task-szMonitoring_run-02,3.8308911323547363,0.03251216560602188,0.0
0,51,sub-051_ses-01_task-szMonitoring_run-02,3.382791519165039,0.03053417056798935,0.0
0,51,sub-051_ses-01_task-szMonitoring_run-02,36.33538055419922,0.03182420879602432,0.0
0,51,sub-051_ses-01_task-szMonitoring_run-03,23.444690704345703,0.030229374766349792,0.0
0,51,sub-051_ses-01_task-szMonitoring_run-03,17.312253952026367,0.036498136818408966,0.0
1,52,sub-052_ses-01_task-szMonitoring_run-01,4.889149188995361,0.05880928039550781,0.0
1,52,sub-052_ses-01_task-szMonitoring_run-01,13.372236251831055,0.061347149312496185,0.0
1,52,sub-052_ses-01_task-szMonitoring_run-01,4.941499710083008,0.05795552581548691,0.0
1,52,sub-052_ses-01_task-szMonitoring_run-01,13.977381706237793,0.06088835000991821,0.0
1,52,sub-052_ses-01_task-szMonitoring_run-01,4.772156715393066,0.05953647941350937,0.0
1,52,sub-052_ses-01_task-szMonitoring_run-01,14.212936401367188,0.059953540563583374,0.0
1,52,sub-052_ses-01_task-szMonitoring_run-01,13.66025161743164,0.060571201145648956,0.0
1,52,sub-052_ses-01_task-szMonitoring_run-01,13.670737266540527,0.061478838324546814,0.0
0,52,sub-052_ses-01_task-szMonitoring_run-01,6.954834938049316,0.04690742492675781,0.0
0,52,sub-052_ses-01_task-szMonitoring_run-01,23.30750274658203,0.06276363879442215,0.0
0,52,sub-052_ses-01_task-szMonitoring_run-01,9.713050842285156,0.050791963934898376,0.0
0,52,sub-052_ses-01_task-szMonitoring_run-01,8.466063499450684,0.04674370586872101,0.0
0,52,sub-052_ses-01_task-szMonitoring_run-01,10.437807083129883,0.044597283005714417,0.0
0,52,sub-052_ses-01_task-szMonitoring_run-01,21.402618408203125,0.06070603430271149,0.0
0,52,sub-052_ses-01_task-szMonitoring_run-01,8.777078628540039,0.05223920941352844,0.0
0,52,sub-052_ses-01_task-szMonitoring_run-02,19.104570388793945,0.04895936697721481,0.0
0,52,sub-052_ses-01_task-szMonitoring_run-02,4.225131034851074,0.047177039086818695,0.0
0,52,sub-052_ses-01_task-szMonitoring_run-02,19.21585464477539,0.04873981326818466,0.0
0,52,sub-052_ses-01_task-szMonitoring_run-02,7.05233907699585,0.0927819237112999,0.0
1,52,sub-052_ses-01_task-szMonitoring_run-03,5.475645065307617,0.17686498910188675,0.0
1,52,sub-052_ses-01_task-szMonitoring_run-03,5.307488918304443,0.17013558000326157,0.0
1,52,sub-052_ses-01_task-szMonitoring_run-03,5.492204189300537,0.17375868931412697,0.0
1,52,sub-052_ses-01_task-szMonitoring_run-03,5.529788970947266,0.17255178838968277,0.0
1,52,sub-052_ses-01_task-szMonitoring_run-03,5.561830520629883,0.16725389659404755,0.0
1,52,sub-052_ses-01_task-szMonitoring_run-03,5.492782115936279,0.17351917177438736,0.0
0,52,sub-052_ses-01_task-szMonitoring_run-03,5.5428571701049805,0.1669456958770752,0.0
0,52,sub-052_ses-01_task-szMonitoring_run-03,10.362351417541504,0.18494725972414017,0.0
0,52,sub-052_ses-01_task-szMonitoring_run-03,3.879033088684082,0.14317728579044342,0.0
0,52,sub-052_ses-01_task-szMonitoring_run-03,8.046079635620117,0.1785079501569271,0.0
0,52,sub-052_ses-01_task-szMonitoring_run-03,10.293733596801758,0.12470618635416031,0.0
0,52,sub-052_ses-01_task-szMonitoring_run-03,3.7730720043182373,0.1862911805510521,0.0
0,52,sub-052_ses-01_task-szMonitoring_run-03,5.312597274780273,0.12663428112864494,0.0
0,52,sub-052_ses-01_task-szMonitoring_run-03,5.2836127281188965,0.11968608573079109,0.0
0,52,sub-052_ses-01_task-szMonitoring_run-03,4.9393744468688965,0.13011377304792404,0.0
0,52,sub-052_ses-01_task-szMonitoring_run-03,4.201640605926514,0.19826455786824226,0.0
0,52,sub-052_ses-01_task-szMonitoring_run-03,5.917285442352295,0.15536854416131973,0.0
0,52,sub-052_ses-01_task-szMonitoring_run-03,17.760086059570312,0.09933516755700111,0.0
0,52,sub-052_ses-01_task-szMonitoring_run-03,4.636613845825195,0.14976011216640472,0.0
0,52,sub-052_ses-01_task-szMonitoring_run-03,4.895094394683838,0.1411966234445572,0.0
0,52,sub-052_ses-01_task-szMonitoring_run-04,20.370403289794922,0.06961851567029953,0.0
0,52,sub-052_ses-01_task-szMonitoring_run-04,26.995311737060547,0.05160247161984444,0.0
0,52,sub-052_ses-01_task-szMonitoring_run-04,18.50324249267578,0.06126997247338295,0.0
1,52,sub-052_ses-01_task-szMonitoring_run-05,10.41950798034668,0.1342533640563488,0.0
1,52,sub-052_ses-01_task-szMonitoring_run-05,8.774847984313965,0.12614358961582184,0.0
1,52,sub-052_ses-01_task-szMonitoring_run-05,8.032148361206055,0.10148385167121887,0.0
1,52,sub-052_ses-01_task-szMonitoring_run-05,9.071425437927246,0.13419848307967186,0.0
1,52,sub-052_ses-01_task-szMonitoring_run-05,9.172565460205078,0.10489995032548904,0.0
1,52,sub-052_ses-01_task-szMonitoring_run-05,8.033552169799805,0.1086399257183075,0.0
1,52,sub-052_ses-01_task-szMonitoring_run-05,8.63647747039795,0.12190601974725723,0.0
1,52,sub-052_ses-01_task-szMonitoring_run-05,8.315136909484863,0.10053184628486633,0.0
1,52,sub-052_ses-01_task-szMonitoring_run-05,8.719635009765625,0.13261231780052185,0.0
1,52,sub-052_ses-01_task-szMonitoring_run-05,11.40582275390625,0.13896947354078293,0.0
1,52,sub-052_ses-01_task-szMonitoring_run-05,8.134035110473633,0.10901352018117905,0.0
0,52,sub-052_ses-01_task-szMonitoring_run-05,12.233464241027832,0.12642788141965866,0.0
0,52,sub-052_ses-01_task-szMonitoring_run-05,14.278696060180664,0.11999661475419998,0.0
0,52,sub-052_ses-01_task-szMonitoring_run-05,15.792848587036133,0.10690784081816673,0.0
0,52,sub-052_ses-01_task-szMonitoring_run-05,11.362687110900879,0.12990669906139374,0.0
0,52,sub-052_ses-01_task-szMonitoring_run-05,16.651660919189453,0.11782301962375641,0.0
0,52,sub-052_ses-01_task-szMonitoring_run-05,6.925268650054932,0.1352836973965168,0.0
0,52,sub-052_ses-01_task-szMonitoring_run-05,11.04887580871582,0.13249260932207108,0.0
0,52,sub-052_ses-01_task-szMonitoring_run-05,11.1105318069458,0.13728846609592438,0.0
0,52,sub-052_ses-01_task-szMonitoring_run-06,20.42146110534668,0.06380317732691765,0.0
0,52,sub-052_ses-01_task-szMonitoring_run-06,16.358041763305664,0.05433863028883934,0.0
1,52,sub-052_ses-01_task-szMonitoring_run-07,4.2895636558532715,0.109343770891428,0.0
1,52,sub-052_ses-01_task-szMonitoring_run-07,10.39278793334961,0.14628106355667114,0.0
1,52,sub-052_ses-01_task-szMonitoring_run-07,10.193448066711426,0.175019521266222,0.0
1,52,sub-052_ses-01_task-szMonitoring_run-07,10.231444358825684,0.1607956737279892,0.0
1,52,sub-052_ses-01_task-szMonitoring_run-07,4.1289520263671875,0.11109868064522743,0.0
1,52,sub-052_ses-01_task-szMonitoring_run-07,18.325759887695312,0.13740622997283936,0.0
1,52,sub-052_ses-01_task-szMonitoring_run-07,18.72184181213379,0.13684551417827606,0.0
1,52,sub-052_ses-01_task-szMonitoring_run-07,4.0592803955078125,0.11173665896058083,0.0
1,52,sub-052_ses-01_task-szMonitoring_run-07,4.297429084777832,0.10986477136611938,0.0
1,52,sub-052_ses-01_task-szMonitoring_run-07,10.350436210632324,0.16058263927698135,0.0
1,52,sub-052_ses-01_task-szMonitoring_run-07,4.338935852050781,0.11534463614225388,0.0
1,52,sub-052_ses-01_task-szMonitoring_run-07,10.363694190979004,0.16387582570314407,0.0
1,52,sub-052_ses-01_task-szMonitoring_run-07,18.248117446899414,0.13732242584228516,0.0
1,52,sub-052_ses-01_task-szMonitoring_run-07,4.121678829193115,0.11229338124394417,0.0
1,52,sub-052_ses-01_task-szMonitoring_run-07,10.716612815856934,0.160020649433136,0.0
1,52,sub-052_ses-01_task-szMonitoring_run-07,10.607745170593262,0.1604539006948471,0.0
1,52,sub-052_ses-01_task-szMonitoring_run-07,10.608925819396973,0.14856413379311562,0.0
1,52,sub-052_ses-01_task-szMonitoring_run-07,4.10386848449707,0.10992822423577309,0.0
1,52,sub-052_ses-01_task-szMonitoring_run-07,4.1589226722717285,0.11119819805026054,0.0
1,52,sub-052_ses-01_task-szMonitoring_run-07,19.49187469482422,0.1426187828183174,0.0
1,52,sub-052_ses-01_task-szMonitoring_run-07,10.294705390930176,0.16940834000706673,0.0
1,52,sub-052_ses-01_task-szMonitoring_run-07,20.41272735595703,0.1395372971892357,0.0
1,52,sub-052_ses-01_task-szMonitoring_run-07,18.350234985351562,0.13660424202680588,0.0
0,52,sub-052_ses-01_task-szMonitoring_run-07,10.211627960205078,0.14011840522289276,0.0
0,52,sub-052_ses-01_task-szMonitoring_run-07,10.88378620147705,0.12259189039468765,0.0
0,52,sub-052_ses-01_task-szMonitoring_run-07,7.09858512878418,0.3023280091583729,0.0
0,52,sub-052_ses-01_task-szMonitoring_run-07,8.792535781860352,0.27189724892377853,0.0
1,52,sub-052_ses-01_task-szMonitoring_run-08,17.673507690429688,0.15507378429174423,0.0
1,52,sub-052_ses-01_task-szMonitoring_run-08,17.929826736450195,0.14659305661916733,0.0
1,52,sub-052_ses-01_task-szMonitoring_run-08,19.924083709716797,0.1372372955083847,0.0
1,52,sub-052_ses-01_task-szMonitoring_run-08,17.541616439819336,0.1489890292286873,0.0
1,52,sub-052_ses-01_task-szMonitoring_run-08,21.459503173828125,0.12330175191164017,0.0
1,52,sub-052_ses-01_task-szMonitoring_run-08,17.701509475708008,0.15690720826387405,0.0
0,52,sub-052_ses-01_task-szMonitoring_run-08,47.479103088378906,0.05423032492399216,0.0
0,52,sub-052_ses-01_task-szMonitoring_run-08,13.029638290405273,0.11508362367749214,0.0
0,52,sub-052_ses-01_task-szMonitoring_run-08,44.044097900390625,0.06398235261440277,0.0
0,52,sub-052_ses-01_task-szMonitoring_run-08,34.22195816040039,0.058204106986522675,0.0
0,52,sub-052_ses-01_task-szMonitoring_run-08,45.53701400756836,0.06480097770690918,0.0
0,52,sub-052_ses-01_task-szMonitoring_run-08,30.598526000976562,0.055807121098041534,0.0
0,53,sub-053_ses-01_task-szMonitoring_run-01,10.048627853393555,0.09807847067713737,0.0
0,53,sub-053_ses-01_task-szMonitoring_run-01,18.276321411132812,0.10040315985679626,0.0
0,53,sub-053_ses-01_task-szMonitoring_run-01,19.051198959350586,0.11665445938706398,0.0
1,53,sub-053_ses-01_task-szMonitoring_run-02,67.60043334960938,0.06307969242334366,0.0
1,53,sub-053_ses-01_task-szMonitoring_run-02,66.06161499023438,0.0641443207859993,0.0
1,53,sub-053_ses-01_task-szMonitoring_run-02,67.79984283447266,0.060799740254879,0.0
1,53,sub-053_ses-01_task-szMonitoring_run-02,61.28837203979492,0.06979227066040039,0.0
1,53,sub-053_ses-01_task-szMonitoring_run-02,67.15804290771484,0.06331111490726471,0.0
1,53,sub-053_ses-01_task-szMonitoring_run-02,66.86502838134766,0.0637982189655304,0.0
0,53,sub-053_ses-01_task-szMonitoring_run-02,10.595808029174805,0.09647731482982635,0.0
0,53,sub-053_ses-01_task-szMonitoring_run-02,17.484298706054688,0.09317280724644661,0.0
0,53,sub-053_ses-01_task-szMonitoring_run-02,19.373075485229492,0.0726366713643074,0.0
0,53,sub-053_ses-01_task-szMonitoring_run-02,12.066475868225098,0.10036666318774223,0.0
0,53,sub-053_ses-01_task-szMonitoring_run-02,14.555413246154785,0.09446308761835098,0.0
0,53,sub-053_ses-01_task-szMonitoring_run-02,16.936643600463867,0.09519927203655243,0.0
1,53,sub-053_ses-01_task-szMonitoring_run-03,45.07744216918945,0.051810599863529205,0.0
1,53,sub-053_ses-01_task-szMonitoring_run-03,42.44271469116211,0.0531340166926384,0.0
1,53,sub-053_ses-01_task-szMonitoring_run-03,40.739036560058594,0.053509145975112915,0.0
1,53,sub-053_ses-01_task-szMonitoring_run-03,45.469844818115234,0.05228026956319809,0.0
1,53,sub-053_ses-01_task-szMonitoring_run-03,38.616451263427734,0.05176451802253723,0.0
1,53,sub-053_ses-01_task-szMonitoring_run-03,46.27036666870117,0.05147398263216019,0.0
1,53,sub-053_ses-01_task-szMonitoring_run-03,37.82793426513672,0.052099116146564484,0.0
1,53,sub-053_ses-01_task-szMonitoring_run-03,35.172325134277344,0.05330169200897217,0.0
1,53,sub-053_ses-01_task-szMonitoring_run-03,37.034645080566406,0.05278842896223068,0.0
1,53,sub-053_ses-01_task-szMonitoring_run-03,39.59918975830078,0.05208943039178848,0.0
0,53,sub-053_ses-01_task-szMonitoring_run-03,22.846534729003906,0.06684693694114685,0.0
0,53,sub-053_ses-01_task-szMonitoring_run-03,18.683429718017578,0.050703078508377075,0.0
0,53,sub-053_ses-01_task-szMonitoring_run-03,12.374582290649414,0.0505283921957016,0.0
0,53,sub-053_ses-01_task-szMonitoring_run-03,38.31618881225586,0.04007447883486748,0.0
0,53,sub-053_ses-01_task-szMonitoring_run-03,11.482457160949707,0.048168618232011795,0.0
0,54,sub-054_ses-01_task-szMonitoring_run-01,13.825148582458496,0.09084133058786392,0.0
0,54,sub-054_ses-01_task-szMonitoring_run-01,15.324941635131836,0.05673607438802719,0.0
0,54,sub-054_ses-01_task-szMonitoring_run-01,9.521801948547363,0.08646941930055618,0.0
0,54,sub-054_ses-01_task-szMonitoring_run-01,42.093955993652344,0.0677686557173729,0.0
0,54,sub-054_ses-01_task-szMonitoring_run-01,13.023308753967285,0.08353381603956223,0.0
0,54,sub-054_ses-01_task-szMonitoring_run-01,29.95650291442871,0.0479380264878273,0.0
0,54,sub-054_ses-01_task-szMonitoring_run-01,16.955331802368164,0.07147601991891861,0.0
0,54,sub-054_ses-01_task-szMonitoring_run-02,21.197463989257812,0.08103629946708679,0.0
0,54,sub-054_ses-01_task-szMonitoring_run-02,22.584367752075195,0.054381683468818665,0.0
0,54,sub-054_ses-01_task-szMonitoring_run-02,23.291519165039062,0.053990982472896576,0.0
0,54,sub-054_ses-01_task-szMonitoring_run-02,7.97336483001709,0.07452438026666641,0.0
0,54,sub-054_ses-01_task-szMonitoring_run-02,15.603853225708008,0.10557948052883148,0.0
0,54,sub-054_ses-01_task-szMonitoring_run-02,19.983983993530273,0.06220387667417526,0.0
0,54,sub-054_ses-01_task-szMonitoring_run-02,22.390588760375977,0.07090084254741669,0.0
0,54,sub-054_ses-01_task-szMonitoring_run-02,23.636144638061523,0.09168827533721924,0.0
0,54,sub-054_ses-01_task-szMonitoring_run-02,26.113677978515625,0.05669648200273514,0.0
0,54,sub-054_ses-01_task-szMonitoring_run-02,27.455448150634766,0.10127276182174683,0.0
0,54,sub-054_ses-01_task-szMonitoring_run-03,9.066878318786621,0.0946771465241909,0.0
0,54,sub-054_ses-01_task-szMonitoring_run-03,14.298910140991211,0.1120973564684391,0.0
0,54,sub-054_ses-01_task-szMonitoring_run-03,17.04383659362793,0.11968681216239929,0.0
0,54,sub-054_ses-01_task-szMonitoring_run-03,15.121395111083984,0.10092495754361153,0.0
0,54,sub-054_ses-01_task-szMonitoring_run-03,23.223560333251953,0.11390883848071098,0.0
0,54,sub-054_ses-01_task-szMonitoring_run-03,14.072684288024902,0.08688284829258919,0.0
1,54,sub-054_ses-01_task-szMonitoring_run-04,10.081110000610352,0.04859055019915104,0.0
1,54,sub-054_ses-01_task-szMonitoring_run-04,9.841100692749023,0.049925705417990685,0.0
1,54,sub-054_ses-01_task-szMonitoring_run-04,9.890341758728027,0.048850107938051224,0.0
1,54,sub-054_ses-01_task-szMonitoring_run-04,9.79383373260498,0.05048614926636219,0.0
1,54,sub-054_ses-01_task-szMonitoring_run-04,8.927414894104004,0.050708549097180367,0.0
0,54,sub-054_ses-01_task-szMonitoring_run-04,17.655988693237305,0.07043498009443283,0.0
0,54,sub-054_ses-01_task-szMonitoring_run-04,16.7399845123291,0.07181534171104431,0.0
0,54,sub-054_ses-01_task-szMonitoring_run-04,57.23112106323242,0.06371584720909595,0.003703703703703704
0,54,sub-054_ses-01_task-szMonitoring_run-04,16.50190544128418,0.0898636132478714,0.0
0,54,sub-054_ses-01_task-szMonitoring_run-04,25.521770477294922,0.08562867343425751,0.0
0,54,sub-054_ses-01_task-szMonitoring_run-04,19.08259391784668,0.0651121661067009,0.0
0,54,sub-054_ses-01_task-szMonitoring_run-04,10.959872245788574,0.0445297472178936,0.0
0,54,sub-054_ses-01_task-szMonitoring_run-04,12.614251136779785,0.04253200627863407,0.0
0,54,sub-054_ses-01_task-szMonitoring_run-05,26.23652458190918,0.041192613542079926,0.0
0,54,sub-054_ses-01_task-szMonitoring_run-05,25.6375675201416,0.04146762192249298,0.0
0,54,sub-054_ses-01_task-szMonitoring_run-06,15.22033405303955,0.06790855526924133,0.0
0,54,sub-054_ses-01_task-szMonitoring_run-06,10.636270523071289,0.1553359553217888,0.0
0,54,sub-054_ses-01_task-szMonitoring_run-06,9.192225456237793,0.09257619082927704,0.0
0,54,sub-054_ses-01_task-szMonitoring_run-06,64.12916564941406,0.054562121629714966,0.0
0,54,sub-054_ses-01_task-szMonitoring_run-06,13.073936462402344,0.07180473953485489,0.0
0,54,sub-054_ses-01_task-szMonitoring_run-06,12.843182563781738,0.0949140340089798,0.0
0,54,sub-054_ses-01_task-szMonitoring_run-06,21.78941535949707,0.11289218068122864,0.0
0,54,sub-054_ses-01_task-szMonitoring_run-06,101.22874450683594,0.0693884789943695,0.0
0,54,sub-054_ses-01_task-szMonitoring_run-06,24.873273849487305,0.1245243176817894,0.0
0,54,sub-054_ses-01_task-szMonitoring_run-07,16.427780151367188,0.09170471131801605,0.0
0,54,sub-054_ses-01_task-szMonitoring_run-07,23.181503295898438,0.0665336325764656,0.0
0,54,sub-054_ses-01_task-szMonitoring_run-07,27.990230560302734,0.046485885977745056,0.0
0,54,sub-054_ses-01_task-szMonitoring_run-07,27.438858032226562,0.08326420933008194,0.0
0,54,sub-054_ses-01_task-szMonitoring_run-07,19.864606857299805,0.06531599909067154,0.0
0,54,sub-054_ses-01_task-szMonitoring_run-07,22.433242797851562,0.08393619954586029,0.0
0,54,sub-054_ses-01_task-szMonitoring_run-07,17.674821853637695,0.06529256701469421,0.0
1,55,sub-055_ses-01_task-szMonitoring_run-01,18.670969009399414,0.08538121357560158,0.0
1,55,sub-055_ses-01_task-szMonitoring_run-01,17.46306800842285,0.08813751861453056,0.0
1,55,sub-055_ses-01_task-szMonitoring_run-01,15.30722713470459,0.09571784734725952,0.0
1,55,sub-055_ses-01_task-szMonitoring_run-01,9.188921928405762,0.11125115677714348,0.0
1,55,sub-055_ses-01_task-szMonitoring_run-01,9.191252708435059,0.1108621135354042,0.0
0,55,sub-055_ses-01_task-szMonitoring_run-01,5.257192611694336,0.14614037424325943,0.0
0,55,sub-055_ses-01_task-szMonitoring_run-01,5.780689716339111,0.09798602014780045,0.0
0,55,sub-055_ses-01_task-szMonitoring_run-01,24.94684600830078,0.14646999537944794,0.0
0,55,sub-055_ses-01_task-szMonitoring_run-01,23.312528610229492,0.1720471754670143,0.0
0,55,sub-055_ses-01_task-szMonitoring_run-01,25.900041580200195,0.06978638097643852,0.0
0,55,sub-055_ses-01_task-szMonitoring_run-01,12.55330753326416,0.06671682372689247,0.0
0,55,sub-055_ses-01_task-szMonitoring_run-01,8.448149681091309,0.10847415030002594,0.0
0,55,sub-055_ses-01_task-szMonitoring_run-01,15.833672523498535,0.06778182089328766,0.0
1,55,sub-055_ses-01_task-szMonitoring_run-02,18.753910064697266,0.0895533375442028,0.0
1,55,sub-055_ses-01_task-szMonitoring_run-02,18.19051170349121,0.07263922318816185,0.0
1,55,sub-055_ses-01_task-szMonitoring_run-02,18.9727725982666,0.06832924857735634,0.0
1,55,sub-055_ses-01_task-szMonitoring_run-02,12.914051055908203,0.06249060481786728,0.0
1,55,sub-055_ses-01_task-szMonitoring_run-02,19.629697799682617,0.08678492531180382,0.0
1,55,sub-055_ses-01_task-szMonitoring_run-02,18.884252548217773,0.09078144654631615,0.0
0,55,sub-055_ses-01_task-szMonitoring_run-02,13.630403518676758,0.10626545175909996,0.0
0,55,sub-055_ses-01_task-szMonitoring_run-02,6.3363776206970215,0.07445879280567169,0.0
0,55,sub-055_ses-01_task-szMonitoring_run-02,5.444545745849609,0.112686887383461,0.0
0,55,sub-055_ses-01_task-szMonitoring_run-02,38.223140716552734,0.07598733901977539,0.0
0,55,sub-055_ses-01_task-szMonitoring_run-02,14.939379692077637,0.07669346034526825,0.0
0,55,sub-055_ses-01_task-szMonitoring_run-02,8.788265228271484,0.06076107546687126,0.0
1,55,sub-055_ses-01_task-szMonitoring_run-03,28.074493408203125,0.06596040725708008,0.0
1,55,sub-055_ses-01_task-szMonitoring_run-03,27.053760528564453,0.06829291582107544,0.0
1,55,sub-055_ses-01_task-szMonitoring_run-03,27.707481384277344,0.06679272651672363,0.0
1,55,sub-055_ses-01_task-szMonitoring_run-03,28.088172912597656,0.06592828035354614,0.0
1,55,sub-055_ses-01_task-szMonitoring_run-03,28.549686431884766,0.06488776206970215,0.0
1,55,sub-055_ses-01_task-szMonitoring_run-03,28.21605682373047,0.06558883190155029,0.0
1,55,sub-055_ses-01_task-szMonitoring_run-03,28.62104606628418,0.06473064422607422,0.0
1,55,sub-055_ses-01_task-szMonitoring_run-03,28.44618034362793,0.06516093015670776,0.0
0,55,sub-055_ses-01_task-szMonitoring_run-03,7.057188987731934,0.12735793739557266,0.0
0,55,sub-055_ses-01_task-szMonitoring_run-03,37.78913116455078,0.07087690383195877,0.0
0,55,sub-055_ses-01_task-szMonitoring_run-03,18.05885887145996,0.1158648282289505,0.0
0,55,sub-055_ses-01_task-szMonitoring_run-03,31.110790252685547,0.0935371071100235,0.0
0,55,sub-055_ses-01_task-szMonitoring_run-03,7.7105512619018555,0.11849845573306084,0.0
0,55,sub-055_ses-01_task-szMonitoring_run-03,8.77281379699707,0.14214477688074112,0.0
0,55,sub-055_ses-01_task-szMonitoring_run-03,17.13802146911621,0.1324618048965931,0.0
0,56,sub-056_ses-01_task-szMonitoring_run-01,7.3657941818237305,0.09128524735569954,0.0
0,56,sub-056_ses-01_task-szMonitoring_run-01,4.326818943023682,0.09153808653354645,0.0
0,56,sub-056_ses-01_task-szMonitoring_run-01,3.980381965637207,0.09721199795603752,0.0
0,56,sub-056_ses-01_task-szMonitoring_run-01,23.67494010925293,0.15653345733880997,0.0
0,56,sub-056_ses-01_task-szMonitoring_run-01,5.589111328125,0.1254730150103569,0.0
0,56,sub-056_ses-01_task-szMonitoring_run-01,4.4525065422058105,0.152738556265831,0.0
0,56,sub-056_ses-01_task-szMonitoring_run-01,6.850592613220215,0.08465610444545746,0.0
0,56,sub-056_ses-01_task-szMonitoring_run-01,6.653506755828857,0.09711044281721115,0.0
1,56,sub-056_ses-01_task-szMonitoring_run-02,11.585572242736816,0.07327309623360634,0.0
1,56,sub-056_ses-01_task-szMonitoring_run-02,11.003018379211426,0.07078761979937553,0.0
1,56,sub-056_ses-01_task-szMonitoring_run-02,6.526214599609375,0.07323986664414406,0.0
1,56,sub-056_ses-01_task-szMonitoring_run-02,28.421146392822266,0.050347331911325455,0.0
1,56,sub-056_ses-01_task-szMonitoring_run-02,27.199684143066406,0.05105249397456646,0.0
1,56,sub-056_ses-01_task-szMonitoring_run-02,27.20699691772461,0.0506236907094717,0.0
1,56,sub-056_ses-01_task-szMonitoring_run-02,6.549648284912109,0.07336289808154106,0.0
1,56,sub-056_ses-01_task-szMonitoring_run-02,26.72359275817871,0.051065629348158836,0.0
1,56,sub-056_ses-01_task-szMonitoring_run-02,27.06813621520996,0.05041157267987728,0.0
1,56,sub-056_ses-01_task-szMonitoring_run-02,28.4642391204834,0.051614247262477875,0.0
1,56,sub-056_ses-01_task-szMonitoring_run-02,11.12048625946045,0.07623272016644478,0.0
1,56,sub-056_ses-01_task-szMonitoring_run-02,28.559465408325195,0.051475442945957184,0.0
1,56,sub-056_ses-01_task-szMonitoring_run-02,25.86653709411621,0.05031019635498524,0.0
1,56,sub-056_ses-01_task-szMonitoring_run-02,11.233916282653809,0.07402407005429268,0.0
1,56,sub-056_ses-01_task-szMonitoring_run-02,28.188697814941406,0.050893548876047134,0.0
0,56,sub-056_ses-01_task-szMonitoring_run-02,21.329532623291016,0.053429242223501205,0.0
0,56,sub-056_ses-01_task-szMonitoring_run-02,19.920339584350586,0.14614545740187168,0.0
0,56,sub-056_ses-01_task-szMonitoring_run-02,6.903944969177246,0.06069816276431084,0.0
0,56,sub-056_ses-01_task-szMonitoring_run-02,12.671422004699707,0.054310981184244156,0.0
0,56,sub-056_ses-01_task-szMonitoring_run-02,5.374393463134766,0.058997953310608864,0.0
0,56,sub-056_ses-01_task-szMonitoring_run-02,8.450408935546875,0.0564435925334692,0.0
0,56,sub-056_ses-01_task-szMonitoring_run-02,5.163217067718506,0.06791838817298412,0.0
0,56,sub-056_ses-01_task-szMonitoring_run-02,5.750879287719727,0.06446733698248863,0.0
0,56,sub-056_ses-01_task-szMonitoring_run-02,12.364241600036621,0.048521120101213455,0.0
0,56,sub-056_ses-01_task-szMonitoring_run-02,19.307456970214844,0.14457358233630657,0.0
1,56,sub-056_ses-01_task-szMonitoring_run-03,14.961895942687988,0.07987399771809578,0.0
1,56,sub-056_ses-01_task-szMonitoring_run-03,28.187219619750977,0.05466665141284466,0.0
1,56,sub-056_ses-01_task-szMonitoring_run-03,14.892889976501465,0.08079843968153,0.0
1,56,sub-056_ses-01_task-szMonitoring_run-03,26.589948654174805,0.05603161081671715,0.0
1,56,sub-056_ses-01_task-szMonitoring_run-03,27.799867630004883,0.053153788670897484,0.0
1,56,sub-056_ses-01_task-szMonitoring_run-03,28.06500244140625,0.05605695582926273,0.0
1,56,sub-056_ses-01_task-szMonitoring_run-03,14.762362480163574,0.08022087626159191,0.0
1,56,sub-056_ses-01_task-szMonitoring_run-03,30.11188507080078,0.053774312138557434,0.0
1,56,sub-056_ses-01_task-szMonitoring_run-03,14.344866752624512,0.08228021115064621,0.0
1,56,sub-056_ses-01_task-szMonitoring_run-03,28.253704071044922,0.05345446057617664,0.0
0,56,sub-056_ses-01_task-szMonitoring_run-03,4.83286190032959,0.07761998660862446,0.0
0,56,sub-056_ses-01_task-szMonitoring_run-03,7.5763349533081055,0.06182146072387695,0.0
0,56,sub-056_ses-01_task-szMonitoring_run-03,10.566593170166016,0.10960686951875687,0.0
0,56,sub-056_ses-01_task-szMonitoring_run-03,16.11800193786621,0.06833401881158352,0.0
0,56,sub-056_ses-01_task-szMonitoring_run-03,27.664669036865234,0.05598141439259052,0.0
0,56,sub-056_ses-01_task-szMonitoring_run-03,7.986122131347656,0.06179735250771046,0.0
1,56,sub-056_ses-01_task-szMonitoring_run-04,35.12189483642578,0.06506246328353882,0.0
1,56,sub-056_ses-01_task-szMonitoring_run-04,35.98807144165039,0.06256857886910439,0.0
1,56,sub-056_ses-01_task-szMonitoring_run-04,35.05064392089844,0.057919640094041824,0.0
1,56,sub-056_ses-01_task-szMonitoring_run-04,26.418655395507812,0.0617593377828598,0.0
1,56,sub-056_ses-01_task-szMonitoring_run-04,36.514583587646484,0.06066356599330902,0.0
1,56,sub-056_ses-01_task-szMonitoring_run-04,34.257835388183594,0.0657195895910263,0.0
1,56,sub-056_ses-01_task-szMonitoring_run-04,35.16648864746094,0.06338270008563995,0.0
1,56,sub-056_ses-01_task-szMonitoring_run-04,61.116844177246094,0.06037873029708862,0.0
1,56,sub-056_ses-01_task-szMonitoring_run-04,26.53693962097168,0.06428524106740952,0.0
1,56,sub-056_ses-01_task-szMonitoring_run-04,35.10184097290039,0.06508475542068481,0.0
1,56,sub-056_ses-01_task-szMonitoring_run-04,34.72858428955078,0.0657842755317688,0.0
1,56,sub-056_ses-01_task-szMonitoring_run-04,34.3804817199707,0.06642299890518188,0.0
1,56,sub-056_ses-01_task-szMonitoring_run-04,26.077796936035156,0.06406614929437637,0.0
0,56,sub-056_ses-01_task-szMonitoring_run-04,12.102904319763184,0.04926489107310772,0.0
0,56,sub-056_ses-01_task-szMonitoring_run-04,18.254230499267578,0.1367001086473465,0.0
0,56,sub-056_ses-01_task-szMonitoring_run-04,60.78594207763672,0.06736193597316742,0.0
0,56,sub-056_ses-01_task-szMonitoring_run-04,24.308700561523438,0.07581404596567154,0.0
0,56,sub-056_ses-01_task-szMonitoring_run-04,27.546125411987305,0.07707275450229645,0.0
0,56,sub-056_ses-01_task-szMonitoring_run-04,11.908631324768066,0.04853292554616928,0.0
0,56,sub-056_ses-01_task-szMonitoring_run-04,28.092283248901367,0.086536705493927,0.0
0,56,sub-056_ses-01_task-szMonitoring_run-04,31.465620040893555,0.09684174507856369,0.0
0,56,sub-056_ses-01_task-szMonitoring_run-04,44.97507095336914,0.1042664498090744,0.0
0,56,sub-056_ses-01_task-szMonitoring_run-04,17.415081024169922,0.1274763122200966,0.0
0,56,sub-056_ses-01_task-szMonitoring_run-04,33.18553924560547,0.06878632307052612,0.0
0,56,sub-056_ses-01_task-szMonitoring_run-04,39.15485763549805,0.09505899250507355,0.0
1,56,sub-056_ses-01_task-szMonitoring_run-05,36.19784927368164,0.03666554391384125,0.0
1,56,sub-056_ses-01_task-szMonitoring_run-05,47.82075881958008,0.04565171152353287,0.0
1,56,sub-056_ses-01_task-szMonitoring_run-05,44.53926467895508,0.04935258626937866,0.0
1,56,sub-056_ses-01_task-szMonitoring_run-05,47.56089401245117,0.04543912410736084,0.0
1,56,sub-056_ses-01_task-szMonitoring_run-05,46.20650100708008,0.04699326306581497,0.0
1,56,sub-056_ses-01_task-szMonitoring_run-05,43.010250091552734,0.054166920483112335,0.0
1,56,sub-056_ses-01_task-szMonitoring_run-05,35.976776123046875,0.03672509640455246,0.0
1,56,sub-056_ses-01_task-szMonitoring_run-05,34.15681076049805,0.037738606333732605,0.0
1,56,sub-056_ses-01_task-szMonitoring_run-05,33.94029998779297,0.03763607144355774,0.0
1,56,sub-056_ses-01_task-szMonitoring_run-05,46.891136169433594,0.04692821949720383,0.0
1,56,sub-056_ses-01_task-szMonitoring_run-05,33.42930221557617,0.03763607144355774,0.0
1,56,sub-056_ses-01_task-szMonitoring_run-05,46.678897857666016,0.04680779576301575,0.0
1,56,sub-056_ses-01_task-szMonitoring_run-05,45.748443603515625,0.04709320515394211,0.0
0,56,sub-056_ses-01_task-szMonitoring_run-05,90.73030090332031,0.07476713508367538,0.0
0,56,sub-056_ses-01_task-szMonitoring_run-05,20.407466888427734,0.07549724727869034,0.0
0,56,sub-056_ses-01_task-szMonitoring_run-05,23.418542861938477,0.07636500149965286,0.0
0,56,sub-056_ses-01_task-szMonitoring_run-05,45.89777755737305,0.03814460337162018,0.0
0,56,sub-056_ses-01_task-szMonitoring_run-05,13.970986366271973,0.08122986555099487,0.0
0,56,sub-056_ses-01_task-szMonitoring_run-05,25.9638729095459,0.06507827341556549,0.0
0,57,sub-057_ses-01_task-szMonitoring_run-01,3.814389705657959,0.1329392045736313,0.0
0,57,sub-057_ses-01_task-szMonitoring_run-01,37.59190368652344,0.10599083453416824,0.0
0,57,sub-057_ses-01_task-szMonitoring_run-01,4.227453708648682,0.12391462922096252,0.0
0,57,sub-057_ses-01_task-szMonitoring_run-01,42.35033416748047,0.07460018247365952,0.0
0,57,sub-057_ses-01_task-szMonitoring_run-01,38.14677429199219,0.08944014087319374,0.0
0,57,sub-057_ses-01_task-szMonitoring_run-02,20.5786075592041,0.06341928243637085,0.0
0,57,sub-057_ses-01_task-szMonitoring_run-02,29.385540008544922,0.06474396586418152,0.0
0,57,sub-057_ses-01_task-szMonitoring_run-02,40.48039245605469,0.07348325848579407,0.0
0,57,sub-057_ses-01_task-szMonitoring_run-02,153.86656188964844,0.05723041296005249,0.003703703703703704
0,57,sub-057_ses-01_task-szMonitoring_run-02,189.99008178710938,0.07749587297439575,0.001851851851851852
0,57,sub-057_ses-01_task-szMonitoring_run-02,92.88594055175781,0.07464831322431564,0.001851851851851852
0,57,sub-057_ses-01_task-szMonitoring_run-02,28.603649139404297,0.12100379168987274,0.0
0,57,sub-057_ses-01_task-szMonitoring_run-02,13.813309669494629,0.14682398736476898,0.0
0,57,sub-057_ses-01_task-szMonitoring_run-02,21.194608688354492,0.12997891753911972,0.0
0,57,sub-057_ses-01_task-szMonitoring_run-02,14.798850059509277,0.11790970712900162,0.0
0,57,sub-057_ses-01_task-szMonitoring_run-02,27.35288429260254,0.06304192543029785,0.0
0,57,sub-057_ses-01_task-szMonitoring_run-03,53.628440856933594,0.1083315908908844,0.0
0,57,sub-057_ses-01_task-szMonitoring_run-03,16.191335678100586,0.1584032028913498,0.0
0,57,sub-057_ses-01_task-szMonitoring_run-03,14.475238800048828,0.1783014014363289,0.0
0,57,sub-057_ses-01_task-szMonitoring_run-03,7.1447272300720215,0.18664246425032616,0.0
0,57,sub-057_ses-01_task-szMonitoring_run-03,20.296175003051758,0.0603539552539587,0.0
0,57,sub-057_ses-01_task-szMonitoring_run-04,53.73801803588867,0.07531755417585373,0.0
0,57,sub-057_ses-01_task-szMonitoring_run-04,45.39948654174805,0.07785310596227646,0.0
0,57,sub-057_ses-01_task-szMonitoring_run-04,29.619537353515625,0.221403069794178,0.009259259259259259
0,57,sub-057_ses-01_task-szMonitoring_run-04,34.23020935058594,0.040771711617708206,0.0
0,57,sub-057_ses-01_task-szMonitoring_run-04,81.72440338134766,0.05026539321988821,0.001851851851851852
0,57,sub-057_ses-01_task-szMonitoring_run-04,76.77924346923828,0.1878204569220543,0.009259259259259259
0,57,sub-057_ses-01_task-szMonitoring_run-04,69.8327407836914,0.11031375825405121,0.0
0,57,sub-057_ses-01_task-szMonitoring_run-04,16.060575485229492,0.1269868239760399,0.0
0,57,sub-057_ses-01_task-szMonitoring_run-04,128.05490112304688,0.13444525003433228,0.0
0,57,sub-057_ses-01_task-szMonitoring_run-04,5.14531946182251,0.11869408190250397,0.0
0,57,sub-057_ses-01_task-szMonitoring_run-04,8.630104064941406,0.12421996146440506,0.0
0,57,sub-057_ses-01_task-szMonitoring_run-04,36.60698699951172,0.045427992939949036,0.003703703703703704
0,57,sub-057_ses-01_task-szMonitoring_run-04,28.807884216308594,0.10960153862833977,0.001851851851851852
0,57,sub-057_ses-01_task-szMonitoring_run-04,24.474699020385742,0.05910172313451767,0.001851851851851852
0,57,sub-057_ses-01_task-szMonitoring_run-04,31.920982360839844,0.10462332144379616,0.001851851851851852
0,57,sub-057_ses-01_task-szMonitoring_run-04,29.008739471435547,0.12432028353214264,0.0
0,57,sub-057_ses-01_task-szMonitoring_run-04,48.85883331298828,0.04855300020426512,0.0
0,57,sub-057_ses-01_task-szMonitoring_run-04,58.159263610839844,0.14349336177110672,0.001851851851851852
0,57,sub-057_ses-01_task-szMonitoring_run-04,5.266212463378906,0.13508174568414688,0.0
0,57,sub-057_ses-01_task-szMonitoring_run-04,40.833740234375,0.06473935768008232,0.003703703703703704
0,57,sub-057_ses-01_task-szMonitoring_run-04,40.88505172729492,0.07127462793141603,0.0
0,57,sub-057_ses-01_task-szMonitoring_run-04,15.455161094665527,0.059210438281297684,0.0
1,57,sub-057_ses-01_task-szMonitoring_run-06,26.942907333374023,0.0918365940451622,0.014814814814814815
1,57,sub-057_ses-01_task-szMonitoring_run-06,25.464536666870117,0.09392312355339527,0.009259259259259259
1,57,sub-057_ses-01_task-szMonitoring_run-06,29.45014762878418,0.093850402161479,0.014814814814814815
1,57,sub-057_ses-01_task-szMonitoring_run-06,33.46510696411133,0.09311115927994251,0.014814814814814815
1,57,sub-057_ses-01_task-szMonitoring_run-06,37.046329498291016,0.09553459472954273,0.011111111111111112
1,57,sub-057_ses-01_task-szMonitoring_run-06,37.04140853881836,0.09581242501735687,0.011111111111111112
0,57,sub-057_ses-01_task-szMonitoring_run-06,78.8025894165039,0.05933474935591221,0.007407407407407408
0,57,sub-057_ses-01_task-szMonitoring_run-06,94.3509521484375,0.161911029368639,0.014814814814814815
0,57,sub-057_ses-01_task-szMonitoring_run-06,63.386383056640625,0.12145164236426353,0.011111111111111112
0,57,sub-057_ses-01_task-szMonitoring_run-06,31.9206485748291,0.04947102628648281,0.0
0,57,sub-057_ses-01_task-szMonitoring_run-06,48.020877838134766,0.04989422298967838,0.0
0,58,sub-058_ses-01_task-szMonitoring_run-01,49.15049743652344,0.15492383390665054,0.014814814814814815
0,58,sub-058_ses-01_task-szMonitoring_run-01,51.19685745239258,0.1457238495349884,0.009259259259259259
0,58,sub-058_ses-01_task-szMonitoring_run-01,67.96543884277344,0.1376306191086769,0.011111111111111112
0,58,sub-058_ses-01_task-szMonitoring_run-01,35.35542297363281,0.18633603304624557,0.018518518518518517
0,58,sub-058_ses-01_task-szMonitoring_run-02,57.06941223144531,0.19017940387129784,0.020370370370370372
0,58,sub-058_ses-01_task-szMonitoring_run-02,94.77104187011719,0.18051324412226677,0.005555555555555556
0,58,sub-058_ses-01_task-szMonitoring_run-02,60.59355545043945,0.18044370785355568,0.020370370370370372
0,58,sub-058_ses-01_task-szMonitoring_run-02,32.989845275878906,0.1375531628727913,0.001851851851851852
0,58,sub-058_ses-01_task-szMonitoring_run-02,108.12250518798828,0.15519526228308678,0.016666666666666666
0,58,sub-058_ses-01_task-szMonitoring_run-02,90.8751220703125,0.11584916338324547,0.003703703703703704
1,59,sub-059_ses-01_task-szMonitoring_run-01,5.645163536071777,0.11408950760960579,0.0
1,59,sub-059_ses-01_task-szMonitoring_run-01,5.826726913452148,0.11217860877513885,0.0
1,59,sub-059_ses-01_task-szMonitoring_run-01,4.955585956573486,0.11856753751635551,0.0
1,59,sub-059_ses-01_task-szMonitoring_run-01,5.180752277374268,0.11683269962668419,0.0
1,59,sub-059_ses-01_task-szMonitoring_run-01,4.903779029846191,0.12103290483355522,0.0
0,59,sub-059_ses-01_task-szMonitoring_run-01,7.201358318328857,0.08576954901218414,0.0
0,59,sub-059_ses-01_task-szMonitoring_run-01,6.040994644165039,0.07328581809997559,0.0
0,59,sub-059_ses-01_task-szMonitoring_run-01,6.123392105102539,0.15945661440491676,0.0
0,59,sub-059_ses-01_task-szMonitoring_run-01,9.914860725402832,0.05821094661951065,0.0
0,59,sub-059_ses-01_task-szMonitoring_run-01,4.750463485717773,0.15054821595549583,0.0
0,59,sub-059_ses-01_task-szMonitoring_run-01,5.0676398277282715,0.08885931223630905,0.0
0,59,sub-059_ses-01_task-szMonitoring_run-01,6.570768356323242,0.14658049494028091,0.0
0,59,sub-059_ses-01_task-szMonitoring_run-01,4.268247127532959,0.14121288433670998,0.0
0,59,sub-059_ses-01_task-szMonitoring_run-01,5.822414398193359,0.07960842922329903,0.0
1,59,sub-059_ses-01_task-szMonitoring_run-02,22.184097290039062,0.04508597869426012,0.0
1,59,sub-059_ses-01_task-szMonitoring_run-02,19.28472137451172,0.04450621549040079,0.0
1,59,sub-059_ses-01_task-szMonitoring_run-02,18.10544776916504,0.04404432885348797,0.0
1,59,sub-059_ses-01_task-szMonitoring_run-02,17.191152572631836,0.04356362856924534,0.0
1,59,sub-059_ses-01_task-szMonitoring_run-02,17.143489837646484,0.04332619905471802,0.0
1,59,sub-059_ses-01_task-szMonitoring_run-02,18.058725357055664,0.045948379673063755,0.0
0,59,sub-059_ses-01_task-szMonitoring_run-02,14.238751411437988,0.03976060077548027,0.0
0,59,sub-059_ses-01_task-szMonitoring_run-02,22.863821029663086,0.040175238624215126,0.0
0,59,sub-059_ses-01_task-szMonitoring_run-03,4.5071234703063965,0.14700087904930115,0.0
0,59,sub-059_ses-01_task-szMonitoring_run-03,6.699849605560303,0.0773702971637249,0.0
0,59,sub-059_ses-01_task-szMonitoring_run-03,13.412252426147461,0.04263096861541271,0.0
0,59,sub-059_ses-01_task-szMonitoring_run-03,6.814288139343262,0.07622809521853924,0.0
0,59,sub-059_ses-01_task-szMonitoring_run-03,8.914884567260742,0.07591341808438301,0.0
0,59,sub-059_ses-01_task-szMonitoring_run-03,6.276432037353516,0.09935053437948227,0.0
0,59,sub-059_ses-01_task-szMonitoring_run-03,9.848600387573242,0.058162713423371315,0.0
0,59,sub-059_ses-01_task-szMonitoring_run-04,19.427080154418945,0.03708578459918499,0.0
0,59,sub-059_ses-01_task-szMonitoring_run-04,19.623071670532227,0.036389803513884544,0.0
0,59,sub-059_ses-01_task-szMonitoring_run-04,14.686762809753418,0.035498833283782005,0.0
0,59,sub-059_ses-01_task-szMonitoring_run-04,12.429644584655762,0.03423379175364971,0.0
0,59,sub-059_ses-01_task-szMonitoring_run-04,19.873531341552734,0.032045722007751465,0.0
0,59,sub-059_ses-01_task-szMonitoring_run-04,4.931511878967285,0.11281252279877663,0.0
0,59,sub-059_ses-01_task-szMonitoring_run-04,12.180917739868164,0.05068377964198589,0.0
0,59,sub-059_ses-01_task-szMonitoring_run-04,4.822574615478516,0.1097029261291027,0.0
0,59,sub-059_ses-01_task-szMonitoring_run-04,5.8874616622924805,0.1326456554234028,0.0
1,60,sub-060_ses-01_task-szMonitoring_run-01,33.3540153503418,0.20910632610321045,0.001851851851851852
1,60,sub-060_ses-01_task-szMonitoring_run-01,32.87246322631836,0.1873980462551117,0.001851851851851852
1,60,sub-060_ses-01_task-szMonitoring_run-01,33.22529602050781,0.2067594975233078,0.001851851851851852
1,60,sub-060_ses-01_task-szMonitoring_run-01,33.48617172241211,0.19366957247257233,0.001851851851851852
1,60,sub-060_ses-01_task-szMonitoring_run-01,32.17202377319336,0.21119193732738495,0.001851851851851852
1,60,sub-060_ses-01_task-szMonitoring_run-01,31.903926849365234,0.2014617845416069,0.001851851851851852
0,60,sub-060_ses-01_task-szMonitoring_run-01,12.865473747253418,0.07114128954708576,0.0
1,60,sub-060_ses-01_task-szMonitoring_run-02,14.913908958435059,0.028205483220517635,0.0
1,60,sub-060_ses-01_task-szMonitoring_run-02,15.010528564453125,0.02807059232145548,0.0
1,60,sub-060_ses-01_task-szMonitoring_run-02,13.743102073669434,0.030587589368224144,0.0
1,60,sub-060_ses-01_task-szMonitoring_run-02,4.542286396026611,0.09613779932260513,0.0
1,60,sub-060_ses-01_task-szMonitoring_run-02,9.599247932434082,0.0290602408349514,0.0
1,60,sub-060_ses-01_task-szMonitoring_run-02,4.459748268127441,0.09601372294127941,0.0
1,60,sub-060_ses-01_task-szMonitoring_run-02,4.730688571929932,0.090980788692832,0.0
1,60,sub-060_ses-01_task-szMonitoring_run-02,9.670635223388672,0.02883038390427828,0.0
1,60,sub-060_ses-01_task-szMonitoring_run-02,4.577164649963379,0.0960620641708374,0.0
1,60,sub-060_ses-01_task-szMonitoring_run-02,4.771129608154297,0.09053540043532848,0.0
1,60,sub-060_ses-01_task-szMonitoring_run-02,4.525259494781494,0.09691818617284298,0.0
1,60,sub-060_ses-01_task-szMonitoring_run-02,13.638612747192383,0.030862961895763874,0.0
1,60,sub-060_ses-01_task-szMonitoring_run-02,15.378018379211426,0.027372613549232483,0.0
1,60,sub-060_ses-01_task-szMonitoring_run-02,13.905549049377441,0.030274877324700356,0.0
1,60,sub-060_ses-01_task-szMonitoring_run-02,4.6461029052734375,0.09254065714776516,0.0
0,60,sub-060_ses-01_task-szMonitoring_run-02,18.53338050842285,0.03444136306643486,0.0
0,60,sub-060_ses-01_task-szMonitoring_run-02,16.043886184692383,0.11754255183041096,0.0
0,60,sub-060_ses-01_task-szMonitoring_run-02,13.513532638549805,0.048477726988494396,0.0
0,60,sub-060_ses-01_task-szMonitoring_run-02,12.878523826599121,0.0491225840523839,0.0
0,60,sub-060_ses-01_task-szMonitoring_run-02,8.334444999694824,0.11783301085233688,0.0
0,60,sub-060_ses-01_task-szMonitoring_run-02,15.99676513671875,0.042822654359042645,0.0
0,60,sub-060_ses-01_task-szMonitoring_run-02,18.717004776000977,0.04520586412400007,0.0
0,60,sub-060_ses-01_task-szMonitoring_run-02,15.933485984802246,0.04221830144524574,0.0
0,60,sub-060_ses-01_task-szMonitoring_run-02,13.663106918334961,0.0446478147059679,0.0
0,60,sub-060_ses-01_task-szMonitoring_run-02,9.439677238464355,0.07188550848513842,0.0
0,60,sub-060_ses-01_task-szMonitoring_run-02,44.981563568115234,0.03489938471466303,0.005555555555555556
0,60,sub-060_ses-01_task-szMonitoring_run-02,12.422800064086914,0.05126808024942875,0.0
1,60,sub-060_ses-01_task-szMonitoring_run-03,30.58572769165039,0.03213627077639103,0.0
1,60,sub-060_ses-01_task-szMonitoring_run-03,14.985097885131836,0.030621743761003017,0.0
1,60,sub-060_ses-01_task-szMonitoring_run-03,30.18269920349121,0.033970801159739494,0.0
1,60,sub-060_ses-01_task-szMonitoring_run-03,30.900733947753906,0.034700751304626465,0.0
1,60,sub-060_ses-01_task-szMonitoring_run-03,29.8157901763916,0.03462940827012062,0.0
1,60,sub-060_ses-01_task-szMonitoring_run-03,31.6125545501709,0.03236181475222111,0.0
1,60,sub-060_ses-01_task-szMonitoring_run-03,29.30946159362793,0.03370812442153692,0.001851851851851852
0,60,sub-060_ses-01_task-szMonitoring_run-03,27.2448673248291,0.05480324476957321,0.003703703703703704
1,60,sub-060_ses-01_task-szMonitoring_run-04,5.317071437835693,0.10438895784318447,0.0
1,60,sub-060_ses-01_task-szMonitoring_run-04,5.2510175704956055,0.10831724107265472,0.0
1,60,sub-060_ses-01_task-szMonitoring_run-04,5.393107891082764,0.09999283961951733,0.0
1,60,sub-060_ses-01_task-szMonitoring_run-04,5.547190189361572,0.09373139217495918,0.0
1,60,sub-060_ses-01_task-szMonitoring_run-04,5.218800067901611,0.10811695456504822,0.0
1,60,sub-060_ses-01_task-szMonitoring_run-04,5.319073677062988,0.09583459421992302,0.0
1,60,sub-060_ses-01_task-szMonitoring_run-04,5.2791314125061035,0.10689219273626804,0.0
1,60,sub-060_ses-01_task-szMonitoring_run-04,5.456199645996094,0.09475098364055157,0.0
1,60,sub-060_ses-01_task-szMonitoring_run-04,5.216005325317383,0.10811695456504822,0.0
0,60,sub-060_ses-01_task-szMonitoring_run-04,26.8361873626709,0.008197458926588297,0.0
0,60,sub-060_ses-01_task-szMonitoring_run-04,19.81890296936035,0.011244597379118204,0.0
0,60,sub-060_ses-01_task-szMonitoring_run-04,30.034486770629883,0.01236777612939477,0.0
0,60,sub-060_ses-01_task-szMonitoring_run-04,10.397242546081543,0.08101778849959373,0.0
0,60,sub-060_ses-01_task-szMonitoring_run-04,29.593101501464844,0.011323508806526661,0.0
0,60,sub-060_ses-01_task-szMonitoring_run-04,5.6354475021362305,0.039074753411114216,0.0
0,60,sub-060_ses-01_task-szMonitoring_run-04,9.319847106933594,0.023103936575353146,0.0
0,60,sub-060_ses-01_task-szMonitoring_run-04,18.375913619995117,0.03945619706064463,0.0
0,60,sub-060_ses-01_task-szMonitoring_run-04,21.960634231567383,0.01098841056227684,0.0
0,61,sub-061_ses-01_task-szMonitoring_run-01,6.4454474449157715,0.11547762900590897,0.0
0,61,sub-061_ses-01_task-szMonitoring_run-01,8.278428077697754,0.06420469656586647,0.0
0,61,sub-061_ses-01_task-szMonitoring_run-01,8.779977798461914,0.07510210946202278,0.0
0,61,sub-061_ses-01_task-szMonitoring_run-01,4.319553375244141,0.13201671838760376,0.0
0,61,sub-061_ses-01_task-szMonitoring_run-01,8.39359188079834,0.07997777685523033,0.0
0,61,sub-061_ses-01_task-szMonitoring_run-01,5.244771957397461,0.11857970058917999,0.0
0,61,sub-061_ses-01_task-szMonitoring_run-02,22.43031883239746,0.039928633719682693,0.0
0,61,sub-061_ses-01_task-szMonitoring_run-02,5.0528669357299805,0.05770399700850248,0.0
0,61,sub-061_ses-01_task-szMonitoring_run-02,7.313540935516357,0.07717488333582878,0.0
0,61,sub-061_ses-01_task-szMonitoring_run-02,23.25301170349121,0.033213114365935326,0.0
0,61,sub-061_ses-01_task-szMonitoring_run-02,19.238447189331055,0.030977199785411358,0.0
0,61,sub-061_ses-01_task-szMonitoring_run-02,52.56528854370117,0.032285130582749844,0.0
0,61,sub-061_ses-01_task-szMonitoring_run-02,24.689409255981445,0.028876435942947865,0.0
0,61,sub-061_ses-01_task-szMonitoring_run-02,9.014163970947266,0.031671768985688686,0.0
0,61,sub-061_ses-01_task-szMonitoring_run-02,15.047096252441406,0.028551854193210602,0.0
0,61,sub-061_ses-01_task-szMonitoring_run-02,3.727663040161133,0.0947221890091896,0.0
1,61,sub-061_ses-01_task-szMonitoring_run-03,6.762608051300049,0.12769547756761312,0.0
1,61,sub-061_ses-01_task-szMonitoring_run-03,5.012582778930664,0.12427283637225628,0.0
1,61,sub-061_ses-01_task-szMonitoring_run-03,5.7774658203125,0.1275521768257022,0.0
1,61,sub-061_ses-01_task-szMonitoring_run-03,5.686487197875977,0.1257077632471919,0.0
1,61,sub-061_ses-01_task-szMonitoring_run-03,6.610671520233154,0.1279648207128048,0.0
0,61,sub-061_ses-01_task-szMonitoring_run-03,6.318302631378174,0.049101246520876884,0.0
0,61,sub-061_ses-01_task-szMonitoring_run-04,9.038991928100586,0.02960263378918171,0.0
0,61,sub-061_ses-01_task-szMonitoring_run-04,17.402626037597656,0.025128264911472797,0.0
0,61,sub-061_ses-01_task-szMonitoring_run-04,10.384650230407715,0.03943584859371185,0.0
0,61,sub-061_ses-01_task-szMonitoring_run-04,8.864603042602539,0.037786819972097874,0.0
0,61,sub-061_ses-01_task-szMonitoring_run-04,11.763712882995605,0.026589807122945786,0.0
0,61,sub-061_ses-01_task-szMonitoring_run-04,5.658275127410889,0.029368951451033354,0.0
0,61,sub-061_ses-01_task-szMonitoring_run-04,8.06643009185791,0.08332124911248684,0.0
0,61,sub-061_ses-01_task-szMonitoring_run-04,6.767176628112793,0.0313966553658247,0.0
0,61,sub-061_ses-01_task-szMonitoring_run-04,15.295564651489258,0.10693910159170628,0.0
0,61,sub-061_ses-01_task-szMonitoring_run-04,13.741806030273438,0.02476086001843214,0.0
0,61,sub-061_ses-01_task-szMonitoring_run-04,11.320920944213867,0.03241934720426798,0.0
0,61,sub-061_ses-01_task-szMonitoring_run-04,18.23314666748047,0.020050106570124626,0.0
0,61,sub-061_ses-01_task-szMonitoring_run-04,5.999915599822998,0.11258944869041443,0.0
0,61,sub-061_ses-01_task-szMonitoring_run-04,13.31455135345459,0.03164124023169279,0.0
0,61,sub-061_ses-01_task-szMonitoring_run-04,9.587703704833984,0.05357394553720951,0.0
0,61,sub-061_ses-01_task-szMonitoring_run-05,17.208066940307617,0.017773574218153954,0.0
0,61,sub-061_ses-01_task-szMonitoring_run-05,13.443673133850098,0.024833332747220993,0.0
0,61,sub-061_ses-01_task-szMonitoring_run-05,11.15477180480957,0.04947057366371155,0.0
0,61,sub-061_ses-01_task-szMonitoring_run-06,38.81650924682617,0.02325436845421791,0.0
0,61,sub-061_ses-01_task-szMonitoring_run-06,8.481249809265137,0.07875117659568787,0.0
0,61,sub-061_ses-01_task-szMonitoring_run-06,19.413068771362305,0.01486924197524786,0.0
0,61,sub-061_ses-01_task-szMonitoring_run-06,44.42170333862305,0.030299246311187744,0.0
0,61,sub-061_ses-01_task-szMonitoring_run-06,8.257146835327148,0.11519191041588783,0.0
0,61,sub-061_ses-01_task-szMonitoring_run-06,24.848831176757812,0.015600128099322319,0.0
0,61,sub-061_ses-01_task-szMonitoring_run-06,5.299081325531006,0.05618465133011341,0.0
0,61,sub-061_ses-01_task-szMonitoring_run-06,23.165180206298828,0.01694871112704277,0.0
0,61,sub-061_ses-01_task-szMonitoring_run-06,22.99876594543457,0.02437907364219427,0.0
0,61,sub-061_ses-01_task-szMonitoring_run-06,20.27679443359375,0.04335716739296913,0.0
0,61,sub-061_ses-01_task-szMonitoring_run-07,3.264037847518921,0.08192960545420647,0.0
0,61,sub-061_ses-01_task-szMonitoring_run-07,7.623920917510986,0.1444251462817192,0.0
0,61,sub-061_ses-01_task-szMonitoring_run-07,6.388405799865723,0.09340908378362656,0.0
0,61,sub-061_ses-01_task-szMonitoring_run-08,16.557315826416016,0.017506743781268597,0.0
0,61,sub-061_ses-01_task-szMonitoring_run-08,11.944696426391602,0.05212523881345987,0.0
0,61,sub-061_ses-01_task-szMonitoring_run-08,22.103347778320312,0.015489078126847744,0.0
0,61,sub-061_ses-01_task-szMonitoring_run-08,13.242015838623047,0.02071254886686802,0.0
0,61,sub-061_ses-01_task-szMonitoring_run-08,15.842273712158203,0.022336448542773724,0.0
0,61,sub-061_ses-01_task-szMonitoring_run-08,33.13888168334961,0.016632498241961002,0.0
0,61,sub-061_ses-01_task-szMonitoring_run-08,3.7247283458709717,0.11335403844714165,0.0
0,61,sub-061_ses-01_task-szMonitoring_run-08,20.888992309570312,0.019278889521956444,0.0
0,61,sub-061_ses-01_task-szMonitoring_run-08,26.291929244995117,0.016020486131310463,0.0
0,61,sub-061_ses-01_task-szMonitoring_run-08,6.241676330566406,0.1351739838719368,0.0
1,62,sub-062_ses-01_task-szMonitoring_run-01,23.540781021118164,0.05485342815518379,0.0
0,62,sub-062_ses-01_task-szMonitoring_run-01,5.273373603820801,0.16339179128408432,0.0
0,62,sub-062_ses-01_task-szMonitoring_run-01,20.48564338684082,0.0602969266474247,0.0
0,62,sub-062_ses-01_task-szMonitoring_run-01,41.11665344238281,0.0587767381221056,0.0
0,62,sub-062_ses-01_task-szMonitoring_run-01,41.91579818725586,0.057775434106588364,0.0
0,62,sub-062_ses-01_task-szMonitoring_run-01,3.669090986251831,0.21325218677520752,0.0
0,62,sub-062_ses-01_task-szMonitoring_run-01,8.668042182922363,0.11544562876224518,0.0
0,62,sub-062_ses-01_task-szMonitoring_run-01,10.852826118469238,0.0989869013428688,0.0
0,62,sub-062_ses-01_task-szMonitoring_run-01,18.106271743774414,0.12389350682497025,0.0
0,62,sub-062_ses-01_task-szMonitoring_run-01,6.077526092529297,0.14282842725515366,0.0
1,62,sub-062_ses-01_task-szMonitoring_run-02,72.50567626953125,0.05557018890976906,0.0
1,62,sub-062_ses-01_task-szMonitoring_run-02,11.922863960266113,0.049042411148548126,0.0
1,62,sub-062_ses-01_task-szMonitoring_run-02,72.70861053466797,0.0538628064095974,0.0
1,62,sub-062_ses-01_task-szMonitoring_run-02,12.291158676147461,0.051393015310168266,0.0
1,62,sub-062_ses-01_task-szMonitoring_run-02,42.71461868286133,0.053509874269366264,0.0
1,62,sub-062_ses-01_task-szMonitoring_run-02,12.295537948608398,0.05260955169796944,0.0
1,62,sub-062_ses-01_task-szMonitoring_run-02,72.41200256347656,0.05398668348789215,0.0
1,62,sub-062_ses-01_task-szMonitoring_run-02,11.969757080078125,0.05034002475440502,0.0
0,62,sub-062_ses-01_task-szMonitoring_run-02,34.58417892456055,0.06790117919445038,0.0
0,62,sub-062_ses-01_task-szMonitoring_run-02,23.877779006958008,0.09401023015379906,0.0
0,62,sub-062_ses-01_task-szMonitoring_run-02,17.028038024902344,0.1541876643896103,0.0
0,62,sub-062_ses-01_task-szMonitoring_run-02,20.894512176513672,0.06527008302509785,0.0
0,62,sub-062_ses-01_task-szMonitoring_run-02,13.104072570800781,0.11545875295996666,0.0
0,62,sub-062_ses-01_task-szMonitoring_run-02,4.380404472351074,0.14570928737521172,0.0
0,62,sub-062_ses-01_task-szMonitoring_run-03,5.144293308258057,0.1359902173280716,0.0
0,62,sub-062_ses-01_task-szMonitoring_run-03,22.892108917236328,0.09298640489578247,0.0
0,62,sub-062_ses-01_task-szMonitoring_run-03,5.986528396606445,0.12053600698709488,0.0
0,62,sub-062_ses-01_task-szMonitoring_run-03,36.9808235168457,0.12845227122306824,0.0
0,62,sub-062_ses-01_task-szMonitoring_run-04,5.546020984649658,0.26774659007787704,0.0
0,62,sub-062_ses-01_task-szMonitoring_run-04,31.336687088012695,0.04835786484181881,0.0
0,62,sub-062_ses-01_task-szMonitoring_run-04,31.96460723876953,0.03639779984951019,0.0
0,62,sub-062_ses-01_task-szMonitoring_run-04,14.557576179504395,0.102444251999259,0.0
0,62,sub-062_ses-01_task-szMonitoring_run-04,26.739849090576172,0.0856269896030426,0.0
0,62,sub-062_ses-01_task-szMonitoring_run-04,24.20479965209961,0.1178651973605156,0.0
0,62,sub-062_ses-01_task-szMonitoring_run-04,51.34685134887695,0.053305355831980705,0.0
0,62,sub-062_ses-01_task-szMonitoring_run-05,11.883437156677246,0.1334000900387764,0.0
0,62,sub-062_ses-01_task-szMonitoring_run-05,14.835723876953125,0.13346918672323227,0.0
0,62,sub-062_ses-01_task-szMonitoring_run-05,90.77461242675781,0.11466585099697113,0.0
0,62,sub-062_ses-01_task-szMonitoring_run-05,13.590534210205078,0.17409849911928177,0.0
0,62,sub-062_ses-01_task-szMonitoring_run-05,139.20462036132812,0.13328294456005096,0.0
0,62,sub-062_ses-01_task-szMonitoring_run-05,13.078618049621582,0.1176360696554184,0.0
0,62,sub-062_ses-01_task-szMonitoring_run-05,7.911683559417725,0.10336175560951233,0.0
0,62,sub-062_ses-01_task-szMonitoring_run-06,68.32624053955078,0.07900736480951309,0.0
0,62,sub-062_ses-01_task-szMonitoring_run-06,29.92475128173828,0.05796167626976967,0.0
0,63,sub-063_ses-01_task-szMonitoring_run-01,4.593928337097168,0.0743808951228857,0.0
0,63,sub-063_ses-01_task-szMonitoring_run-01,5.1282453536987305,0.07229269482195377,0.0
0,63,sub-063_ses-01_task-szMonitoring_run-01,5.189700126647949,0.06694543920457363,0.0
0,63,sub-063_ses-01_task-szMonitoring_run-02,13.871286392211914,0.03368866536766291,0.0
0,63,sub-063_ses-01_task-szMonitoring_run-02,9.903253555297852,0.015517049469053745,0.0
0,63,sub-063_ses-01_task-szMonitoring_run-02,11.461195945739746,0.024166733026504517,0.0
0,63,sub-063_ses-01_task-szMonitoring_run-02,11.287272453308105,0.015968973748385906,0.0
0,63,sub-063_ses-01_task-szMonitoring_run-02,21.85564422607422,0.028066002763807774,0.0
0,63,sub-063_ses-01_task-szMonitoring_run-02,9.755003929138184,0.0641060583293438,0.0
0,63,sub-063_ses-01_task-szMonitoring_run-02,14.522079467773438,0.03426502924412489,0.0
0,63,sub-063_ses-01_task-szMonitoring_run-02,7.316420555114746,0.01628391444683075,0.0
0,63,sub-063_ses-01_task-szMonitoring_run-02,12.27601432800293,0.0309077063575387,0.0
0,63,sub-063_ses-01_task-szMonitoring_run-02,16.93781280517578,0.023857506923377514,0.0
0,63,sub-063_ses-01_task-szMonitoring_run-02,7.703494548797607,0.01588311418890953,0.0
0,63,sub-063_ses-01_task-szMonitoring_run-02,18.51857566833496,0.056537228636443615,0.0
0,63,sub-063_ses-01_task-szMonitoring_run-02,26.275300979614258,0.02103541698306799,0.0
0,63,sub-063_ses-01_task-szMonitoring_run-02,8.258502960205078,0.04013859201222658,0.0
0,63,sub-063_ses-01_task-szMonitoring_run-02,12.48499870300293,0.03401493281126022,0.0
0,63,sub-063_ses-01_task-szMonitoring_run-03,9.050997734069824,0.023655780591070652,0.0
0,63,sub-063_ses-01_task-szMonitoring_run-03,6.299668312072754,0.05027815327048302,0.0
0,63,sub-063_ses-01_task-szMonitoring_run-03,10.369636535644531,0.028672966174781322,0.0
0,63,sub-063_ses-01_task-szMonitoring_run-03,5.735561847686768,0.04968997370451689,0.0
0,63,sub-063_ses-01_task-szMonitoring_run-03,8.817148208618164,0.03377010487020016,0.0
1,63,sub-063_ses-01_task-szMonitoring_run-04,40.47648239135742,0.012896711006760597,0.0
1,63,sub-063_ses-01_task-szMonitoring_run-04,10.703207969665527,0.03451533615589142,0.0
1,63,sub-063_ses-01_task-szMonitoring_run-04,44.31517791748047,0.011663589626550674,0.0
1,63,sub-063_ses-01_task-szMonitoring_run-04,10.215717315673828,0.036108098924160004,0.0
1,63,sub-063_ses-01_task-szMonitoring_run-04,37.41598892211914,0.013412605971097946,0.0
1,63,sub-063_ses-01_task-szMonitoring_run-04,29.669788360595703,0.015610354952514172,0.0
1,63,sub-063_ses-01_task-szMonitoring_run-04,47.4827880859375,0.009763825684785843,0.0
1,63,sub-063_ses-01_task-szMonitoring_run-04,10.431220054626465,0.03521549142897129,0.0
1,63,sub-063_ses-01_task-szMonitoring_run-04,10.931784629821777,0.03390707168728113,0.0
1,63,sub-063_ses-01_task-szMonitoring_run-04,10.205573081970215,0.036200374364852905,0.0
1,63,sub-063_ses-01_task-szMonitoring_run-04,10.557099342346191,0.03494926355779171,0.0
1,63,sub-063_ses-01_task-szMonitoring_run-04,10.606196403503418,0.03485529683530331,0.0
0,63,sub-063_ses-01_task-szMonitoring_run-04,4.164660453796387,0.061030009761452675,0.0
0,63,sub-063_ses-01_task-szMonitoring_run-04,3.76562237739563,0.06809283420443535,0.0
0,63,sub-063_ses-01_task-szMonitoring_run-04,18.57843589782715,0.01635591220110655,0.0
0,63,sub-063_ses-01_task-szMonitoring_run-04,20.498964309692383,0.019392598420381546,0.0
0,63,sub-063_ses-01_task-szMonitoring_run-04,10.587244987487793,0.023605759255588055,0.0
0,63,sub-063_ses-01_task-szMonitoring_run-04,14.92039966583252,0.02359404880553484,0.0
0,63,sub-063_ses-01_task-szMonitoring_run-04,6.282012462615967,0.044901235960423946,0.0
0,63,sub-063_ses-01_task-szMonitoring_run-04,10.060768127441406,0.03454370703548193,0.0
0,63,sub-063_ses-01_task-szMonitoring_run-04,10.365594863891602,0.03162446245551109,0.0
0,63,sub-063_ses-01_task-szMonitoring_run-05,20.793338775634766,0.020018056966364384,0.0
0,63,sub-063_ses-01_task-szMonitoring_run-05,10.54802417755127,0.07288681715726852,0.0
0,63,sub-063_ses-01_task-szMonitoring_run-05,5.379811763763428,0.058025095611810684,0.0
0,63,sub-063_ses-01_task-szMonitoring_run-05,6.883276462554932,0.04928931035101414,0.0
0,63,sub-063_ses-01_task-szMonitoring_run-05,9.669547080993652,0.05078134872019291,0.0
0,63,sub-063_ses-01_task-szMonitoring_run-05,10.50329303741455,0.025207260623574257,0.0
0,63,sub-063_ses-01_task-szMonitoring_run-05,13.67784595489502,0.041514890268445015,0.0
0,63,sub-063_ses-01_task-szMonitoring_run-05,12.259468078613281,0.04863299522548914,0.0
0,63,sub-063_ses-01_task-szMonitoring_run-06,8.048935890197754,0.03317071683704853,0.0
0,63,sub-063_ses-01_task-szMonitoring_run-06,14.347858428955078,0.06424380466341972,0.0
0,63,sub-063_ses-01_task-szMonitoring_run-06,13.80059814453125,0.0467260479927063,0.0
0,63,sub-063_ses-01_task-szMonitoring_run-06,17.33323860168457,0.055615704506635666,0.0
0,63,sub-063_ses-01_task-szMonitoring_run-06,7.9551215171813965,0.05208622012287378,0.0
0,63,sub-063_ses-01_task-szMonitoring_run-06,9.31682014465332,0.03762444853782654,0.0
0,63,sub-063_ses-01_task-szMonitoring_run-06,23.650161743164062,0.023682394064962864,0.0
0,63,sub-063_ses-01_task-szMonitoring_run-06,9.616384506225586,0.011859099380671978,0.0
0,63,sub-063_ses-01_task-szMonitoring_run-06,12.335001945495605,0.03477179631590843,0.0
1,64,sub-064_ses-01_task-szMonitoring_run-01,11.409111022949219,0.07940206676721573,0.0
1,64,sub-064_ses-01_task-szMonitoring_run-01,7.91948938369751,0.06966015696525574,0.0
1,64,sub-064_ses-01_task-szMonitoring_run-01,7.689767360687256,0.06876633688807487,0.0
1,64,sub-064_ses-01_task-szMonitoring_run-01,7.455422878265381,0.07071710750460625,0.0
1,64,sub-064_ses-01_task-szMonitoring_run-01,7.981929779052734,0.06646332889795303,0.0
1,64,sub-064_ses-01_task-szMonitoring_run-01,20.75794219970703,0.0851353108882904,0.0
0,64,sub-064_ses-01_task-szMonitoring_run-01,8.782611846923828,0.14071443304419518,0.0
0,64,sub-064_ses-01_task-szMonitoring_run-01,18.647171020507812,0.1041671633720398,0.0
0,64,sub-064_ses-01_task-szMonitoring_run-01,8.202704429626465,0.10917393863201141,0.0
0,64,sub-064_ses-01_task-szMonitoring_run-01,22.37078857421875,0.13370562717318535,0.0
0,64,sub-064_ses-01_task-szMonitoring_run-01,7.07136869430542,0.12643291056156158,0.0
0,64,sub-064_ses-01_task-szMonitoring_run-01,18.653648376464844,0.138272263109684,0.0
1,64,sub-064_ses-01_task-szMonitoring_run-02,31.88119888305664,0.1926208846271038,0.0
1,64,sub-064_ses-01_task-szMonitoring_run-02,39.558292388916016,0.14488274604082108,0.0
1,64,sub-064_ses-01_task-szMonitoring_run-02,34.37793731689453,0.16857972741127014,0.0
1,64,sub-064_ses-01_task-szMonitoring_run-02,36.23942947387695,0.161383755505085,0.0
1,64,sub-064_ses-01_task-szMonitoring_run-02,31.81614112854004,0.18677058815956116,0.0
1,64,sub-064_ses-01_task-szMonitoring_run-02,40.83161544799805,0.13118410110473633,0.0
1,64,sub-064_ses-01_task-szMonitoring_run-02,32.046688079833984,0.19619882851839066,0.0
1,64,sub-064_ses-01_task-szMonitoring_run-02,37.12837219238281,0.15730616822838783,0.0
1,64,sub-064_ses-01_task-szMonitoring_run-02,38.60930252075195,0.13905632868409157,0.0
1,64,sub-064_ses-01_task-szMonitoring_run-02,40.10054016113281,0.12900394201278687,0.0
1,64,sub-064_ses-01_task-szMonitoring_run-02,38.119384765625,0.12475413829088211,0.0
1,64,sub-064_ses-01_task-szMonitoring_run-02,33.831241607666016,0.17655839398503304,0.0
0,64,sub-064_ses-01_task-szMonitoring_run-02,7.1177825927734375,0.19105107337236404,0.0
0,64,sub-064_ses-01_task-szMonitoring_run-02,13.562666893005371,0.1653779186308384,0.0
0,64,sub-064_ses-01_task-szMonitoring_run-02,20.68474578857422,0.11588793992996216,0.0
0,64,sub-064_ses-01_task-szMonitoring_run-02,16.413026809692383,0.1780712902545929,0.0
0,64,sub-064_ses-01_task-szMonitoring_run-02,0.0,0.0,1.0
0,64,sub-064_ses-01_task-szMonitoring_run-02,13.029032707214355,0.13962463289499283,0.0
0,64,sub-064_ses-01_task-szMonitoring_run-02,15.807339668273926,0.12454041838645935,0.0
0,64,sub-064_ses-01_task-szMonitoring_run-02,3.974490165710449,0.1646907776594162,0.0
0,64,sub-064_ses-01_task-szMonitoring_run-02,4.3028435707092285,0.04860503412783146,0.0
0,64,sub-064_ses-01_task-szMonitoring_run-02,9.28909969329834,0.09567302092909813,0.0
0,64,sub-064_ses-01_task-szMonitoring_run-02,12.966239929199219,0.14025317132472992,0.0
0,64,sub-064_ses-01_task-szMonitoring_run-03,18.588350296020508,0.126650370657444,0.0
0,64,sub-064_ses-01_task-szMonitoring_run-03,33.38542175292969,0.12161145359277725,0.0
0,64,sub-064_ses-01_task-szMonitoring_run-03,25.090280532836914,0.12425489723682404,0.0
0,65,sub-065_ses-01_task-szMonitoring_run-01,14.51960563659668,0.07114244997501373,0.0
0,65,sub-065_ses-01_task-szMonitoring_run-01,35.91535949707031,0.07856153696775436,0.0
0,65,sub-065_ses-01_task-szMonitoring_run-01,35.98786163330078,0.09248168766498566,0.0
0,65,sub-065_ses-01_task-szMonitoring_run-02,43.1502799987793,0.07878386229276657,0.0
0,65,sub-065_ses-01_task-szMonitoring_run-02,23.301284790039062,0.09890353679656982,0.0
0,65,sub-065_ses-01_task-szMonitoring_run-02,37.68914031982422,0.07886942476034164,0.0
0,65,sub-065_ses-01_task-szMonitoring_run-02,23.339649200439453,0.08418016880750656,0.0
1,65,sub-065_ses-01_task-szMonitoring_run-03,12.191688537597656,0.2037680260837078,0.0
1,65,sub-065_ses-01_task-szMonitoring_run-03,12.766620635986328,0.17387255933135748,0.0
1,65,sub-065_ses-01_task-szMonitoring_run-03,12.0053071975708,0.20422964543104172,0.0
1,65,sub-065_ses-01_task-szMonitoring_run-03,12.053436279296875,0.20208876207470894,0.0
1,65,sub-065_ses-01_task-szMonitoring_run-03,12.191128730773926,0.19909378979355097,0.0
1,65,sub-065_ses-01_task-szMonitoring_run-03,11.901531219482422,0.2048332765698433,0.0
1,65,sub-065_ses-01_task-szMonitoring_run-03,12.747681617736816,0.1848601931706071,0.0
1,65,sub-065_ses-01_task-szMonitoring_run-03,12.523003578186035,0.20122262835502625,0.0
1,65,sub-065_ses-01_task-szMonitoring_run-03,11.817687034606934,0.20172497257590294,0.0
0,65,sub-065_ses-01_task-szMonitoring_run-03,25.522045135498047,0.11841662228107452,0.0
0,65,sub-065_ses-01_task-szMonitoring_run-03,13.35042953491211,0.2035095952451229,0.0
0,65,sub-065_ses-01_task-szMonitoring_run-03,40.854286193847656,0.12309860438108444,0.0
0,65,sub-065_ses-01_task-szMonitoring_run-03,28.26539421081543,0.1244703158736229,0.0
0,65,sub-065_ses-01_task-szMonitoring_run-04,29.608814239501953,0.11556039750576019,0.0
1,65,sub-065_ses-01_task-szMonitoring_run-05,31.659555435180664,0.11422288417816162,0.0
1,65,sub-065_ses-01_task-szMonitoring_run-05,28.84374237060547,0.13559341803193092,0.0
1,65,sub-065_ses-01_task-szMonitoring_run-05,30.5793514251709,0.09475215896964073,0.0
1,65,sub-065_ses-01_task-szMonitoring_run-05,14.32186508178711,0.10091458633542061,0.0
1,65,sub-065_ses-01_task-szMonitoring_run-05,20.13420295715332,0.09828323125839233,0.0
1,65,sub-065_ses-01_task-szMonitoring_run-05,29.86647605895996,0.13015571981668472,0.0
1,65,sub-065_ses-01_task-szMonitoring_run-05,32.24199676513672,0.1059451550245285,0.0
0,65,sub-065_ses-01_task-szMonitoring_run-05,19.1533145904541,0.16818561777472496,0.0
0,65,sub-065_ses-01_task-szMonitoring_run-05,46.32658767700195,0.03918784111738205,0.0
0,65,sub-065_ses-01_task-szMonitoring_run-05,11.533275604248047,0.06611734628677368,0.0
0,65,sub-065_ses-01_task-szMonitoring_run-05,49.1578483581543,0.04649104177951813,0.0
0,65,sub-065_ses-01_task-szMonitoring_run-05,33.047523498535156,0.04632090777158737,0.0
0,65,sub-065_ses-01_task-szMonitoring_run-05,36.42514419555664,0.08011453598737717,0.0
0,65,sub-065_ses-01_task-szMonitoring_run-05,43.576847076416016,0.07900746911764145,0.0
0,65,sub-065_ses-01_task-szMonitoring_run-06,23.453332901000977,0.03551331162452698,0.0
0,65,sub-065_ses-01_task-szMonitoring_run-06,33.81570816040039,0.051827460527420044,0.0
0,65,sub-065_ses-01_task-szMonitoring_run-06,33.92851257324219,0.04005872458219528,0.0
0,65,sub-065_ses-01_task-szMonitoring_run-06,20.993173599243164,0.04716775566339493,0.0
0,65,sub-065_ses-01_task-szMonitoring_run-08,33.732975006103516,0.06428410857915878,0.0
0,65,sub-065_ses-01_task-szMonitoring_run-08,62.037391662597656,0.061482422053813934,0.0
0,65,sub-065_ses-01_task-szMonitoring_run-08,47.930545806884766,0.07515758275985718,0.0
0,65,sub-065_ses-01_task-szMonitoring_run-09,42.31207275390625,0.051961399614810944,0.0
0,65,sub-065_ses-01_task-szMonitoring_run-09,38.49362564086914,0.05773648992180824,0.0
0,65,sub-065_ses-01_task-szMonitoring_run-09,40.94875717163086,0.0510092917829752,0.0
0,65,sub-065_ses-01_task-szMonitoring_run-09,31.01653289794922,0.06955204345285892,0.0
0,65,sub-065_ses-01_task-szMonitoring_run-10,38.93196105957031,0.07422412186861038,0.0
0,65,sub-065_ses-01_task-szMonitoring_run-10,22.512956619262695,0.052443742752075195,0.0
0,65,sub-065_ses-01_task-szMonitoring_run-10,26.77597999572754,0.043840982019901276,0.0
0,65,sub-065_ses-01_task-szMonitoring_run-10,24.24479866027832,0.10547949373722076,0.0
0,65,sub-065_ses-01_task-szMonitoring_run-10,92.83223724365234,0.07130173593759537,0.0
0,65,sub-065_ses-01_task-szMonitoring_run-10,34.0218391418457,0.040147511288523674,0.0
0,65,sub-065_ses-01_task-szMonitoring_run-10,39.07707977294922,0.07371734082698822,0.0
0,65,sub-065_ses-01_task-szMonitoring_run-10,80.44196319580078,0.07740826904773712,0.0
0,65,sub-065_ses-01_task-szMonitoring_run-12,30.064468383789062,0.058209337294101715,0.0
0,65,sub-065_ses-01_task-szMonitoring_run-12,23.444847106933594,0.0647580623626709,0.0
0,65,sub-065_ses-01_task-szMonitoring_run-12,31.67515754699707,0.05883155018091202,0.0
0,65,sub-065_ses-01_task-szMonitoring_run-12,64.8224868774414,0.10806801915168762,0.0
0,65,sub-065_ses-01_task-szMonitoring_run-12,20.944448471069336,0.07505237311124802,0.0
0,65,sub-065_ses-01_task-szMonitoring_run-12,76.76654052734375,0.05292883515357971,0.0
0,65,sub-065_ses-01_task-szMonitoring_run-12,31.53947639465332,0.060537584125995636,0.0
0,65,sub-065_ses-01_task-szMonitoring_run-14,40.51814270019531,0.048709385097026825,0.0
0,66,sub-066_ses-01_task-szMonitoring_run-02,31.65697479248047,0.07140163704752922,0.0
0,66,sub-066_ses-01_task-szMonitoring_run-02,20.42830467224121,0.05176246166229248,0.0
0,66,sub-066_ses-01_task-szMonitoring_run-02,7.2046895027160645,0.07677406445145607,0.0
0,66,sub-066_ses-01_task-szMonitoring_run-02,17.62325096130371,0.055484626442193985,0.0
0,66,sub-066_ses-01_task-szMonitoring_run-02,7.996912479400635,0.09958842396736145,0.0
0,66,sub-066_ses-01_task-szMonitoring_run-02,31.486465454101562,0.07118958607316017,0.0
0,66,sub-066_ses-01_task-szMonitoring_run-02,15.004426956176758,0.06272081285715103,0.0
0,66,sub-066_ses-01_task-szMonitoring_run-02,28.342937469482422,0.08112701401114464,0.0
0,66,sub-066_ses-01_task-szMonitoring_run-02,6.898532867431641,0.07919880375266075,0.0
0,66,sub-066_ses-01_task-szMonitoring_run-02,7.313589572906494,0.08128006383776665,0.0
0,66,sub-066_ses-01_task-szMonitoring_run-02,11.021808624267578,0.08157370239496231,0.0
0,66,sub-066_ses-01_task-szMonitoring_run-04,36.337677001953125,0.14815553277730942,0.0
0,66,sub-066_ses-01_task-szMonitoring_run-04,13.319816589355469,0.1668131686747074,0.0
0,66,sub-066_ses-01_task-szMonitoring_run-04,20.029226303100586,0.16371934860944748,0.0
0,66,sub-066_ses-01_task-szMonitoring_run-04,18.981029510498047,0.16537373140454292,0.0
1,66,sub-066_ses-01_task-szMonitoring_run-06,15.473084449768066,0.0453290119767189,0.0
1,66,sub-066_ses-01_task-szMonitoring_run-06,15.311385154724121,0.04576189070940018,0.0
1,66,sub-066_ses-01_task-szMonitoring_run-06,15.32408332824707,0.04552246630191803,0.0
1,66,sub-066_ses-01_task-szMonitoring_run-06,15.359959602355957,0.045981667935848236,0.0
1,66,sub-066_ses-01_task-szMonitoring_run-06,15.4011869430542,0.04498714953660965,0.0
1,66,sub-066_ses-01_task-szMonitoring_run-06,15.61440372467041,0.044459231197834015,0.0
0,66,sub-066_ses-01_task-szMonitoring_run-06,7.487239837646484,0.07039390876889229,0.0
0,66,sub-066_ses-01_task-szMonitoring_run-06,30.79646110534668,0.07293086871504784,0.0
0,66,sub-066_ses-01_task-szMonitoring_run-06,39.61785888671875,0.060218872502446175,0.0
0,66,sub-066_ses-01_task-szMonitoring_run-06,9.728395462036133,0.09685283713042736,0.0
0,66,sub-066_ses-01_task-szMonitoring_run-06,4.605023384094238,0.08785765059292316,0.0
0,66,sub-066_ses-01_task-szMonitoring_run-07,98.82735443115234,0.05054660141468048,0.0
0,66,sub-066_ses-01_task-szMonitoring_run-07,5.201043128967285,0.113302081823349,0.0
0,66,sub-066_ses-01_task-szMonitoring_run-07,64.86697387695312,0.1491534486413002,0.0
0,66,sub-066_ses-01_task-szMonitoring_run-07,81.34353637695312,0.05857395380735397,0.0
0,66,sub-066_ses-01_task-szMonitoring_run-07,62.11985397338867,0.15934675931930542,0.0
0,66,sub-066_ses-01_task-szMonitoring_run-07,85.26326751708984,0.05741170793771744,0.0
0,66,sub-066_ses-01_task-szMonitoring_run-07,4.166158676147461,0.10743080079555511,0.0
0,66,sub-066_ses-01_task-szMonitoring_run-08,6.7182769775390625,0.08607757091522217,0.0
1,66,sub-066_ses-01_task-szMonitoring_run-09,7.778563976287842,0.09209536761045456,0.0
1,66,sub-066_ses-01_task-szMonitoring_run-09,7.268606185913086,0.09040065854787827,0.0
1,66,sub-066_ses-01_task-szMonitoring_run-09,7.68101692199707,0.08982724696397781,0.0
1,66,sub-066_ses-01_task-szMonitoring_run-09,6.232539176940918,0.09617610275745392,0.0
0,66,sub-066_ses-01_task-szMonitoring_run-09,4.587884426116943,0.09655877947807312,0.0
0,66,sub-066_ses-01_task-szMonitoring_run-09,12.731014251708984,0.05667556822299957,0.0
0,66,sub-066_ses-01_task-szMonitoring_run-09,6.140283107757568,0.09169299900531769,0.0
0,66,sub-066_ses-01_task-szMonitoring_run-09,44.15217590332031,0.08307032287120819,0.0
0,66,sub-066_ses-01_task-szMonitoring_run-09,24.00113296508789,0.08536231517791748,0.0
0,66,sub-066_ses-01_task-szMonitoring_run-09,19.043933868408203,0.0510205402970314,0.0
0,66,sub-066_ses-01_task-szMonitoring_run-09,103.98885345458984,0.09732593595981598,0.0
0,66,sub-066_ses-01_task-szMonitoring_run-09,14.455345153808594,0.052419357001781464,0.0
0,66,sub-066_ses-01_task-szMonitoring_run-09,94.36746978759766,0.054230570793151855,0.0
0,66,sub-066_ses-01_task-szMonitoring_run-10,102.54657745361328,0.051217399537563324,0.0
0,66,sub-066_ses-01_task-szMonitoring_run-11,84.80293273925781,0.0607491135597229,0.0
0,66,sub-066_ses-01_task-szMonitoring_run-11,43.44580841064453,0.04624122381210327,0.0
0,66,sub-066_ses-01_task-szMonitoring_run-11,6.527362823486328,0.07862366735935211,0.0
0,66,sub-066_ses-01_task-szMonitoring_run-11,5.380308628082275,0.10452678054571152,0.0
0,66,sub-066_ses-01_task-szMonitoring_run-11,88.07862854003906,0.09289582818746567,0.0
0,66,sub-066_ses-01_task-szMonitoring_run-11,92.51023864746094,0.06372705847024918,0.0
0,66,sub-066_ses-01_task-szMonitoring_run-11,6.098398208618164,0.07773368805646896,0.0
0,66,sub-066_ses-01_task-szMonitoring_run-12,6.137598991394043,0.069986492395401,0.0
0,66,sub-066_ses-01_task-szMonitoring_run-12,5.504360198974609,0.06953682750463486,0.0
0,66,sub-066_ses-01_task-szMonitoring_run-13,25.376724243164062,0.09613857418298721,0.0
0,66,sub-066_ses-01_task-szMonitoring_run-13,5.092386245727539,0.08597030490636826,0.0
0,66,sub-066_ses-01_task-szMonitoring_run-13,46.513492584228516,0.08174696564674377,0.0
0,66,sub-066_ses-01_task-szMonitoring_run-13,40.42338943481445,0.10558292269706726,0.0
0,66,sub-066_ses-01_task-szMonitoring_run-13,16.163135528564453,0.05453746020793915,0.0
0,66,sub-066_ses-01_task-szMonitoring_run-13,16.257568359375,0.05817854031920433,0.0
0,66,sub-066_ses-01_task-szMonitoring_run-13,8.161940574645996,0.05050410330295563,0.0
0,66,sub-066_ses-01_task-szMonitoring_run-13,20.889848709106445,0.05484967492520809,0.0
0,66,sub-066_ses-01_task-szMonitoring_run-13,8.117086410522461,0.09851205348968506,0.0
0,66,sub-066_ses-01_task-szMonitoring_run-13,7.105986595153809,0.05148375779390335,0.0
0,66,sub-066_ses-01_task-szMonitoring_run-13,19.186460494995117,0.05392996966838837,0.0
0,66,sub-066_ses-01_task-szMonitoring_run-13,91.65675354003906,0.08839607238769531,0.0
0,66,sub-066_ses-01_task-szMonitoring_run-13,53.47218322753906,0.14259415864944458,0.0
0,66,sub-066_ses-01_task-szMonitoring_run-13,57.12251663208008,0.05715487152338028,0.0
0,66,sub-066_ses-01_task-szMonitoring_run-13,21.67540168762207,0.052749477326869965,0.0
1,66,sub-066_ses-01_task-szMonitoring_run-14,32.42420959472656,0.06406942009925842,0.0
1,66,sub-066_ses-01_task-szMonitoring_run-14,32.67158126831055,0.06375036761164665,0.0
1,66,sub-066_ses-01_task-szMonitoring_run-14,15.551473617553711,0.06280145980417728,0.0
1,66,sub-066_ses-01_task-szMonitoring_run-14,32.682193756103516,0.06385192833840847,0.0
1,66,sub-066_ses-01_task-szMonitoring_run-14,14.734283447265625,0.06433059461414814,0.0
1,66,sub-066_ses-01_task-szMonitoring_run-14,14.959859848022461,0.06396317481994629,0.0
1,66,sub-066_ses-01_task-szMonitoring_run-14,32.021575927734375,0.06431490741670132,0.0
1,66,sub-066_ses-01_task-szMonitoring_run-14,31.951759338378906,0.06311426684260368,0.0
1,66,sub-066_ses-01_task-szMonitoring_run-14,15.379106521606445,0.06318332813680172,0.0
0,66,sub-066_ses-01_task-szMonitoring_run-14,6.186478137969971,0.05675231106579304,0.0
0,66,sub-066_ses-01_task-szMonitoring_run-15,25.089263916015625,0.056120915338397026,0.0
0,66,sub-066_ses-01_task-szMonitoring_run-15,25.583681106567383,0.05646582320332527,0.0
0,66,sub-066_ses-01_task-szMonitoring_run-15,9.014500617980957,0.051651228219270706,0.0
0,66,sub-066_ses-01_task-szMonitoring_run-15,27.390933990478516,0.05941036343574524,0.0
0,66,sub-066_ses-01_task-szMonitoring_run-15,10.055757522583008,0.05922576040029526,0.0
0,66,sub-066_ses-01_task-szMonitoring_run-15,7.5698394775390625,0.05489012785255909,0.0
0,66,sub-066_ses-01_task-szMonitoring_run-15,26.879915237426758,0.055786874145269394,0.0
0,66,sub-066_ses-01_task-szMonitoring_run-15,7.919287204742432,0.05217704549431801,0.0
0,66,sub-066_ses-01_task-szMonitoring_run-16,18.095293045043945,0.07369740307331085,0.0
0,66,sub-066_ses-01_task-szMonitoring_run-16,9.96706485748291,0.06711982190608978,0.0
0,66,sub-066_ses-01_task-szMonitoring_run-16,19.013652801513672,0.06764749065041542,0.0
0,66,sub-066_ses-01_task-szMonitoring_run-16,7.504125595092773,0.06690585613250732,0.0
0,66,sub-066_ses-01_task-szMonitoring_run-16,9.158084869384766,0.07027480192482471,0.0
0,66,sub-066_ses-01_task-szMonitoring_run-16,45.62715530395508,0.06746590882539749,0.0
0,66,sub-066_ses-01_task-szMonitoring_run-16,9.870756149291992,0.06453308463096619,0.0
0,66,sub-066_ses-01_task-szMonitoring_run-16,10.695551872253418,0.05665110796689987,0.0
0,66,sub-066_ses-01_task-szMonitoring_run-16,10.076199531555176,0.062486980110406876,0.0
0,66,sub-066_ses-01_task-szMonitoring_run-18,33.193763732910156,0.10768413543701172,0.0
0,66,sub-066_ses-01_task-szMonitoring_run-18,22.911039352416992,0.08471483364701271,0.0
0,66,sub-066_ses-01_task-szMonitoring_run-18,11.687409400939941,0.08227648958563805,0.0
0,66,sub-066_ses-01_task-szMonitoring_run-18,32.01262283325195,0.11305604130029678,0.0
0,66,sub-066_ses-01_task-szMonitoring_run-18,13.723332405090332,0.10564683377742767,0.0
0,66,sub-066_ses-01_task-szMonitoring_run-18,8.603686332702637,0.07856713607907295,0.0
0,66,sub-066_ses-01_task-szMonitoring_run-18,13.253299713134766,0.1249106377363205,0.0
0,66,sub-066_ses-01_task-szMonitoring_run-18,27.88340950012207,0.09262758120894432,0.0
0,66,sub-066_ses-01_task-szMonitoring_run-18,21.35409927368164,0.09095077216625214,0.0
0,66,sub-066_ses-01_task-szMonitoring_run-18,11.956021308898926,0.15308383852243423,0.0
0,66,sub-066_ses-01_task-szMonitoring_run-18,59.9406852722168,0.1096583753824234,0.0
0,66,sub-066_ses-01_task-szMonitoring_run-18,12.203618049621582,0.0814763568341732,0.0
0,66,sub-066_ses-01_task-szMonitoring_run-18,14.20958137512207,0.09573646634817123,0.0
0,66,sub-066_ses-01_task-szMonitoring_run-19,5.981192588806152,0.10763303190469742,0.0
0,66,sub-066_ses-01_task-szMonitoring_run-19,8.500121116638184,0.07451795414090157,0.0
0,66,sub-066_ses-01_task-szMonitoring_run-19,20.44913673400879,0.08015627041459084,0.0
0,66,sub-066_ses-01_task-szMonitoring_run-19,5.33884859085083,0.12069278955459595,0.0
0,67,sub-067_ses-01_task-szMonitoring_run-01,9.60715103149414,0.08920220285654068,0.0
0,67,sub-067_ses-01_task-szMonitoring_run-01,13.290700912475586,0.05449768155813217,0.0
0,67,sub-067_ses-01_task-szMonitoring_run-01,13.974310874938965,0.0634200219064951,0.0
0,67,sub-067_ses-01_task-szMonitoring_run-01,10.44969367980957,0.06357869133353233,0.0
0,67,sub-067_ses-01_task-szMonitoring_run-02,25.244632720947266,0.1033320426940918,0.0
0,67,sub-067_ses-01_task-szMonitoring_run-02,21.32499122619629,0.07403570413589478,0.0
0,67,sub-067_ses-01_task-szMonitoring_run-02,28.627197265625,0.07489216327667236,0.0
0,67,sub-067_ses-01_task-szMonitoring_run-03,32.526161193847656,0.05887655168771744,0.0
0,67,sub-067_ses-01_task-szMonitoring_run-03,17268.333984375,0.0009605884552001953,0.0
0,67,sub-067_ses-01_task-szMonitoring_run-03,28.946765899658203,0.062360506504774094,0.0
0,67,sub-067_ses-01_task-szMonitoring_run-03,33.11101150512695,0.07255638018250465,0.0
0,67,sub-067_ses-01_task-szMonitoring_run-03,11.06607437133789,0.16981877014040947,0.0
0,67,sub-067_ses-01_task-szMonitoring_run-03,33.70850372314453,0.05596555396914482,0.0
0,67,sub-067_ses-01_task-szMonitoring_run-03,27.318531036376953,0.07707376778125763,0.0
0,67,sub-067_ses-01_task-szMonitoring_run-04,12.885815620422363,0.23917187005281448,0.0
0,67,sub-067_ses-01_task-szMonitoring_run-04,7.6444292068481445,0.0865713320672512,0.0
0,67,sub-067_ses-01_task-szMonitoring_run-04,11.439345359802246,0.0868433527648449,0.0
0,67,sub-067_ses-01_task-szMonitoring_run-04,12.304149627685547,0.04898753948509693,0.0
0,67,sub-067_ses-01_task-szMonitoring_run-04,16.332860946655273,0.09090046212077141,0.0
0,67,sub-067_ses-01_task-szMonitoring_run-04,11.342738151550293,0.2767593413591385,0.0
0,67,sub-067_ses-01_task-szMonitoring_run-04,16.18167495727539,0.0895841047167778,0.0
0,67,sub-067_ses-01_task-szMonitoring_run-04,11.758401870727539,0.07682721503078938,0.0
1,67,sub-067_ses-01_task-szMonitoring_run-05,10.908320426940918,0.0514794085174799,0.0
1,67,sub-067_ses-01_task-szMonitoring_run-05,11.377219200134277,0.05106579139828682,0.0
1,67,sub-067_ses-01_task-szMonitoring_run-05,11.882786750793457,0.05001971498131752,0.0
1,67,sub-067_ses-01_task-szMonitoring_run-05,11.494494438171387,0.05042759142816067,0.0
1,67,sub-067_ses-01_task-szMonitoring_run-05,12.011946678161621,0.05206073634326458,0.0
1,67,sub-067_ses-01_task-szMonitoring_run-05,14.078485488891602,0.045829467475414276,0.0
0,67,sub-067_ses-01_task-szMonitoring_run-05,7.137179374694824,0.029506169259548187,0.0
0,67,sub-067_ses-01_task-szMonitoring_run-05,10.739279747009277,0.03621738217771053,0.0
0,67,sub-067_ses-01_task-szMonitoring_run-05,12.01224136352539,0.050246184691786766,0.0
0,67,sub-067_ses-01_task-szMonitoring_run-05,11.865326881408691,0.04647374153137207,0.0
0,67,sub-067_ses-01_task-szMonitoring_run-05,9.271734237670898,0.06595042906701565,0.0
0,68,sub-068_ses-01_task-szMonitoring_run-01,11.918971061706543,0.06075400300323963,0.0
0,68,sub-068_ses-01_task-szMonitoring_run-01,7.391247749328613,0.04580644518136978,0.0
0,68,sub-068_ses-01_task-szMonitoring_run-01,10.48673152923584,0.04806605167686939,0.0
0,68,sub-068_ses-01_task-szMonitoring_run-02,14.51147174835205,0.02387239132076502,0.0
0,68,sub-068_ses-01_task-szMonitoring_run-03,5.127214431762695,0.11390520632266998,0.0
0,68,sub-068_ses-01_task-szMonitoring_run-03,14.00000286102295,0.08265481889247894,0.0
1,68,sub-068_ses-01_task-szMonitoring_run-05,13.54654312133789,0.05473827011883259,0.0
1,68,sub-068_ses-01_task-szMonitoring_run-05,14.584257125854492,0.05112936161458492,0.0
1,68,sub-068_ses-01_task-szMonitoring_run-05,13.694900512695312,0.05304439179599285,0.0
1,68,sub-068_ses-01_task-szMonitoring_run-05,13.479452133178711,0.053334614261984825,0.0
1,68,sub-068_ses-01_task-szMonitoring_run-05,13.834813117980957,0.05112709105014801,0.0
1,68,sub-068_ses-01_task-szMonitoring_run-05,13.719123840332031,0.0540323443710804,0.0
1,68,sub-068_ses-01_task-szMonitoring_run-05,14.045196533203125,0.05075952224433422,0.0
0,68,sub-068_ses-01_task-szMonitoring_run-05,10.748924255371094,0.09987394884228706,0.0
0,68,sub-068_ses-01_task-szMonitoring_run-05,6.837034702301025,0.15572848543524742,0.0
0,68,sub-068_ses-01_task-szMonitoring_run-05,11.965853691101074,0.07093265280127525,0.0
0,68,sub-068_ses-01_task-szMonitoring_run-05,9.75225830078125,0.08183913305401802,0.0
0,68,sub-068_ses-01_task-szMonitoring_run-05,13.883100509643555,0.09847545623779297,0.0
0,68,sub-068_ses-01_task-szMonitoring_run-05,5.256923675537109,0.09918732196092606,0.0
0,68,sub-068_ses-01_task-szMonitoring_run-05,5.346193313598633,0.15280862525105476,0.0
1,68,sub-068_ses-01_task-szMonitoring_run-06,18.12894058227539,0.0454962532967329,0.0
1,68,sub-068_ses-01_task-szMonitoring_run-06,17.65293312072754,0.04394114948809147,0.0
1,68,sub-068_ses-01_task-szMonitoring_run-06,18.01767349243164,0.04344710521399975,0.0
1,68,sub-068_ses-01_task-szMonitoring_run-06,18.176015853881836,0.04634918458759785,0.0
1,68,sub-068_ses-01_task-szMonitoring_run-06,18.445472717285156,0.042657891288399696,0.0
0,68,sub-068_ses-01_task-szMonitoring_run-06,21.911754608154297,0.03758678026497364,0.0
0,68,sub-068_ses-01_task-szMonitoring_run-06,24.3872013092041,0.025000063702464104,0.0
0,68,sub-068_ses-01_task-szMonitoring_run-06,29.51849937438965,0.027358094230294228,0.0
0,68,sub-068_ses-01_task-szMonitoring_run-06,17.16484260559082,0.03046419471502304,0.0
0,68,sub-068_ses-01_task-szMonitoring_run-06,21.377260208129883,0.08357827551662922,0.0
0,68,sub-068_ses-01_task-szMonitoring_run-11,8.714277267456055,0.07293274439871311,0.0
0,68,sub-068_ses-01_task-szMonitoring_run-11,11.432474136352539,0.0177316777408123,0.0
0,68,sub-068_ses-01_task-szMonitoring_run-11,19.101123809814453,0.02125958725810051,0.0
0,68,sub-068_ses-01_task-szMonitoring_run-11,15.238931655883789,0.028773872181773186,0.0
0,68,sub-068_ses-01_task-szMonitoring_run-11,13.041170120239258,0.028983836993575096,0.0
0,68,sub-068_ses-01_task-szMonitoring_run-11,39.596927642822266,0.01589500904083252,0.0
0,68,sub-068_ses-01_task-szMonitoring_run-12,29.476348876953125,0.01523062027990818,0.0
0,69,sub-069_ses-01_task-szMonitoring_run-01,32.87686538696289,0.03951169550418854,0.0
0,69,sub-069_ses-01_task-szMonitoring_run-01,22.39007568359375,0.03995319455862045,0.0
0,69,sub-069_ses-01_task-szMonitoring_run-01,20.654802322387695,0.04433917999267578,0.0
0,69,sub-069_ses-01_task-szMonitoring_run-01,31.972145080566406,0.043322667479515076,0.0
0,69,sub-069_ses-01_task-szMonitoring_run-01,24.154109954833984,0.03875012695789337,0.0
0,69,sub-069_ses-01_task-szMonitoring_run-01,30.194507598876953,0.04111752659082413,0.0
0,69,sub-069_ses-01_task-szMonitoring_run-02,11.713458061218262,0.0470745712518692,0.0
0,69,sub-069_ses-01_task-szMonitoring_run-02,8.956189155578613,0.043701834976673126,0.0
0,69,sub-069_ses-01_task-szMonitoring_run-02,12.861644744873047,0.04531426727771759,0.0
0,69,sub-069_ses-01_task-szMonitoring_run-02,8.23843765258789,0.051518410444259644,0.0
0,69,sub-069_ses-01_task-szMonitoring_run-03,82.22948455810547,0.043938666582107544,0.0
0,69,sub-069_ses-01_task-szMonitoring_run-03,66.26930236816406,0.0680525153875351,0.0
0,69,sub-069_ses-01_task-szMonitoring_run-03,85.7386474609375,0.04692167043685913,0.0
0,69,sub-069_ses-01_task-szMonitoring_run-03,19.73536491394043,0.04234328120946884,0.0
0,69,sub-069_ses-01_task-szMonitoring_run-03,69.37788391113281,0.052249521017074585,0.0
0,69,sub-069_ses-01_task-szMonitoring_run-03,80.22538757324219,0.04458853602409363,0.0
0,69,sub-069_ses-01_task-szMonitoring_run-04,57.00358581542969,0.05734068900346756,0.0
0,69,sub-069_ses-01_task-szMonitoring_run-04,61.76523971557617,0.04577673226594925,0.0
0,69,sub-069_ses-01_task-szMonitoring_run-05,27.791885375976562,0.056313902139663696,0.0
0,69,sub-069_ses-01_task-szMonitoring_run-05,19.954164505004883,0.11757814884185791,0.0
0,69,sub-069_ses-01_task-szMonitoring_run-06,22.45890235900879,0.08762180805206299,0.0
0,69,sub-069_ses-01_task-szMonitoring_run-06,50.815338134765625,0.051017820835113525,0.0
0,69,sub-069_ses-01_task-szMonitoring_run-06,14.432045936584473,0.0561254546046257,0.0
0,69,sub-069_ses-01_task-szMonitoring_run-06,19.898130416870117,0.05846630036830902,0.0
0,69,sub-069_ses-01_task-szMonitoring_run-06,7.122798919677734,0.07473397254943848,0.0
0,69,sub-069_ses-01_task-szMonitoring_run-07,31.293838500976562,0.08071015775203705,0.0
0,69,sub-069_ses-01_task-szMonitoring_run-07,41.085330963134766,0.046303004026412964,0.0
0,69,sub-069_ses-01_task-szMonitoring_run-07,111.07804107666016,0.036393970251083374,0.0
0,69,sub-069_ses-01_task-szMonitoring_run-08,27.39202117919922,0.04611300677061081,0.0
0,69,sub-069_ses-01_task-szMonitoring_run-08,80.80390167236328,0.06367899477481842,0.0
0,69,sub-069_ses-01_task-szMonitoring_run-09,7.583083152770996,0.1309654861688614,0.0
0,69,sub-069_ses-01_task-szMonitoring_run-09,49.640037536621094,0.04054702818393707,0.0
0,69,sub-069_ses-01_task-szMonitoring_run-09,93.77982330322266,0.046556293964385986,0.0
0,69,sub-069_ses-01_task-szMonitoring_run-09,68.7009506225586,0.06606695801019669,0.0
0,69,sub-069_ses-01_task-szMonitoring_run-09,54.501399993896484,0.06873277574777603,0.0
0,69,sub-069_ses-01_task-szMonitoring_run-10,40.39780807495117,0.06033918261528015,0.0
0,69,sub-069_ses-01_task-szMonitoring_run-10,40.538421630859375,0.07285412400960922,0.0
0,69,sub-069_ses-01_task-szMonitoring_run-10,29.549232482910156,0.04878419637680054,0.0
0,69,sub-069_ses-01_task-szMonitoring_run-10,48.4686393737793,0.049253933131694794,0.0
0,69,sub-069_ses-01_task-szMonitoring_run-11,75.19507598876953,0.05251089483499527,0.0
0,69,sub-069_ses-01_task-szMonitoring_run-11,50.25212860107422,0.055391207337379456,0.0
0,69,sub-069_ses-01_task-szMonitoring_run-11,42.29201126098633,0.08760347217321396,0.0
0,69,sub-069_ses-01_task-szMonitoring_run-11,76.6506118774414,0.05016626417636871,0.0
0,69,sub-069_ses-01_task-szMonitoring_run-11,73.88933563232422,0.04883701354265213,0.0
0,69,sub-069_ses-01_task-szMonitoring_run-11,51.5509147644043,0.04843775928020477,0.0
0,69,sub-069_ses-01_task-szMonitoring_run-12,131.34902954101562,0.049070052802562714,0.0
0,69,sub-069_ses-01_task-szMonitoring_run-12,50.41383361816406,0.06362184137105942,0.0
0,69,sub-069_ses-01_task-szMonitoring_run-12,27.365285873413086,0.04661722481250763,0.0
0,69,sub-069_ses-01_task-szMonitoring_run-13,74.77655029296875,0.05310338735580444,0.0
0,69,sub-069_ses-01_task-szMonitoring_run-14,24.472156524658203,0.07691430300474167,0.0
0,69,sub-069_ses-01_task-szMonitoring_run-14,12.396283149719238,0.05118163675069809,0.0
0,69,sub-069_ses-01_task-szMonitoring_run-14,37.51701736450195,0.0760505273938179,0.0
0,69,sub-069_ses-01_task-szMonitoring_run-15,14.134734153747559,0.07513778656721115,0.0
0,69,sub-069_ses-01_task-szMonitoring_run-15,100.01960754394531,0.06816753000020981,0.0
0,69,sub-069_ses-01_task-szMonitoring_run-15,19.89434242248535,0.08076436817646027,0.0
0,69,sub-069_ses-01_task-szMonitoring_run-15,44.749549865722656,0.07399765402078629,0.0
0,69,sub-069_ses-01_task-szMonitoring_run-16,33.761295318603516,0.08610831201076508,0.0
0,69,sub-069_ses-01_task-szMonitoring_run-16,13.789546966552734,0.08362364768981934,0.0
0,69,sub-069_ses-01_task-szMonitoring_run-17,36.748939514160156,0.053965695202350616,0.0
0,69,sub-069_ses-01_task-szMonitoring_run-17,34.19002914428711,0.07780206203460693,0.0
0,69,sub-069_ses-01_task-szMonitoring_run-17,12.340010643005371,0.08657149225473404,0.0
0,69,sub-069_ses-01_task-szMonitoring_run-18,15.881418228149414,0.07589124888181686,0.0
0,69,sub-069_ses-01_task-szMonitoring_run-18,36.58564376831055,0.047365136444568634,0.0
0,69,sub-069_ses-01_task-szMonitoring_run-19,51.50397872924805,0.05414251983165741,0.0
0,69,sub-069_ses-01_task-szMonitoring_run-19,9.004768371582031,0.05854111164808273,0.0
0,69,sub-069_ses-01_task-szMonitoring_run-20,24.064231872558594,0.057870373129844666,0.0
0,69,sub-069_ses-01_task-szMonitoring_run-20,24.358108520507812,0.06902384012937546,0.0
0,69,sub-069_ses-01_task-szMonitoring_run-21,14.847332000732422,0.07713700830936432,0.0
0,69,sub-069_ses-01_task-szMonitoring_run-21,11.150676727294922,0.08321134746074677,0.0
0,69,sub-069_ses-01_task-szMonitoring_run-22,8.76382827758789,0.06560037285089493,0.0
0,69,sub-069_ses-01_task-szMonitoring_run-22,5.909008979797363,0.0684901550412178,0.0
0,69,sub-069_ses-01_task-szMonitoring_run-22,8.139837265014648,0.07548299431800842,0.0
0,69,sub-069_ses-01_task-szMonitoring_run-22,11.554184913635254,0.0958060622215271,0.0
0,69,sub-069_ses-01_task-szMonitoring_run-22,7.984550952911377,0.06252026930451393,0.0
0,69,sub-069_ses-01_task-szMonitoring_run-22,6.081267356872559,0.06940305978059769,0.0
0,69,sub-069_ses-01_task-szMonitoring_run-22,17.432327270507812,0.06550724059343338,0.0
0,69,sub-069_ses-01_task-szMonitoring_run-22,8.756359100341797,0.06937934085726738,0.0
0,69,sub-069_ses-01_task-szMonitoring_run-23,17.004308700561523,0.07078715413808823,0.0
0,69,sub-069_ses-01_task-szMonitoring_run-23,24.338376998901367,0.0744161605834961,0.0
0,69,sub-069_ses-01_task-szMonitoring_run-24,31.272275924682617,0.06715115159749985,0.0
0,69,sub-069_ses-01_task-szMonitoring_run-24,25.765369415283203,0.1217510774731636,0.0
0,69,sub-069_ses-01_task-szMonitoring_run-24,15.891700744628906,0.05535440891981125,0.0
0,69,sub-069_ses-01_task-szMonitoring_run-25,15.807906150817871,0.08153421059250832,0.0
0,69,sub-069_ses-01_task-szMonitoring_run-26,7.441920757293701,0.16741923242807388,0.0
0,69,sub-069_ses-01_task-szMonitoring_run-26,24.379640579223633,0.06082963943481445,0.0
0,69,sub-069_ses-01_task-szMonitoring_run-27,76.67118072509766,0.07676862925291061,0.0
0,69,sub-069_ses-01_task-szMonitoring_run-27,65.1374740600586,0.06243886798620224,0.0
0,69,sub-069_ses-01_task-szMonitoring_run-27,17.382457733154297,0.1021614819765091,0.0
0,69,sub-069_ses-01_task-szMonitoring_run-27,54.64242172241211,0.05614238232374191,0.0
0,69,sub-069_ses-01_task-szMonitoring_run-27,33.79359436035156,0.07356899976730347,0.0
0,69,sub-069_ses-01_task-szMonitoring_run-27,13.56296157836914,0.08863300830125809,0.0
0,69,sub-069_ses-01_task-szMonitoring_run-27,32.57207489013672,0.0805535838007927,0.0
0,69,sub-069_ses-01_task-szMonitoring_run-27,29.432363510131836,0.08046139031648636,0.0
0,69,sub-069_ses-01_task-szMonitoring_run-28,21.227081298828125,0.05712699890136719,0.0
0,69,sub-069_ses-01_task-szMonitoring_run-28,57.63226318359375,0.08310355991125107,0.0
0,69,sub-069_ses-01_task-szMonitoring_run-28,62.835060119628906,0.035599805414676666,0.0
0,69,sub-069_ses-01_task-szMonitoring_run-29,9.285250663757324,0.04523508995771408,0.0
0,69,sub-069_ses-01_task-szMonitoring_run-29,83.57115173339844,0.07947789877653122,0.0
0,69,sub-069_ses-01_task-szMonitoring_run-30,68.88685607910156,0.06649043411016464,0.0
0,69,sub-069_ses-01_task-szMonitoring_run-30,55.52290344238281,0.05992349237203598,0.0
0,69,sub-069_ses-01_task-szMonitoring_run-30,28.754972457885742,0.08885949105024338,0.0
0,69,sub-069_ses-01_task-szMonitoring_run-30,58.56142807006836,0.06133062392473221,0.0
0,69,sub-069_ses-01_task-szMonitoring_run-31,29.55108070373535,0.15490806102752686,0.0
0,69,sub-069_ses-01_task-szMonitoring_run-32,18.414644241333008,0.22661269828677177,0.0
0,69,sub-069_ses-01_task-szMonitoring_run-32,13.274191856384277,0.1991523765027523,0.0
0,69,sub-069_ses-01_task-szMonitoring_run-32,15.683130264282227,0.1853809356689453,0.0
0,69,sub-069_ses-01_task-szMonitoring_run-32,16.470291137695312,0.2377810925245285,0.0
0,69,sub-069_ses-01_task-szMonitoring_run-32,12.241194725036621,0.28818484768271446,0.0
1,69,sub-069_ses-01_task-szMonitoring_run-33,27.075654983520508,0.04886972904205322,0.0
1,69,sub-069_ses-01_task-szMonitoring_run-33,44.86729049682617,0.05171068757772446,0.0
1,69,sub-069_ses-01_task-szMonitoring_run-33,24.90156364440918,0.049882449209690094,0.0
1,69,sub-069_ses-01_task-szMonitoring_run-33,28.02794075012207,0.04759489744901657,0.0
1,69,sub-069_ses-01_task-szMonitoring_run-33,23.351064682006836,0.049738094210624695,0.0
1,69,sub-069_ses-01_task-szMonitoring_run-33,45.61800765991211,0.05121917277574539,0.0
1,69,sub-069_ses-01_task-szMonitoring_run-33,23.957801818847656,0.04906220734119415,0.0
1,69,sub-069_ses-01_task-szMonitoring_run-33,43.50326919555664,0.052790939807891846,0.0
0,69,sub-069_ses-01_task-szMonitoring_run-33,42.65742874145508,0.04805900156497955,0.0
0,69,sub-069_ses-01_task-szMonitoring_run-33,52.109580993652344,0.06335563957691193,0.0
0,69,sub-069_ses-01_task-szMonitoring_run-33,33.65576934814453,0.07169387489557266,0.0
0,69,sub-069_ses-01_task-szMonitoring_run-33,54.175636291503906,0.05794314295053482,0.0
0,69,sub-069_ses-01_task-szMonitoring_run-34,21.098285675048828,0.09108032286167145,0.0
0,69,sub-069_ses-01_task-szMonitoring_run-34,50.0373420715332,0.06222689151763916,0.0
0,69,sub-069_ses-01_task-szMonitoring_run-34,55.248050689697266,0.05578064173460007,0.0
0,69,sub-069_ses-01_task-szMonitoring_run-34,17.45150375366211,0.10501684993505478,0.0
0,69,sub-069_ses-01_task-szMonitoring_run-35,14.856361389160156,0.09001181274652481,0.0
0,69,sub-069_ses-01_task-szMonitoring_run-35,24.927753448486328,0.06502927094697952,0.0
0,69,sub-069_ses-01_task-szMonitoring_run-35,17.34026527404785,0.07384908944368362,0.0
0,69,sub-069_ses-01_task-szMonitoring_run-35,24.044816970825195,0.06824558228254318,0.0
0,69,sub-069_ses-01_task-szMonitoring_run-36,39.46830749511719,0.0761180967092514,0.0
0,69,sub-069_ses-01_task-szMonitoring_run-36,53.47492218017578,0.04471307247877121,0.0
0,69,sub-069_ses-01_task-szMonitoring_run-36,39.58998489379883,0.09743902832269669,0.0
0,70,sub-070_ses-01_task-szMonitoring_run-01,11.67162036895752,0.04919887334108353,0.0
0,70,sub-070_ses-01_task-szMonitoring_run-01,13.259174346923828,0.06165963411331177,0.0
0,70,sub-070_ses-01_task-szMonitoring_run-02,120.85902404785156,0.04708482325077057,0.0
0,70,sub-070_ses-01_task-szMonitoring_run-02,38.074378967285156,0.05510158836841583,0.0
0,70,sub-070_ses-01_task-szMonitoring_run-02,45.04204177856445,0.05624520033597946,0.0
0,70,sub-070_ses-01_task-szMonitoring_run-02,20.404430389404297,0.03308878093957901,0.0
0,70,sub-070_ses-01_task-szMonitoring_run-03,85.13386535644531,0.045215874910354614,0.0
0,70,sub-070_ses-01_task-szMonitoring_run-03,110.76948547363281,0.06596042215824127,0.0
0,70,sub-070_ses-01_task-szMonitoring_run-04,90.93541717529297,0.09096372872591019,0.0
0,70,sub-070_ses-01_task-szMonitoring_run-05,53.78909683227539,0.03923330456018448,0.0
0,70,sub-070_ses-01_task-szMonitoring_run-06,29.283472061157227,0.05425015836954117,0.0
0,70,sub-070_ses-01_task-szMonitoring_run-06,11.338224411010742,0.046253010630607605,0.0
0,70,sub-070_ses-01_task-szMonitoring_run-06,8.068699836730957,0.03833642601966858,0.0
0,70,sub-070_ses-01_task-szMonitoring_run-06,65.08627319335938,0.03525684028863907,0.0
0,70,sub-070_ses-01_task-szMonitoring_run-06,20.808076858520508,0.04127977788448334,0.0
0,70,sub-070_ses-01_task-szMonitoring_run-06,107.68669891357422,0.03527171164751053,0.0
0,70,sub-070_ses-01_task-szMonitoring_run-07,119.19293975830078,0.038916051387786865,0.0
0,70,sub-070_ses-01_task-szMonitoring_run-08,61.408443450927734,0.03390328586101532,0.0
0,70,sub-070_ses-01_task-szMonitoring_run-08,50.671974182128906,0.03809094429016113,0.0
0,70,sub-070_ses-01_task-szMonitoring_run-08,36.96434020996094,0.0809793621301651,0.0
0,70,sub-070_ses-01_task-szMonitoring_run-08,59.024314880371094,0.033657148480415344,0.0
0,70,sub-070_ses-01_task-szMonitoring_run-08,37.54369354248047,0.05681079626083374,0.0
0,70,sub-070_ses-01_task-szMonitoring_run-09,103.99739074707031,0.030859217047691345,0.0
0,70,sub-070_ses-01_task-szMonitoring_run-09,122.9981689453125,0.026399314403533936,0.0
0,70,sub-070_ses-01_task-szMonitoring_run-09,37.002967834472656,0.020956285297870636,0.0
0,70,sub-070_ses-01_task-szMonitoring_run-09,23.090316772460938,0.027245819568634033,0.0
0,70,sub-070_ses-01_task-szMonitoring_run-10,20.460330963134766,0.040547750890254974,0.0
0,70,sub-070_ses-01_task-szMonitoring_run-10,12.592419624328613,0.06481336057186127,0.0
0,70,sub-070_ses-01_task-szMonitoring_run-10,15.972153663635254,0.04423961043357849,0.0
0,70,sub-070_ses-01_task-szMonitoring_run-10,41.236324310302734,0.04793894290924072,0.0
0,70,sub-070_ses-01_task-szMonitoring_run-10,40.160465240478516,0.048845551908016205,0.0
0,70,sub-070_ses-01_task-szMonitoring_run-10,14.024252891540527,0.035554997622966766,0.0
0,70,sub-070_ses-01_task-szMonitoring_run-11,20.88384437561035,0.0573272705078125,0.0
0,70,sub-070_ses-01_task-szMonitoring_run-11,28.173898696899414,0.05500876158475876,0.0
0,70,sub-070_ses-01_task-szMonitoring_run-11,22.10303497314453,0.05917388200759888,0.0
0,70,sub-070_ses-01_task-szMonitoring_run-11,6.819855213165283,0.12051639705896378,0.0
0,70,sub-070_ses-01_task-szMonitoring_run-11,36.27068328857422,0.058676235377788544,0.0
1,70,sub-070_ses-01_task-szMonitoring_run-12,63.80022048950195,0.048290908336639404,0.0
1,70,sub-070_ses-01_task-szMonitoring_run-12,57.21635055541992,0.046949468553066254,0.0
1,70,sub-070_ses-01_task-szMonitoring_run-12,63.64165115356445,0.04852677136659622,0.0
1,70,sub-070_ses-01_task-szMonitoring_run-12,57.07178497314453,0.04697069525718689,0.0
1,70,sub-070_ses-01_task-szMonitoring_run-12,63.18741989135742,0.04808711260557175,0.0
0,70,sub-070_ses-01_task-szMonitoring_run-12,35.55986785888672,0.04423680901527405,0.0
0,70,sub-070_ses-01_task-szMonitoring_run-12,53.850425720214844,0.03959265351295471,0.0
0,70,sub-070_ses-01_task-szMonitoring_run-12,37.43581008911133,0.07066366821527481,0.0
0,70,sub-070_ses-01_task-szMonitoring_run-13,19.191869735717773,0.15024715662002563,0.0
0,70,sub-070_ses-01_task-szMonitoring_run-13,17.308517456054688,0.04963422566652298,0.0
0,70,sub-070_ses-01_task-szMonitoring_run-13,14.067794799804688,0.09660792350769043,0.0
0,70,sub-070_ses-01_task-szMonitoring_run-13,25.41289710998535,0.03943248093128204,0.0
0,70,sub-070_ses-01_task-szMonitoring_run-14,19.10134506225586,0.05734214186668396,0.0
0,70,sub-070_ses-01_task-szMonitoring_run-15,26.99515724182129,0.04459749907255173,0.0
0,70,sub-070_ses-01_task-szMonitoring_run-15,150.20147705078125,0.03706417977809906,0.0
0,70,sub-070_ses-01_task-szMonitoring_run-17,16.200929641723633,0.05692446231842041,0.0
0,70,sub-070_ses-01_task-szMonitoring_run-17,39.52781677246094,0.04645702242851257,0.0
0,70,sub-070_ses-01_task-szMonitoring_run-17,39.70565414428711,0.046114012598991394,0.0
0,70,sub-070_ses-01_task-szMonitoring_run-18,67.97025299072266,0.04495275765657425,0.0
0,70,sub-070_ses-01_task-szMonitoring_run-18,34.1092643737793,0.05701029300689697,0.0
0,70,sub-070_ses-01_task-szMonitoring_run-18,36.34883499145508,0.05517587065696716,0.0
0,70,sub-070_ses-01_task-szMonitoring_run-18,35.36752700805664,0.05905001610517502,0.0
0,70,sub-070_ses-01_task-szMonitoring_run-20,6.254847526550293,0.21748335286974907,0.0
0,70,sub-070_ses-01_task-szMonitoring_run-20,37.01953125,0.07582130283117294,0.0
0,70,sub-070_ses-01_task-szMonitoring_run-21,66.61995697021484,0.05056951195001602,0.0
0,70,sub-070_ses-01_task-szMonitoring_run-21,95.10662841796875,0.05541885644197464,0.0
0,70,sub-070_ses-01_task-szMonitoring_run-21,67.83026123046875,0.05033066123723984,0.0
0,70,sub-070_ses-01_task-szMonitoring_run-21,74.84014129638672,0.05598927289247513,0.0
0,70,sub-070_ses-01_task-szMonitoring_run-21,72.73753356933594,0.0590130090713501,0.0
0,70,sub-070_ses-01_task-szMonitoring_run-21,75.482177734375,0.05676409602165222,0.0
0,70,sub-070_ses-01_task-szMonitoring_run-21,75.56253051757812,0.05518826097249985,0.0
0,70,sub-070_ses-01_task-szMonitoring_run-21,65.50921630859375,0.050337471067905426,0.0
0,70,sub-070_ses-01_task-szMonitoring_run-21,53.9802131652832,0.0682573951780796,0.0
0,70,sub-070_ses-01_task-szMonitoring_run-21,64.02913665771484,0.052916765213012695,0.0
0,70,sub-070_ses-01_task-szMonitoring_run-21,73.51215362548828,0.057062409818172455,0.0
0,70,sub-070_ses-01_task-szMonitoring_run-22,74.13667297363281,0.07379762828350067,0.0
0,70,sub-070_ses-01_task-szMonitoring_run-22,23.245267868041992,0.10043173283338547,0.0
0,70,sub-070_ses-01_task-szMonitoring_run-22,24.095752716064453,0.09527840465307236,0.0
0,70,sub-070_ses-01_task-szMonitoring_run-22,37.31209182739258,0.075099416077137,0.0
0,70,sub-070_ses-01_task-szMonitoring_run-22,23.023906707763672,0.10328812897205353,0.0
0,70,sub-070_ses-01_task-szMonitoring_run-22,32.124210357666016,0.07918070256710052,0.0
0,70,sub-070_ses-01_task-szMonitoring_run-23,41.94264221191406,0.12560124695301056,0.0
0,70,sub-070_ses-01_task-szMonitoring_run-23,22.058305740356445,0.055316727608442307,0.0
0,70,sub-070_ses-01_task-szMonitoring_run-23,9.762203216552734,0.043603524565696716,0.0
0,70,sub-070_ses-01_task-szMonitoring_run-24,9.929804801940918,0.03048151358962059,0.0
0,70,sub-070_ses-01_task-szMonitoring_run-24,10.420144081115723,0.03241624962538481,0.0
0,70,sub-070_ses-01_task-szMonitoring_run-24,8.10304069519043,0.03198953811079264,0.0
0,70,sub-070_ses-01_task-szMonitoring_run-24,10.822335243225098,0.0316125126555562,0.0
0,70,sub-070_ses-01_task-szMonitoring_run-24,19.434913635253906,0.14185833930969238,0.0
0,70,sub-070_ses-01_task-szMonitoring_run-25,83.63883209228516,0.0583215169608593,0.0
0,70,sub-070_ses-01_task-szMonitoring_run-26,74.09477233886719,0.05447390675544739,0.0
0,70,sub-070_ses-01_task-szMonitoring_run-26,39.48367691040039,0.06311964243650436,0.0
0,70,sub-070_ses-01_task-szMonitoring_run-27,15.910696029663086,0.10740410163998604,0.0
0,71,sub-071_ses-01_task-szMonitoring_run-02,37.468482971191406,0.056024517863988876,0.0
0,71,sub-071_ses-01_task-szMonitoring_run-02,18.556215286254883,0.06717674806714058,0.0
0,71,sub-071_ses-01_task-szMonitoring_run-02,11.401152610778809,0.0636320561170578,0.0
0,71,sub-071_ses-01_task-szMonitoring_run-02,19.93986701965332,0.07115938141942024,0.0
0,71,sub-071_ses-01_task-szMonitoring_run-02,18.507671356201172,0.0687120072543621,0.0
0,71,sub-071_ses-01_task-szMonitoring_run-03,17.091384887695312,0.07698163017630577,0.0
0,71,sub-071_ses-01_task-szMonitoring_run-03,9.973590850830078,0.0831553004682064,0.0
0,71,sub-071_ses-01_task-szMonitoring_run-03,17.407623291015625,0.06579029560089111,0.0
0,71,sub-071_ses-01_task-szMonitoring_run-04,24.926361083984375,0.048042796552181244,0.0
0,71,sub-071_ses-01_task-szMonitoring_run-04,57.67253112792969,0.062325917184352875,0.0
0,71,sub-071_ses-01_task-szMonitoring_run-04,71.0108642578125,0.06600717455148697,0.0
1,71,sub-071_ses-01_task-szMonitoring_run-05,13.016068458557129,0.1437377631664276,0.0
1,71,sub-071_ses-01_task-szMonitoring_run-05,12.956942558288574,0.14056160673499107,0.0
1,71,sub-071_ses-01_task-szMonitoring_run-05,12.867243766784668,0.14255580306053162,0.0
1,71,sub-071_ses-01_task-szMonitoring_run-05,11.338166236877441,0.13657037168741226,0.0
1,71,sub-071_ses-01_task-szMonitoring_run-05,13.080224990844727,0.143761046230793,0.0
1,71,sub-071_ses-01_task-szMonitoring_run-05,12.865106582641602,0.1425606943666935,0.0
1,71,sub-071_ses-01_task-szMonitoring_run-05,11.02271556854248,0.137137271463871,0.0
1,71,sub-071_ses-01_task-szMonitoring_run-05,13.015318870544434,0.1437385380268097,0.0
1,71,sub-071_ses-01_task-szMonitoring_run-05,11.219834327697754,0.1367168053984642,0.0
0,71,sub-071_ses-01_task-szMonitoring_run-05,18.5517635345459,0.10234097763895988,0.0
0,71,sub-071_ses-01_task-szMonitoring_run-06,8.772592544555664,0.07730063796043396,0.0
0,71,sub-071_ses-01_task-szMonitoring_run-06,20.173585891723633,0.08888989314436913,0.0
0,71,sub-071_ses-01_task-szMonitoring_run-07,11.4778470993042,0.13054848462343216,0.0
0,71,sub-071_ses-01_task-szMonitoring_run-07,25.008712768554688,0.06747982650995255,0.0
0,71,sub-071_ses-01_task-szMonitoring_run-07,22.111555099487305,0.07742411643266678,0.0
0,71,sub-071_ses-01_task-szMonitoring_run-08,13.432205200195312,0.05830799788236618,0.0
0,71,sub-071_ses-01_task-szMonitoring_run-08,42.5185432434082,0.12326531112194061,0.0
0,71,sub-071_ses-01_task-szMonitoring_run-09,19.73508071899414,0.10791097208857536,0.0
0,71,sub-071_ses-01_task-szMonitoring_run-09,11.088441848754883,0.142283134162426,0.0
0,71,sub-071_ses-01_task-szMonitoring_run-09,22.85923957824707,0.10465313866734505,0.0
0,71,sub-071_ses-01_task-szMonitoring_run-09,20.17881202697754,0.10594859719276428,0.0
0,71,sub-071_ses-01_task-szMonitoring_run-09,22.26482391357422,0.1063389852643013,0.0
0,71,sub-071_ses-01_task-szMonitoring_run-09,23.46013069152832,0.1077236607670784,0.0
0,71,sub-071_ses-01_task-szMonitoring_run-11,15.189827919006348,0.09012396261096,0.0
0,71,sub-071_ses-01_task-szMonitoring_run-11,21.47986602783203,0.07507150992751122,0.0
1,71,sub-071_ses-01_task-szMonitoring_run-12,10.281668663024902,0.08044596761465073,0.0
1,71,sub-071_ses-01_task-szMonitoring_run-12,13.31430721282959,0.08061099424958229,0.0
1,71,sub-071_ses-01_task-szMonitoring_run-12,13.741098403930664,0.07356598973274231,0.0
1,71,sub-071_ses-01_task-szMonitoring_run-12,10.86794662475586,0.07677049562335014,0.0
1,71,sub-071_ses-01_task-szMonitoring_run-12,14.4069242477417,0.07395388185977936,0.0
1,71,sub-071_ses-01_task-szMonitoring_run-12,13.553217887878418,0.07822662591934204,0.0
1,71,sub-071_ses-01_task-szMonitoring_run-12,13.471406936645508,0.07863317430019379,0.0
1,71,sub-071_ses-01_task-szMonitoring_run-13,12.375378608703613,0.1370990201830864,0.0
1,71,sub-071_ses-01_task-szMonitoring_run-13,12.07734203338623,0.1298479624092579,0.0
1,71,sub-071_ses-01_task-szMonitoring_run-13,12.452903747558594,0.13547604531049728,0.0
1,71,sub-071_ses-01_task-szMonitoring_run-13,12.324211120605469,0.12583857774734497,0.0
0,71,sub-071_ses-01_task-szMonitoring_run-13,9.376988410949707,0.09125353768467903,0.0
0,71,sub-071_ses-01_task-szMonitoring_run-14,23.508928298950195,0.1413898579776287,0.0
0,71,sub-071_ses-01_task-szMonitoring_run-14,15.1564359664917,0.10500706359744072,0.0
0,71,sub-071_ses-01_task-szMonitoring_run-14,23.44790267944336,0.1523967906832695,0.0
0,71,sub-071_ses-01_task-szMonitoring_run-14,16.489694595336914,0.11862749606370926,0.0
0,71,sub-071_ses-01_task-szMonitoring_run-14,9.278538703918457,0.14318307302892208,0.0
0,71,sub-071_ses-01_task-szMonitoring_run-15,16.899065017700195,0.1410526428371668,0.0
0,71,sub-071_ses-01_task-szMonitoring_run-15,13.324396133422852,0.14125879667699337,0.0
0,71,sub-071_ses-01_task-szMonitoring_run-15,13.112455368041992,0.14096913486719131,0.0
0,71,sub-071_ses-01_task-szMonitoring_run-15,26.79884910583496,0.10719743371009827,0.0
0,71,sub-071_ses-01_task-szMonitoring_run-16,85.97506713867188,0.09526751935482025,0.0
1,71,sub-071_ses-01_task-szMonitoring_run-17,30.86497688293457,0.13265105336904526,0.0
1,71,sub-071_ses-01_task-szMonitoring_run-17,30.312637329101562,0.13320961594581604,0.0
1,71,sub-071_ses-01_task-szMonitoring_run-17,30.648746490478516,0.1352730207145214,0.0
1,71,sub-071_ses-01_task-szMonitoring_run-17,29.787914276123047,0.1353478953242302,0.0
1,71,sub-071_ses-01_task-szMonitoring_run-17,30.74376106262207,0.13771353289484978,0.0
0,71,sub-071_ses-01_task-szMonitoring_run-17,21.531721115112305,0.12389647588133812,0.0
0,71,sub-071_ses-01_task-szMonitoring_run-17,17.94380760192871,0.12002592533826828,0.0
0,71,sub-071_ses-01_task-szMonitoring_run-18,8.344682693481445,0.03635175060480833,0.0
0,71,sub-071_ses-01_task-szMonitoring_run-18,28.056230545043945,0.05295572802424431,0.0
0,71,sub-071_ses-01_task-szMonitoring_run-18,30.030284881591797,0.03945981524884701,0.0
0,71,sub-071_ses-01_task-szMonitoring_run-18,25.544172286987305,0.043055975809693336,0.0
0,71,sub-071_ses-01_task-szMonitoring_run-19,17.42281150817871,0.08546769805252552,0.0
0,71,sub-071_ses-01_task-szMonitoring_run-19,24.5081844329834,0.10457485914230347,0.0
0,71,sub-071_ses-01_task-szMonitoring_run-20,20.24003791809082,0.06972707062959671,0.0
0,71,sub-071_ses-01_task-szMonitoring_run-20,12.40997314453125,0.07430709712207317,0.0
0,71,sub-071_ses-01_task-szMonitoring_run-20,11.626593589782715,0.10295230150222778,0.0
0,71,sub-071_ses-01_task-szMonitoring_run-20,15.23737907409668,0.06860453821718693,0.0
0,71,sub-071_ses-01_task-szMonitoring_run-20,32.25559997558594,0.07452297024428844,0.0
0,71,sub-071_ses-01_task-szMonitoring_run-20,21.086009979248047,0.06972707062959671,0.0
0,71,sub-071_ses-01_task-szMonitoring_run-21,14.343505859375,0.07523110881447792,0.0
0,71,sub-071_ses-01_task-szMonitoring_run-21,20.793428421020508,0.09605873376131058,0.0
0,71,sub-071_ses-01_task-szMonitoring_run-21,17.729970932006836,0.09440554678440094,0.0
0,71,sub-071_ses-01_task-szMonitoring_run-21,19.377254486083984,0.0686428789049387,0.0
0,71,sub-071_ses-01_task-szMonitoring_run-21,23.228750228881836,0.06751259230077267,0.0
0,71,sub-071_ses-01_task-szMonitoring_run-22,17.098520278930664,0.14707430824637413,0.0
0,71,sub-071_ses-01_task-szMonitoring_run-22,11.580801963806152,0.10747643932700157,0.0
0,71,sub-071_ses-01_task-szMonitoring_run-22,14.441537857055664,0.14325705729424953,0.0
0,71,sub-071_ses-01_task-szMonitoring_run-22,11.813532829284668,0.09130965545773506,0.0
0,71,sub-071_ses-01_task-szMonitoring_run-23,16.796920776367188,0.07472724094986916,0.0
0,71,sub-071_ses-01_task-szMonitoring_run-23,13.512910842895508,0.09867789596319199,0.0
0,71,sub-071_ses-01_task-szMonitoring_run-24,11.681685447692871,0.10184919834136963,0.0
0,71,sub-071_ses-01_task-szMonitoring_run-24,12.040565490722656,0.10236196592450142,0.0
0,71,sub-071_ses-01_task-szMonitoring_run-24,29.744585037231445,0.054606666788458824,0.0
0,71,sub-071_ses-01_task-szMonitoring_run-25,15.526101112365723,0.10241791233420372,0.0
0,71,sub-071_ses-01_task-szMonitoring_run-25,22.653446197509766,0.06214115954935551,0.0
0,71,sub-071_ses-01_task-szMonitoring_run-25,32.171390533447266,0.1078994944691658,0.0
0,71,sub-071_ses-01_task-szMonitoring_run-25,29.668363571166992,0.11252355203032494,0.0
0,71,sub-071_ses-01_task-szMonitoring_run-25,46.27687454223633,0.07229077816009521,0.0
0,71,sub-071_ses-01_task-szMonitoring_run-25,36.890316009521484,0.061913516372442245,0.0
0,71,sub-071_ses-01_task-szMonitoring_run-26,44.482845306396484,0.11349408701062202,0.0
0,71,sub-071_ses-01_task-szMonitoring_run-26,19.908781051635742,0.1145851369947195,0.0
0,71,sub-071_ses-01_task-szMonitoring_run-26,34.33101272583008,0.10889420285820961,0.0
0,71,sub-071_ses-01_task-szMonitoring_run-26,20.44896697998047,0.06711260415613651,0.0
0,71,sub-071_ses-01_task-szMonitoring_run-26,26.81715965270996,0.04599105753004551,0.0
0,71,sub-071_ses-01_task-szMonitoring_run-26,38.530311584472656,0.05332288518548012,0.0
0,71,sub-071_ses-01_task-szMonitoring_run-26,31.613311767578125,0.06628281250596046,0.0
0,71,sub-071_ses-01_task-szMonitoring_run-27,14.21692943572998,0.11116905882954597,0.0
0,71,sub-071_ses-01_task-szMonitoring_run-27,14.212237358093262,0.1110618393868208,0.0
0,71,sub-071_ses-01_task-szMonitoring_run-28,11.660130500793457,0.10782317072153091,0.0
0,71,sub-071_ses-01_task-szMonitoring_run-28,17.685609817504883,0.14339083433151245,0.0
0,71,sub-071_ses-01_task-szMonitoring_run-28,18.1754207611084,0.09543805569410324,0.0
0,71,sub-071_ses-01_task-szMonitoring_run-28,51.60871505737305,0.07313839718699455,0.0
0,71,sub-071_ses-01_task-szMonitoring_run-28,21.0856876373291,0.10497581586241722,0.0
0,71,sub-071_ses-01_task-szMonitoring_run-28,33.8248291015625,0.09850367531180382,0.0
0,71,sub-071_ses-01_task-szMonitoring_run-29,31.802824020385742,0.07881060615181923,0.0
0,71,sub-071_ses-01_task-szMonitoring_run-29,19.88675308227539,0.11603120341897011,0.0
0,71,sub-071_ses-01_task-szMonitoring_run-29,23.85934829711914,0.11617431044578552,0.0
0,71,sub-071_ses-01_task-szMonitoring_run-30,12.886333465576172,0.06273776479065418,0.0
0,71,sub-071_ses-01_task-szMonitoring_run-31,17.392240524291992,0.09298290498554707,0.0
0,71,sub-071_ses-01_task-szMonitoring_run-32,23.388601303100586,0.08936049230396748,0.0
0,71,sub-071_ses-01_task-szMonitoring_run-33,27.456995010375977,0.0831591784954071,0.0
0,71,sub-071_ses-01_task-szMonitoring_run-34,19.228910446166992,0.14685776829719543,0.0
0,71,sub-071_ses-01_task-szMonitoring_run-34,19.779050827026367,0.11649637296795845,0.0
0,71,sub-071_ses-01_task-szMonitoring_run-34,47.38859176635742,0.0944107286632061,0.0
0,71,sub-071_ses-01_task-szMonitoring_run-34,20.138717651367188,0.12822632491588593,0.0
0,71,sub-071_ses-01_task-szMonitoring_run-34,34.6616325378418,0.08053289353847504,0.0
0,71,sub-071_ses-01_task-szMonitoring_run-35,31.133459091186523,0.07883863151073456,0.0
0,71,sub-071_ses-01_task-szMonitoring_run-35,18.648836135864258,0.11362957209348679,0.0
0,71,sub-071_ses-01_task-szMonitoring_run-35,31.261722564697266,0.08253602311015129,0.0
0,71,sub-071_ses-01_task-szMonitoring_run-35,18.931203842163086,0.06201872043311596,0.0
0,71,sub-071_ses-01_task-szMonitoring_run-35,36.885135650634766,0.08598969131708145,0.0
0,71,sub-071_ses-01_task-szMonitoring_run-36,31.050254821777344,0.08723570965230465,0.0
0,71,sub-071_ses-01_task-szMonitoring_run-36,48.97301483154297,0.1786399967968464,0.6425925925925926
0,71,sub-071_ses-01_task-szMonitoring_run-37,19.528125762939453,0.10373770818114281,0.0
0,71,sub-071_ses-01_task-szMonitoring_run-37,23.657934188842773,0.0968666523694992,0.0
0,71,sub-071_ses-01_task-szMonitoring_run-37,46.696590423583984,0.10926651582121849,0.0
0,71,sub-071_ses-01_task-szMonitoring_run-37,22.249032974243164,0.06354332529008389,0.0
0,71,sub-071_ses-01_task-szMonitoring_run-37,19.287002563476562,0.10940413922071457,0.0
0,71,sub-071_ses-01_task-szMonitoring_run-37,17.639650344848633,0.0858256034553051,0.0
0,71,sub-071_ses-01_task-szMonitoring_run-38,17.39263343811035,0.09732292592525482,0.0
0,71,sub-071_ses-01_task-szMonitoring_run-38,17.478296279907227,0.08782622590661049,0.0
0,71,sub-071_ses-01_task-szMonitoring_run-39,31.99344825744629,0.048406556248664856,0.0
0,71,sub-071_ses-01_task-szMonitoring_run-39,43.99612808227539,0.01457446999847889,0.0
0,72,sub-072_ses-01_task-szMonitoring_run-01,24.634410858154297,0.12651681154966354,0.0
0,72,sub-072_ses-01_task-szMonitoring_run-01,40.95325469970703,0.09706933796405792,0.0
0,72,sub-072_ses-01_task-szMonitoring_run-02,24.632787704467773,0.09251709282398224,0.0
0,72,sub-072_ses-01_task-szMonitoring_run-02,13.411421775817871,0.1179904043674469,0.0
0,72,sub-072_ses-01_task-szMonitoring_run-02,30.122140884399414,0.09153806418180466,0.0
0,72,sub-072_ses-01_task-szMonitoring_run-02,39.80772399902344,0.0928935632109642,0.0
0,72,sub-072_ses-01_task-szMonitoring_run-02,17.76163673400879,0.16999541223049164,0.0
0,72,sub-072_ses-01_task-szMonitoring_run-02,30.82713508605957,0.07791764289140701,0.0
0,72,sub-072_ses-01_task-szMonitoring_run-03,28.88290786743164,0.07631445676088333,0.0
0,72,sub-072_ses-01_task-szMonitoring_run-03,16.41683006286621,0.1443219780921936,0.0
0,72,sub-072_ses-01_task-szMonitoring_run-03,34.690311431884766,0.054498057812452316,0.0
0,72,sub-072_ses-01_task-szMonitoring_run-03,27.976402282714844,0.07606864720582962,0.0
0,72,sub-072_ses-01_task-szMonitoring_run-03,21.664072036743164,0.1201326847076416,0.0
0,72,sub-072_ses-01_task-szMonitoring_run-03,24.53898811340332,0.11366904899477959,0.0
0,72,sub-072_ses-01_task-szMonitoring_run-05,29.42923927307129,0.08087702095508575,0.0
0,72,sub-072_ses-01_task-szMonitoring_run-05,24.265897750854492,0.06083857826888561,0.0
0,72,sub-072_ses-01_task-szMonitoring_run-05,26.641618728637695,0.04809792619198561,0.0
0,72,sub-072_ses-01_task-szMonitoring_run-06,23.32852554321289,0.1548144593834877,0.0
0,72,sub-072_ses-01_task-szMonitoring_run-06,15.662601470947266,0.1035829558968544,0.0
0,72,sub-072_ses-01_task-szMonitoring_run-06,16.80978012084961,0.11089331656694412,0.0
0,72,sub-072_ses-01_task-szMonitoring_run-07,6.920080661773682,0.09870925173163414,0.0
0,72,sub-072_ses-01_task-szMonitoring_run-07,8.758272171020508,0.10128310322761536,0.0
0,72,sub-072_ses-01_task-szMonitoring_run-07,13.979578971862793,0.08366603776812553,0.0
0,72,sub-072_ses-01_task-szMonitoring_run-07,15.69440746307373,0.08199147880077362,0.0
0,72,sub-072_ses-01_task-szMonitoring_run-07,5.1627302169799805,0.10379227437078953,0.0
0,72,sub-072_ses-01_task-szMonitoring_run-07,15.478840827941895,0.1269979141652584,0.0
0,72,sub-072_ses-01_task-szMonitoring_run-08,44.515132904052734,0.08739078044891357,0.0
0,72,sub-072_ses-01_task-szMonitoring_run-08,23.44411849975586,0.12107160687446594,0.0
0,72,sub-072_ses-01_task-szMonitoring_run-10,16.151138305664062,0.16754834726452827,0.0
0,72,sub-072_ses-01_task-szMonitoring_run-10,28.744361877441406,0.1679062582552433,0.0
0,72,sub-072_ses-01_task-szMonitoring_run-10,13.092244148254395,0.12339320778846741,0.0
0,72,sub-072_ses-01_task-szMonitoring_run-10,8.223835945129395,0.20204035565257072,0.0
0,72,sub-072_ses-01_task-szMonitoring_run-11,6.000441551208496,0.18293548375368118,0.0
0,72,sub-072_ses-01_task-szMonitoring_run-11,5.396786212921143,0.1753411591053009,0.0
0,72,sub-072_ses-01_task-szMonitoring_run-11,8.758966445922852,0.20468764379620552,0.0
1,72,sub-072_ses-01_task-szMonitoring_run-12,39.62564468383789,0.07475106045603752,0.0
1,72,sub-072_ses-01_task-szMonitoring_run-12,42.727725982666016,0.0716140829026699,0.0
1,72,sub-072_ses-01_task-szMonitoring_run-12,46.03730392456055,0.06913358345627785,0.0
1,72,sub-072_ses-01_task-szMonitoring_run-12,33.580223083496094,0.0823519304394722,0.0
1,72,sub-072_ses-01_task-szMonitoring_run-16,19.058809280395508,0.22836559638381004,0.0
1,72,sub-072_ses-01_task-szMonitoring_run-16,16.595914840698242,0.23341278731822968,0.0
1,72,sub-072_ses-01_task-szMonitoring_run-16,5.889072418212891,0.1191539615392685,0.0
1,72,sub-072_ses-01_task-szMonitoring_run-16,5.667433261871338,0.12371984869241714,0.0
1,72,sub-072_ses-01_task-szMonitoring_run-16,5.820507049560547,0.14910688251256943,0.0
1,72,sub-072_ses-01_task-szMonitoring_run-16,5.616811752319336,0.12011868134140968,0.0
1,72,sub-072_ses-01_task-szMonitoring_run-16,18.31163787841797,0.2295556291937828,0.0
1,72,sub-072_ses-01_task-szMonitoring_run-16,19.618364334106445,0.19269156083464622,0.0
1,72,sub-072_ses-01_task-szMonitoring_run-16,5.961308002471924,0.11673421412706375,0.0
1,72,sub-072_ses-01_task-szMonitoring_run-16,18.963916778564453,0.2155710905790329,0.0
1,72,sub-072_ses-01_task-szMonitoring_run-17,10.520197868347168,0.10786831751465797,0.0
1,72,sub-072_ses-01_task-szMonitoring_run-17,9.84957504272461,0.11004143580794334,0.0
1,72,sub-072_ses-01_task-szMonitoring_run-17,12.401616096496582,0.09758810698986053,0.0
1,72,sub-072_ses-01_task-szMonitoring_run-17,13.189888954162598,0.09392658993601799,0.0
1,72,sub-072_ses-01_task-szMonitoring_run-17,13.046310424804688,0.09606096521019936,0.0
1,72,sub-072_ses-01_task-szMonitoring_run-17,13.219799995422363,0.09333422034978867,0.0
0,72,sub-072_ses-01_task-szMonitoring_run-17,11.54105281829834,0.09829194098711014,0.0
1,72,sub-072_ses-01_task-szMonitoring_run-18,11.166958808898926,0.05733697861433029,0.0
1,72,sub-072_ses-01_task-szMonitoring_run-18,17.450702667236328,0.04557732120156288,0.0
1,72,sub-072_ses-01_task-szMonitoring_run-18,15.633337020874023,0.05004173144698143,0.0
1,72,sub-072_ses-01_task-szMonitoring_run-18,19.829069137573242,0.043144289404153824,0.0
1,72,sub-072_ses-01_task-szMonitoring_run-18,11.153118133544922,0.0549752376973629,0.0
1,72,sub-072_ses-01_task-szMonitoring_run-18,10.997156143188477,0.07079477980732918,0.0
1,72,sub-072_ses-01_task-szMonitoring_run-18,18.032197952270508,0.04345460422337055,0.0
1,72,sub-072_ses-01_task-szMonitoring_run-18,12.654653549194336,0.05260676331818104,0.0
1,72,sub-072_ses-01_task-szMonitoring_run-18,11.091485023498535,0.06656228192150593,0.0
0,72,sub-072_ses-01_task-szMonitoring_run-20,7.32432222366333,0.13573533296585083,0.0
0,72,sub-072_ses-01_task-szMonitoring_run-20,6.747166633605957,0.14386101346462965,0.0
0,72,sub-072_ses-01_task-szMonitoring_run-20,6.546291351318359,0.1725582703948021,0.0
0,72,sub-072_ses-01_task-szMonitoring_run-20,6.857239246368408,0.1544521925970912,0.0
0,72,sub-072_ses-01_task-szMonitoring_run-20,12.324737548828125,0.1844269335269928,0.0
0,72,sub-072_ses-01_task-szMonitoring_run-21,17.410112380981445,0.12730032205581665,0.0
0,72,sub-072_ses-01_task-szMonitoring_run-21,9.649221420288086,0.1328633576631546,0.0
0,72,sub-072_ses-01_task-szMonitoring_run-21,8.423846244812012,0.09497322887182236,0.0
1,72,sub-072_ses-01_task-szMonitoring_run-22,9.108892440795898,0.19323914498090744,0.0
1,72,sub-072_ses-01_task-szMonitoring_run-22,9.269731521606445,0.1858707219362259,0.0
1,72,sub-072_ses-01_task-szMonitoring_run-22,8.919636726379395,0.19053146988153458,0.0
1,72,sub-072_ses-01_task-szMonitoring_run-22,9.14996337890625,0.1887631192803383,0.0
1,72,sub-072_ses-01_task-szMonitoring_run-22,9.181130409240723,0.1899634152650833,0.0
1,72,sub-072_ses-01_task-szMonitoring_run-22,9.019087791442871,0.18694406747817993,0.0
1,72,sub-072_ses-01_task-szMonitoring_run-22,9.654790878295898,0.1782873496413231,0.0
0,72,sub-072_ses-01_task-szMonitoring_run-22,9.321596145629883,0.1962871178984642,0.0
0,72,sub-072_ses-01_task-szMonitoring_run-23,40.59418487548828,0.045740969479084015,0.0
0,72,sub-072_ses-01_task-szMonitoring_run-23,30.368179321289062,0.053276801481842995,0.0
0,72,sub-072_ses-01_task-szMonitoring_run-24,13.168920516967773,0.10507193207740784,0.0
0,72,sub-072_ses-01_task-szMonitoring_run-25,12.023253440856934,0.2265157289803028,0.0
0,72,sub-072_ses-01_task-szMonitoring_run-25,14.14038372039795,0.21928564459085464,0.0
0,72,sub-072_ses-01_task-szMonitoring_run-26,24.980039596557617,0.06680084392428398,0.0
0,72,sub-072_ses-01_task-szMonitoring_run-26,10.022896766662598,0.1916816122829914,0.0
0,72,sub-072_ses-01_task-szMonitoring_run-26,5.134017467498779,0.052993372082710266,0.0
0,72,sub-072_ses-01_task-szMonitoring_run-26,13.201821327209473,0.07063034921884537,0.0
0,72,sub-072_ses-01_task-szMonitoring_run-26,10.437726974487305,0.04733749479055405,0.0
0,72,sub-072_ses-01_task-szMonitoring_run-26,8.504721641540527,0.05752739682793617,0.0
0,72,sub-072_ses-01_task-szMonitoring_run-27,17.98485565185547,0.1184503361582756,0.0
0,72,sub-072_ses-01_task-szMonitoring_run-27,13.769335746765137,0.1937247570604086,0.0
0,72,sub-072_ses-01_task-szMonitoring_run-28,6.430292129516602,0.18036626279354095,0.0
0,73,sub-073_ses-01_task-szMonitoring_run-01,11.232071876525879,0.13049892336130142,0.0
0,73,sub-073_ses-01_task-szMonitoring_run-01,12.654396057128906,0.12070659548044205,0.0
0,73,sub-073_ses-01_task-szMonitoring_run-02,19.2395076751709,0.14261285960674286,0.0
0,73,sub-073_ses-01_task-szMonitoring_run-02,13.04698371887207,0.14897332340478897,0.0
0,73,sub-073_ses-01_task-szMonitoring_run-02,12.248682975769043,0.17519625276327133,0.0
0,73,sub-073_ses-01_task-szMonitoring_run-03,36.91689682006836,0.10636339336633682,0.0
0,73,sub-073_ses-01_task-szMonitoring_run-03,29.214679718017578,0.0623244047164917,0.0
0,73,sub-073_ses-01_task-szMonitoring_run-04,41241720.0,0.0,0.7648148148148148
0,73,sub-073_ses-01_task-szMonitoring_run-05,20.293865203857422,0.11138220876455307,0.0
0,73,sub-073_ses-01_task-szMonitoring_run-06,19.770662307739258,0.15839442610740662,0.0
0,73,sub-073_ses-01_task-szMonitoring_run-06,22.222444534301758,0.15259134024381638,0.0
0,73,sub-073_ses-01_task-szMonitoring_run-06,23.661643981933594,0.11297301203012466,0.0
0,73,sub-073_ses-01_task-szMonitoring_run-08,8.64514446258545,0.16442473232746124,0.0
0,73,sub-073_ses-01_task-szMonitoring_run-08,8.726036071777344,0.1595141962170601,0.0
0,73,sub-073_ses-01_task-szMonitoring_run-09,31.778011322021484,0.10644098371267319,0.0
0,73,sub-073_ses-01_task-szMonitoring_run-09,34.430294036865234,0.07744136080145836,0.0
0,73,sub-073_ses-01_task-szMonitoring_run-09,29.441823959350586,0.025596238672733307,0.0
0,73,sub-073_ses-01_task-szMonitoring_run-10,28.062341690063477,0.14731860905885696,0.0
0,73,sub-073_ses-01_task-szMonitoring_run-10,21.37726402282715,0.10391765832901001,0.0
0,73,sub-073_ses-01_task-szMonitoring_run-10,10.022019386291504,0.14112760871648788,0.0
0,73,sub-073_ses-01_task-szMonitoring_run-10,17.022605895996094,0.13166184723377228,0.0
0,73,sub-073_ses-01_task-szMonitoring_run-10,31.566150665283203,0.14176862686872482,0.0
0,73,sub-073_ses-01_task-szMonitoring_run-10,7.390766620635986,0.146553635597229,0.0
0,73,sub-073_ses-01_task-szMonitoring_run-10,19.926054000854492,0.13120341300964355,0.0
0,73,sub-073_ses-01_task-szMonitoring_run-10,17.428394317626953,0.13068751990795135,0.0
0,73,sub-073_ses-01_task-szMonitoring_run-10,32.27314758300781,0.1434820592403412,0.0
0,73,sub-073_ses-01_task-szMonitoring_run-12,33.40007019042969,0.1151169016957283,0.0
0,73,sub-073_ses-01_task-szMonitoring_run-12,19.858800888061523,0.1439579799771309,0.0
0,73,sub-073_ses-01_task-szMonitoring_run-13,10.325607299804688,0.14434225857257843,0.0
0,73,sub-073_ses-01_task-szMonitoring_run-13,6.225122451782227,0.16266551241278648,0.0
0,73,sub-073_ses-01_task-szMonitoring_run-13,16.628021240234375,0.17867431789636612,0.0
0,73,sub-073_ses-01_task-szMonitoring_run-13,10.510048866271973,0.13968078792095184,0.0
0,73,sub-073_ses-01_task-szMonitoring_run-13,31.2380428314209,0.09699204564094543,0.0
0,73,sub-073_ses-01_task-szMonitoring_run-13,11.108625411987305,0.18663115426898003,0.0
0,73,sub-073_ses-01_task-szMonitoring_run-14,30.51123809814453,0.03780225291848183,0.0
0,73,sub-073_ses-01_task-szMonitoring_run-14,32.86507797241211,0.04220718517899513,0.0
0,73,sub-073_ses-01_task-szMonitoring_run-15,18.892358779907227,0.21680429577827454,0.0
0,73,sub-073_ses-01_task-szMonitoring_run-15,13.436792373657227,0.047966863960027695,0.0
0,73,sub-073_ses-01_task-szMonitoring_run-15,18.577489852905273,0.20286345481872559,0.0
0,73,sub-073_ses-01_task-szMonitoring_run-18,11.351090431213379,0.2081068567931652,0.0
0,73,sub-073_ses-01_task-szMonitoring_run-18,7.476118087768555,0.2480906955897808,0.0
0,73,sub-073_ses-01_task-szMonitoring_run-19,21.167028427124023,0.17832739651203156,0.0
0,73,sub-073_ses-01_task-szMonitoring_run-19,23.083587646484375,0.1770942583680153,0.0
0,73,sub-073_ses-01_task-szMonitoring_run-19,16.832056045532227,0.24577470496296883,0.0
0,73,sub-073_ses-01_task-szMonitoring_run-19,18.520170211791992,0.06808138638734818,0.0
0,73,sub-073_ses-01_task-szMonitoring_run-21,25.46152687072754,0.17334133386611938,0.0
0,73,sub-073_ses-01_task-szMonitoring_run-21,19.733747482299805,0.17862965166568756,0.0
0,73,sub-073_ses-01_task-szMonitoring_run-23,43.88822937011719,0.14508463442325592,0.0
0,73,sub-073_ses-01_task-szMonitoring_run-23,52.537025451660156,0.14835035800933838,0.0
0,73,sub-073_ses-01_task-szMonitoring_run-23,17.956623077392578,0.1338348314166069,0.0
0,73,sub-073_ses-01_task-szMonitoring_run-23,46.059288024902344,0.15506578981876373,0.0
0,73,sub-073_ses-01_task-szMonitoring_run-23,88.88605499267578,0.1791868656873703,0.0
0,73,sub-073_ses-01_task-szMonitoring_run-23,34.47190856933594,0.11684233695268631,0.0
1,73,sub-073_ses-01_task-szMonitoring_run-24,34.956241607666016,0.16667374223470688,0.0
1,73,sub-073_ses-01_task-szMonitoring_run-24,33.82345199584961,0.17061705514788628,0.0
1,73,sub-073_ses-01_task-szMonitoring_run-24,31.7087345123291,0.1714460290968418,0.0
1,73,sub-073_ses-01_task-szMonitoring_run-24,39.583152770996094,0.15203408896923065,0.0
1,73,sub-073_ses-01_task-szMonitoring_run-24,43.16656494140625,0.12928861379623413,0.0
0,73,sub-073_ses-01_task-szMonitoring_run-24,45.068511962890625,0.12541890144348145,0.0
0,73,sub-073_ses-01_task-szMonitoring_run-24,25.39240837097168,0.12895481288433075,0.0
0,73,sub-073_ses-01_task-szMonitoring_run-25,8.603200912475586,0.16565747559070587,0.0
0,73,sub-073_ses-01_task-szMonitoring_run-25,26.722782135009766,0.15170998871326447,0.0
1,73,sub-073_ses-01_task-szMonitoring_run-27,35.180973052978516,0.10893192142248154,0.0
1,73,sub-073_ses-01_task-szMonitoring_run-27,29.642337799072266,0.10698480159044266,0.0
1,73,sub-073_ses-01_task-szMonitoring_run-27,28.779582977294922,0.10936994850635529,0.0
1,73,sub-073_ses-01_task-szMonitoring_run-27,30.80965232849121,0.10555659979581833,0.0
1,73,sub-073_ses-01_task-szMonitoring_run-27,31.012550354003906,0.10553919523954391,0.0
1,73,sub-073_ses-01_task-szMonitoring_run-27,35.34574890136719,0.10875992476940155,0.0
1,73,sub-073_ses-01_task-szMonitoring_run-27,30.406076431274414,0.10605479776859283,0.0
1,73,sub-073_ses-01_task-szMonitoring_run-27,35.74617385864258,0.10716556757688522,0.0
0,73,sub-073_ses-01_task-szMonitoring_run-27,67.02790069580078,0.12060170620679855,0.0
0,73,sub-073_ses-01_task-szMonitoring_run-27,21.21695899963379,0.1544431522488594,0.0
0,73,sub-073_ses-01_task-szMonitoring_run-27,68.3072509765625,0.10361360013484955,0.0
0,73,sub-073_ses-01_task-szMonitoring_run-27,16.75258445739746,0.14213678240776062,0.0
0,73,sub-073_ses-01_task-szMonitoring_run-27,16.348846435546875,0.1654459871351719,0.0
0,73,sub-073_ses-01_task-szMonitoring_run-27,17.805940628051758,0.14193755388259888,0.0
0,73,sub-073_ses-01_task-szMonitoring_run-27,17.378822326660156,0.13334237784147263,0.0
0,73,sub-073_ses-01_task-szMonitoring_run-27,14.880571365356445,0.09513082355260849,0.0
0,73,sub-073_ses-01_task-szMonitoring_run-27,61.48035430908203,0.11353779584169388,0.0
0,73,sub-073_ses-01_task-szMonitoring_run-27,26.04326057434082,0.15668228268623352,0.0
0,73,sub-073_ses-01_task-szMonitoring_run-30,19.091083526611328,0.07945024222135544,0.0
0,73,sub-073_ses-01_task-szMonitoring_run-30,24.466707229614258,0.08804725855588913,0.0
0,73,sub-073_ses-01_task-szMonitoring_run-30,21.655986785888672,0.09055236726999283,0.0
0,73,sub-073_ses-01_task-szMonitoring_run-30,11.32519245147705,0.10345162451267242,0.0
1,73,sub-073_ses-01_task-szMonitoring_run-31,30.515335083007812,0.11072220653295517,0.0
1,73,sub-073_ses-01_task-szMonitoring_run-31,30.88502311706543,0.10821443796157837,0.0
1,73,sub-073_ses-01_task-szMonitoring_run-31,28.597261428833008,0.1425069496035576,0.0
1,73,sub-073_ses-01_task-szMonitoring_run-31,31.695011138916016,0.10791803151369095,0.0
1,73,sub-073_ses-01_task-szMonitoring_run-31,29.509220123291016,0.11129767447710037,0.0
1,73,sub-073_ses-01_task-szMonitoring_run-31,28.983200073242188,0.105425626039505,0.0
1,73,sub-073_ses-01_task-szMonitoring_run-31,29.86542320251465,0.10188193619251251,0.0
1,73,sub-073_ses-01_task-szMonitoring_run-31,25.245943069458008,0.1500958874821663,0.0
1,73,sub-073_ses-01_task-szMonitoring_run-31,31.144155502319336,0.14296159148216248,0.0
1,73,sub-073_ses-01_task-szMonitoring_run-31,31.969572067260742,0.09601395577192307,0.0
1,73,sub-073_ses-01_task-szMonitoring_run-31,25.43324851989746,0.14502417296171188,0.0
1,73,sub-073_ses-01_task-szMonitoring_run-31,31.144142150878906,0.14087828248739243,0.0
1,73,sub-073_ses-01_task-szMonitoring_run-32,28.1663818359375,0.0639677420258522,0.0
1,73,sub-073_ses-01_task-szMonitoring_run-32,26.463825225830078,0.06234456226229668,0.0
1,73,sub-073_ses-01_task-szMonitoring_run-32,27.43317985534668,0.06436916068196297,0.0
1,73,sub-073_ses-01_task-szMonitoring_run-32,25.99091148376465,0.06293176114559174,0.0
1,73,sub-073_ses-01_task-szMonitoring_run-32,27.655780792236328,0.06544925644993782,0.0
1,73,sub-073_ses-01_task-szMonitoring_run-32,27.052745819091797,0.06323904544115067,0.0
1,73,sub-073_ses-01_task-szMonitoring_run-34,20.773889541625977,0.2508370131254196,0.0
1,73,sub-073_ses-01_task-szMonitoring_run-34,19.50554656982422,0.2489578202366829,0.0
1,73,sub-073_ses-01_task-szMonitoring_run-34,17.203371047973633,0.22544904798269272,0.0
1,73,sub-073_ses-01_task-szMonitoring_run-34,20.1269474029541,0.2494548037648201,0.0
0,73,sub-073_ses-01_task-szMonitoring_run-34,8.84848690032959,0.1427156999707222,0.0
0,73,sub-073_ses-01_task-szMonitoring_run-34,23.693885803222656,0.1693839281797409,0.0
1,73,sub-073_ses-01_task-szMonitoring_run-35,18.994693756103516,0.09878814965486526,0.0
1,73,sub-073_ses-01_task-szMonitoring_run-35,20.959379196166992,0.08979204297065735,0.0
1,73,sub-073_ses-01_task-szMonitoring_run-35,19.562028884887695,0.09336718171834946,0.0
1,73,sub-073_ses-01_task-szMonitoring_run-35,19.715425491333008,0.09062954038381577,0.0
1,73,sub-073_ses-01_task-szMonitoring_run-35,21.65488624572754,0.10172084718942642,0.0
1,73,sub-073_ses-01_task-szMonitoring_run-35,19.440942764282227,0.09328087419271469,0.0
0,73,sub-073_ses-01_task-szMonitoring_run-35,7.69749641418457,0.07696812599897385,0.0
0,73,sub-073_ses-01_task-szMonitoring_run-35,15.067946434020996,0.09858432412147522,0.0
0,73,sub-073_ses-01_task-szMonitoring_run-35,16.416627883911133,0.09575991332530975,0.0
1,73,sub-073_ses-01_task-szMonitoring_run-36,108.39087677001953,0.1771128848195076,0.0
1,73,sub-073_ses-01_task-szMonitoring_run-36,106.67797088623047,0.18083824217319489,0.0
1,73,sub-073_ses-01_task-szMonitoring_run-36,115.44568634033203,0.1594935804605484,0.0
1,73,sub-073_ses-01_task-szMonitoring_run-36,106.83466339111328,0.17965029180049896,0.0
1,73,sub-073_ses-01_task-szMonitoring_run-36,115.04957580566406,0.16379724442958832,0.0
1,73,sub-073_ses-01_task-szMonitoring_run-36,106.51336669921875,0.18011488020420074,0.0
1,73,sub-073_ses-01_task-szMonitoring_run-36,115.05619812011719,0.1622074842453003,0.0
1,73,sub-073_ses-01_task-szMonitoring_run-36,113.23407745361328,0.16379724442958832,0.0
0,73,sub-073_ses-01_task-szMonitoring_run-42,21.343503952026367,0.043342508375644684,0.0
1,73,sub-073_ses-01_task-szMonitoring_run-45,23.981826782226562,0.1513855680823326,0.0
1,73,sub-073_ses-01_task-szMonitoring_run-45,22.419734954833984,0.1553439423441887,0.0
1,73,sub-073_ses-01_task-szMonitoring_run-45,24.302398681640625,0.15326650440692902,0.0
1,73,sub-073_ses-01_task-szMonitoring_run-45,22.790803909301758,0.14934464544057846,0.0
1,73,sub-073_ses-01_task-szMonitoring_run-45,24.595260620117188,0.1449061632156372,0.0
1,73,sub-073_ses-01_task-szMonitoring_run-45,23.42715835571289,0.14816080033779144,0.0
1,73,sub-073_ses-01_task-szMonitoring_run-45,23.628562927246094,0.15313393622636795,0.0
1,73,sub-073_ses-01_task-szMonitoring_run-45,24.621570587158203,0.14396557211875916,0.0
1,73,sub-073_ses-01_task-szMonitoring_run-46,19.809280395507812,0.20974789187312126,0.0
1,73,sub-073_ses-01_task-szMonitoring_run-46,19.780731201171875,0.20444607734680176,0.0
1,73,sub-073_ses-01_task-szMonitoring_run-46,20.2033748626709,0.2094690091907978,0.0
1,73,sub-073_ses-01_task-szMonitoring_run-46,19.224355697631836,0.20745239779353142,0.0
0,73,sub-073_ses-01_task-szMonitoring_run-46,11.083465576171875,0.14063241705298424,0.0
0,73,sub-073_ses-01_task-szMonitoring_run-46,35.028507232666016,0.2007952556014061,0.0
0,73,sub-073_ses-01_task-szMonitoring_run-46,10.505575180053711,0.229072954505682,0.0
0,73,sub-073_ses-01_task-szMonitoring_run-46,10.450308799743652,0.23731772974133492,0.0
1,73,sub-073_ses-01_task-szMonitoring_run-47,22.126317977905273,0.11679963022470474,0.0
1,73,sub-073_ses-01_task-szMonitoring_run-47,19.861841201782227,0.12028184905648232,0.0
1,73,sub-073_ses-01_task-szMonitoring_run-47,19.488636016845703,0.12533454596996307,0.0
1,73,sub-073_ses-01_task-szMonitoring_run-47,23.082901000976562,0.11597517505288124,0.0
1,73,sub-073_ses-01_task-szMonitoring_run-47,19.172840118408203,0.12963490560650826,0.0
1,73,sub-073_ses-01_task-szMonitoring_run-47,23.11554527282715,0.11726858839392662,0.0
1,73,sub-073_ses-01_task-szMonitoring_run-47,19.370471954345703,0.1281915307044983,0.0
1,73,sub-073_ses-01_task-szMonitoring_run-47,23.709199905395508,0.115698903799057,0.0
1,73,sub-073_ses-01_task-szMonitoring_run-47,19.14284324645996,0.1298988051712513,0.0
0,73,sub-073_ses-01_task-szMonitoring_run-47,22.0452880859375,0.12124156951904297,0.0
1,73,sub-073_ses-01_task-szMonitoring_run-48,24.806901931762695,0.08894790709018707,0.0
1,73,sub-073_ses-01_task-szMonitoring_run-48,24.565418243408203,0.08421983942389488,0.0
1,73,sub-073_ses-01_task-szMonitoring_run-48,24.301109313964844,0.08630746975541115,0.0
1,73,sub-073_ses-01_task-szMonitoring_run-48,24.634389877319336,0.08842029422521591,0.0
1,73,sub-073_ses-01_task-szMonitoring_run-48,24.28620719909668,0.08792885765433311,0.0
1,73,sub-073_ses-01_task-szMonitoring_run-48,24.5946102142334,0.08933402970433235,0.0
1,73,sub-073_ses-01_task-szMonitoring_run-48,23.593021392822266,0.08690617233514786,0.0
0,73,sub-073_ses-01_task-szMonitoring_run-48,24.129709243774414,0.08033408969640732,0.0
0,73,sub-073_ses-01_task-szMonitoring_run-49,82.5129165649414,0.17867397516965866,0.0
0,73,sub-073_ses-01_task-szMonitoring_run-49,82.1393814086914,0.1685023084282875,0.0
0,73,sub-073_ses-01_task-szMonitoring_run-49,48.80549240112305,0.11065436899662018,0.0
0,73,sub-073_ses-01_task-szMonitoring_run-49,27.7230167388916,0.10222677886486053,0.0
1,73,sub-073_ses-01_task-szMonitoring_run-50,16.07563591003418,0.18699605017900467,0.0
1,73,sub-073_ses-01_task-szMonitoring_run-50,13.399299621582031,0.24981216341257095,0.0
1,73,sub-073_ses-01_task-szMonitoring_run-50,16.39441680908203,0.17492395639419556,0.0
1,73,sub-073_ses-01_task-szMonitoring_run-50,13.14499568939209,0.2487066686153412,0.0
1,73,sub-073_ses-01_task-szMonitoring_run-50,12.251989364624023,0.26275990158319473,0.0
1,73,sub-073_ses-01_task-szMonitoring_run-50,16.157508850097656,0.18247941881418228,0.0
1,73,sub-073_ses-01_task-szMonitoring_run-50,15.117971420288086,0.23394544422626495,0.0
1,73,sub-073_ses-01_task-szMonitoring_run-52,24.29895782470703,0.04732159897685051,0.0
1,73,sub-073_ses-01_task-szMonitoring_run-52,29.534189224243164,0.04761567339301109,0.0
1,73,sub-073_ses-01_task-szMonitoring_run-52,26.468507766723633,0.04306326061487198,0.0
1,73,sub-073_ses-01_task-szMonitoring_run-52,25.408361434936523,0.04328157380223274,0.0
1,73,sub-073_ses-01_task-szMonitoring_run-52,26.61333465576172,0.042379818856716156,0.0
1,73,sub-073_ses-01_task-szMonitoring_run-52,25.559375762939453,0.04397011548280716,0.0
0,73,sub-073_ses-01_task-szMonitoring_run-52,18.24787139892578,0.26731060817837715,0.0
1,73,sub-073_ses-01_task-szMonitoring_run-54,22.4060001373291,0.15504980087280273,0.0
1,73,sub-073_ses-01_task-szMonitoring_run-54,20.96688461303711,0.15392057597637177,0.0
1,73,sub-073_ses-01_task-szMonitoring_run-54,20.879047393798828,0.15129436552524567,0.0
1,73,sub-073_ses-01_task-szMonitoring_run-54,21.141071319580078,0.1529039368033409,0.0
1,73,sub-073_ses-01_task-szMonitoring_run-54,21.590866088867188,0.14977922290563583,0.0
0,73,sub-073_ses-01_task-szMonitoring_run-54,26.204675674438477,0.09413719177246094,0.0
0,73,sub-073_ses-01_task-szMonitoring_run-54,23.512645721435547,0.09795444458723068,0.0
0,73,sub-073_ses-01_task-szMonitoring_run-55,30.096294403076172,0.12004952877759933,0.0
0,73,sub-073_ses-01_task-szMonitoring_run-56,10.425622940063477,0.07323011383414268,0.0
0,73,sub-073_ses-01_task-szMonitoring_run-56,28.79766082763672,0.09910596907138824,0.0
0,73,sub-073_ses-01_task-szMonitoring_run-57,16.89944076538086,0.31279101967811584,0.0
0,73,sub-073_ses-01_task-szMonitoring_run-57,26.473859786987305,0.07006610557436943,0.0
0,73,sub-073_ses-01_task-szMonitoring_run-57,24.512617111206055,0.19124126434326172,0.0
0,73,sub-073_ses-01_task-szMonitoring_run-57,17.83551597595215,0.3056885749101639,0.0
0,73,sub-073_ses-01_task-szMonitoring_run-58,176.93138122558594,0.06589026749134064,0.0
0,73,sub-073_ses-01_task-szMonitoring_run-58,15.184794425964355,0.18468356132507324,0.0
0,73,sub-073_ses-01_task-szMonitoring_run-58,21.87822723388672,0.10911411792039871,0.0
0,73,sub-073_ses-01_task-szMonitoring_run-59,31.18505859375,0.14458683878183365,0.0
0,73,sub-073_ses-01_task-szMonitoring_run-59,17.176025390625,0.08603407070040703,0.0
0,73,sub-073_ses-01_task-szMonitoring_run-59,17.584348678588867,0.08289626985788345,0.0
0,73,sub-073_ses-01_task-szMonitoring_run-59,89.9427490234375,0.12256713211536407,0.0
0,73,sub-073_ses-01_task-szMonitoring_run-59,19.036727905273438,0.0948193222284317,0.0
0,73,sub-073_ses-01_task-szMonitoring_run-59,277.764404296875,0.05734708905220032,0.0
0,73,sub-073_ses-01_task-szMonitoring_run-59,89.8617172241211,0.1331864893436432,0.0
0,73,sub-073_ses-01_task-szMonitoring_run-61,6.960620880126953,0.18590633757412434,0.0
0,73,sub-073_ses-01_task-szMonitoring_run-61,20.280014038085938,0.15979429334402084,0.0
0,73,sub-073_ses-01_task-szMonitoring_run-61,48.77466583251953,0.0770956240594387,0.0
0,73,sub-073_ses-01_task-szMonitoring_run-61,62.079044342041016,0.09098081290721893,0.0
0,73,sub-073_ses-01_task-szMonitoring_run-61,71.11373138427734,0.06248369440436363,0.0
0,73,sub-073_ses-01_task-szMonitoring_run-61,6.955183506011963,0.19122563675045967,0.0
0,73,sub-073_ses-01_task-szMonitoring_run-61,34.029205322265625,0.11574675142765045,0.0
0,73,sub-073_ses-01_task-szMonitoring_run-61,9.238065719604492,0.07139074802398682,0.0
0,73,sub-073_ses-01_task-szMonitoring_run-62,22.648691177368164,0.05718117579817772,0.0
0,73,sub-073_ses-01_task-szMonitoring_run-62,56.538326263427734,0.058772314339876175,0.0
1,74,sub-074_ses-01_task-szMonitoring_run-02,36.60578155517578,0.12365879118442535,0.0
1,74,sub-074_ses-01_task-szMonitoring_run-02,36.576759338378906,0.1226026713848114,0.0
1,74,sub-074_ses-01_task-szMonitoring_run-02,31.89983558654785,0.13802844285964966,0.0
1,74,sub-074_ses-01_task-szMonitoring_run-02,35.99385452270508,0.12515121698379517,0.0
1,74,sub-074_ses-01_task-szMonitoring_run-02,34.47095489501953,0.13154445588588715,0.0
1,74,sub-074_ses-01_task-szMonitoring_run-02,30.717775344848633,0.14102813601493835,0.0
0,74,sub-074_ses-01_task-szMonitoring_run-02,24.611270904541016,0.16066833212971687,0.0
0,74,sub-074_ses-01_task-szMonitoring_run-02,49.61738967895508,0.07222930341959,0.0
0,74,sub-074_ses-01_task-szMonitoring_run-02,14.922569274902344,0.23462587594985962,0.0
0,74,sub-074_ses-01_task-szMonitoring_run-02,56.294857025146484,0.06525249034166336,0.0
0,74,sub-074_ses-01_task-szMonitoring_run-03,49.02153778076172,0.08174820989370346,0.0
0,74,sub-074_ses-01_task-szMonitoring_run-03,76.06448364257812,0.08487094193696976,0.0
0,74,sub-074_ses-01_task-szMonitoring_run-03,39.78523254394531,0.06987280398607254,0.0
0,74,sub-074_ses-01_task-szMonitoring_run-03,11.881876945495605,0.06738564372062683,0.0
0,74,sub-074_ses-01_task-szMonitoring_run-03,40.0957145690918,0.052406132221221924,0.0
0,74,sub-074_ses-01_task-szMonitoring_run-03,17.832197189331055,0.061258308589458466,0.0
0,74,sub-074_ses-01_task-szMonitoring_run-03,26.614728927612305,0.05223212018609047,0.0
0,74,sub-074_ses-01_task-szMonitoring_run-03,17.424678802490234,0.05194487422704697,0.0
0,74,sub-074_ses-01_task-szMonitoring_run-03,36.91136169433594,0.056974537670612335,0.0
1,74,sub-074_ses-01_task-szMonitoring_run-04,25.705686569213867,0.23786494135856628,0.0
1,74,sub-074_ses-01_task-szMonitoring_run-04,20.954452514648438,0.2510857358574867,0.0
1,74,sub-074_ses-01_task-szMonitoring_run-04,22.69955825805664,0.2521592043340206,0.0
1,74,sub-074_ses-01_task-szMonitoring_run-04,27.124202728271484,0.22640881687402725,0.0
1,74,sub-074_ses-01_task-szMonitoring_run-04,27.108264923095703,0.23387355357408524,0.0
1,74,sub-074_ses-01_task-szMonitoring_run-04,29.668264389038086,0.22486238926649094,0.0
0,74,sub-074_ses-01_task-szMonitoring_run-04,21.2294921875,0.12487179040908813,0.0
0,74,sub-074_ses-01_task-szMonitoring_run-04,34.1506233215332,0.11653909087181091,0.0
1,74,sub-074_ses-01_task-szMonitoring_run-05,12.52971363067627,0.14129456132650375,0.0
1,74,sub-074_ses-01_task-szMonitoring_run-05,12.264354705810547,0.13476110994815826,0.0
1,74,sub-074_ses-01_task-szMonitoring_run-05,15.75691032409668,0.1463763192296028,0.0
1,74,sub-074_ses-01_task-szMonitoring_run-05,15.180827140808105,0.14876122120767832,0.0
1,74,sub-074_ses-01_task-szMonitoring_run-05,11.95898151397705,0.14354419708251953,0.0
1,74,sub-074_ses-01_task-szMonitoring_run-05,11.66352653503418,0.14303572475910187,0.0
1,74,sub-074_ses-01_task-szMonitoring_run-05,14.325946807861328,0.12922199815511703,0.0
1,74,sub-074_ses-01_task-szMonitoring_run-06,38.885093688964844,0.07419198006391525,0.0
1,74,sub-074_ses-01_task-szMonitoring_run-06,37.406192779541016,0.07504040002822876,0.0
1,74,sub-074_ses-01_task-szMonitoring_run-06,35.89403533935547,0.07800842076539993,0.0
1,74,sub-074_ses-01_task-szMonitoring_run-06,37.70027160644531,0.0763033926486969,0.0
1,74,sub-074_ses-01_task-szMonitoring_run-06,36.969818115234375,0.0749877467751503,0.0
1,74,sub-074_ses-01_task-szMonitoring_run-06,38.932559967041016,0.07314394414424896,0.0
1,74,sub-074_ses-01_task-szMonitoring_run-06,33.54181671142578,0.0781085193157196,0.0
0,74,sub-074_ses-01_task-szMonitoring_run-06,25.71531867980957,0.09265495836734772,0.0
1,74,sub-074_ses-01_task-szMonitoring_run-07,40.776737213134766,0.09120706841349602,0.0
1,74,sub-074_ses-01_task-szMonitoring_run-07,46.9661750793457,0.08362742140889168,0.0
1,74,sub-074_ses-01_task-szMonitoring_run-07,46.08362579345703,0.08490420877933502,0.0
1,74,sub-074_ses-01_task-szMonitoring_run-07,43.786659240722656,0.08877827599644661,0.0
1,74,sub-074_ses-01_task-szMonitoring_run-07,35.12618637084961,0.09492136910557747,0.0
1,74,sub-074_ses-01_task-szMonitoring_run-07,46.768272399902344,0.08516892790794373,0.0
0,74,sub-074_ses-01_task-szMonitoring_run-07,25.25969696044922,0.08960596099495888,0.0
0,74,sub-074_ses-01_task-szMonitoring_run-07,21.217939376831055,0.11292606964707375,0.0
0,74,sub-074_ses-01_task-szMonitoring_run-08,21.885414123535156,0.2508639134466648,0.0
0,74,sub-074_ses-01_task-szMonitoring_run-08,45.55143356323242,0.043739110231399536,0.0
0,74,sub-074_ses-01_task-szMonitoring_run-08,38.3292350769043,0.05241640284657478,0.0
0,74,sub-074_ses-01_task-szMonitoring_run-09,7.833173751831055,0.18850761279463768,0.0
0,74,sub-074_ses-01_task-szMonitoring_run-09,39.4491081237793,0.0841275155544281,0.0
0,74,sub-074_ses-01_task-szMonitoring_run-09,36.11759948730469,0.08700831234455109,0.0
0,74,sub-074_ses-01_task-szMonitoring_run-10,14.204097747802734,0.09545780718326569,0.0
0,74,sub-074_ses-01_task-szMonitoring_run-11,29.834705352783203,0.1004781723022461,0.0
0,74,sub-074_ses-01_task-szMonitoring_run-11,11.248394966125488,0.18702564015984535,0.0
0,74,sub-074_ses-01_task-szMonitoring_run-11,69.52883911132812,0.1562158465385437,0.0
0,74,sub-074_ses-01_task-szMonitoring_run-12,18.534212112426758,0.10899391770362854,0.0
0,74,sub-074_ses-01_task-szMonitoring_run-12,14.341795921325684,0.10493163019418716,0.0
0,74,sub-074_ses-01_task-szMonitoring_run-12,29.310060501098633,0.1191771999001503,0.0
0,74,sub-074_ses-01_task-szMonitoring_run-12,25.04825782775879,0.12988656014204025,0.0
0,74,sub-074_ses-01_task-szMonitoring_run-12,10.223047256469727,0.18406368046998978,0.0
0,74,sub-074_ses-01_task-szMonitoring_run-12,22.009817123413086,0.14393778890371323,0.0
0,74,sub-074_ses-01_task-szMonitoring_run-14,47.80095672607422,0.08542551845312119,0.0
0,74,sub-074_ses-01_task-szMonitoring_run-14,22.141267776489258,0.19052936136722565,0.0
0,74,sub-074_ses-01_task-szMonitoring_run-14,46.87834548950195,0.1064993292093277,0.0
0,74,sub-074_ses-01_task-szMonitoring_run-14,27.339252471923828,0.1613963171839714,0.0
0,74,sub-074_ses-01_task-szMonitoring_run-14,27.4819393157959,0.08920750766992569,0.0
0,74,sub-074_ses-01_task-szMonitoring_run-15,18.810171127319336,0.12675775215029716,0.0
0,74,sub-074_ses-01_task-szMonitoring_run-15,16.777143478393555,0.1795019432902336,0.0
0,74,sub-074_ses-01_task-szMonitoring_run-15,15.246719360351562,0.14752548933029175,0.0
1,74,sub-074_ses-01_task-szMonitoring_run-16,42.91782760620117,0.10355831682682037,0.0
1,74,sub-074_ses-01_task-szMonitoring_run-16,47.70998764038086,0.10816362500190735,0.0
1,74,sub-074_ses-01_task-szMonitoring_run-16,42.50639343261719,0.10364209860563278,0.0
1,74,sub-074_ses-01_task-szMonitoring_run-16,40.05195999145508,0.10992585122585297,0.0
1,74,sub-074_ses-01_task-szMonitoring_run-16,40.039894104003906,0.10554645955562592,0.0
1,74,sub-074_ses-01_task-szMonitoring_run-16,49.918243408203125,0.10721912980079651,0.0
0,74,sub-074_ses-01_task-szMonitoring_run-16,41.279457092285156,0.10972790792584419,0.0
1,74,sub-074_ses-01_task-szMonitoring_run-17,21.098440170288086,0.0947357565164566,0.0
1,74,sub-074_ses-01_task-szMonitoring_run-17,21.316499710083008,0.09470176696777344,0.0
1,74,sub-074_ses-01_task-szMonitoring_run-17,23.263517379760742,0.09763312339782715,0.0
1,74,sub-074_ses-01_task-szMonitoring_run-17,21.4322566986084,0.09593340009450912,0.0
1,74,sub-074_ses-01_task-szMonitoring_run-17,22.81260871887207,0.09617011249065399,0.0
1,74,sub-074_ses-01_task-szMonitoring_run-17,23.07155418395996,0.09418264403939247,0.0
1,74,sub-074_ses-01_task-szMonitoring_run-17,23.39761734008789,0.09393730387091637,0.0
1,74,sub-074_ses-01_task-szMonitoring_run-17,23.091060638427734,0.09738703817129135,0.0
0,74,sub-074_ses-01_task-szMonitoring_run-17,20.664819717407227,0.08902806416153908,0.0
0,74,sub-074_ses-01_task-szMonitoring_run-17,22.081464767456055,0.10719951242208481,0.0
0,74,sub-074_ses-01_task-szMonitoring_run-18,22.40260887145996,0.0711698867380619,0.0
0,74,sub-074_ses-01_task-szMonitoring_run-18,27.477497100830078,0.06801772490143776,0.0
0,74,sub-074_ses-01_task-szMonitoring_run-18,23.810176849365234,0.06849200651049614,0.0
0,74,sub-074_ses-01_task-szMonitoring_run-19,25.768753051757812,0.05014163255691528,0.0
0,74,sub-074_ses-01_task-szMonitoring_run-19,20.24650001525879,0.04539761692285538,0.0
0,74,sub-074_ses-01_task-szMonitoring_run-20,27.462343215942383,0.12458305060863495,0.0
0,74,sub-074_ses-01_task-szMonitoring_run-20,34.87223434448242,0.08996422588825226,0.0
0,74,sub-074_ses-01_task-szMonitoring_run-20,30.56332015991211,0.0877012237906456,0.0
0,74,sub-074_ses-01_task-szMonitoring_run-20,26.492931365966797,0.11126893013715744,0.0
0,74,sub-074_ses-01_task-szMonitoring_run-20,29.505130767822266,0.08166371285915375,0.0
0,74,sub-074_ses-01_task-szMonitoring_run-20,30.058887481689453,0.08458468317985535,0.0
0,74,sub-074_ses-01_task-szMonitoring_run-20,29.37731170654297,0.08619760721921921,0.0
0,74,sub-074_ses-01_task-szMonitoring_run-20,29.5239315032959,0.0818956270813942,0.0
0,74,sub-074_ses-01_task-szMonitoring_run-21,51.991127014160156,0.13939840346574783,0.0
0,74,sub-074_ses-01_task-szMonitoring_run-21,18.671939849853516,0.17762836068868637,0.0
0,74,sub-074_ses-01_task-szMonitoring_run-21,36.19312286376953,0.12793314456939697,0.0
0,74,sub-074_ses-01_task-szMonitoring_run-22,43.82512283325195,0.05975884199142456,0.0
0,74,sub-074_ses-01_task-szMonitoring_run-22,47.227725982666016,0.06295348703861237,0.0
0,74,sub-074_ses-01_task-szMonitoring_run-23,69.72911834716797,0.08954588323831558,0.0
0,74,sub-074_ses-01_task-szMonitoring_run-24,13.965262413024902,0.2004348710179329,0.0
0,74,sub-074_ses-01_task-szMonitoring_run-24,32.19597244262695,0.1627744808793068,0.0
0,74,sub-074_ses-01_task-szMonitoring_run-24,53.05181884765625,0.11557010561227798,0.0
0,74,sub-074_ses-01_task-szMonitoring_run-25,22.364315032958984,0.20429781079292297,0.0
0,74,sub-074_ses-01_task-szMonitoring_run-25,87.74837493896484,0.11439584195613861,0.0
0,74,sub-074_ses-01_task-szMonitoring_run-25,42.08871078491211,0.09723905473947525,0.0
0,74,sub-074_ses-01_task-szMonitoring_run-25,45.897830963134766,0.0947137176990509,0.0
0,74,sub-074_ses-01_task-szMonitoring_run-26,38.24714279174805,0.10505361109972,0.0
0,74,sub-074_ses-01_task-szMonitoring_run-27,43.08598327636719,0.05429605767130852,0.0
0,74,sub-074_ses-01_task-szMonitoring_run-27,80.68701171875,0.05211882293224335,0.0
0,74,sub-074_ses-01_task-szMonitoring_run-27,39.076744079589844,0.037182919681072235,0.0
0,74,sub-074_ses-01_task-szMonitoring_run-27,28.783632278442383,0.05429018288850784,0.0
0,74,sub-074_ses-01_task-szMonitoring_run-27,50.47163391113281,0.06885616853833199,0.0
0,74,sub-074_ses-01_task-szMonitoring_run-27,37.68548583984375,0.043356459587812424,0.0
0,74,sub-074_ses-01_task-szMonitoring_run-28,26.112924575805664,0.14490296691656113,0.0
0,74,sub-074_ses-01_task-szMonitoring_run-28,48.40974807739258,0.0661446638405323,0.0
0,74,sub-074_ses-01_task-szMonitoring_run-28,44.37495803833008,0.07081843912601471,0.0
0,74,sub-074_ses-01_task-szMonitoring_run-28,55.03224182128906,0.05172262340784073,0.0
0,74,sub-074_ses-01_task-szMonitoring_run-29,40.544334411621094,0.1057850793004036,0.0
0,74,sub-074_ses-01_task-szMonitoring_run-29,42.231361389160156,0.09611310809850693,0.0
0,74,sub-074_ses-01_task-szMonitoring_run-29,63.190757751464844,0.08902803063392639,0.0
0,74,sub-074_ses-01_task-szMonitoring_run-29,58.53398513793945,0.10759256035089493,0.0
0,74,sub-074_ses-01_task-szMonitoring_run-30,93.27617645263672,0.09262827783823013,0.0
0,74,sub-074_ses-01_task-szMonitoring_run-30,28.67144775390625,0.20782121270895004,0.0
0,74,sub-074_ses-01_task-szMonitoring_run-31,7.188101291656494,0.05689428746700287,0.0
0,74,sub-074_ses-01_task-szMonitoring_run-31,32.43757247924805,0.051012635231018066,0.0
0,74,sub-074_ses-01_task-szMonitoring_run-31,60.85518264770508,0.05562199652194977,0.0
0,74,sub-074_ses-01_task-szMonitoring_run-31,21.07822036743164,0.05434950068593025,0.0
0,74,sub-074_ses-01_task-szMonitoring_run-31,33.95964431762695,0.07902216911315918,0.0
0,74,sub-074_ses-01_task-szMonitoring_run-31,6.1784844398498535,0.07057543843984604,0.0
0,74,sub-074_ses-01_task-szMonitoring_run-32,47.023101806640625,0.11013349518179893,0.0
1,75,sub-075_ses-01_task-szMonitoring_run-01,19.2579402923584,0.08526581525802612,0.0
1,75,sub-075_ses-01_task-szMonitoring_run-01,23.702369689941406,0.08658573031425476,0.0
1,75,sub-075_ses-01_task-szMonitoring_run-01,25.13806915283203,0.0870806872844696,0.0
1,75,sub-075_ses-01_task-szMonitoring_run-01,23.31035041809082,0.08672201633453369,0.0
1,75,sub-075_ses-01_task-szMonitoring_run-01,24.93543815612793,0.09152823686599731,0.0
1,75,sub-075_ses-01_task-szMonitoring_run-01,24.637142181396484,0.08558061718940735,0.0
0,75,sub-075_ses-01_task-szMonitoring_run-01,24.094926834106445,0.07030393928289413,0.0
0,75,sub-075_ses-01_task-szMonitoring_run-01,69.82720947265625,0.05149880796670914,0.0
0,75,sub-075_ses-01_task-szMonitoring_run-01,32.41954803466797,0.07820022851228714,0.0
0,75,sub-075_ses-01_task-szMonitoring_run-01,15.566618919372559,0.0856773629784584,0.0
0,75,sub-075_ses-01_task-szMonitoring_run-01,32.427913665771484,0.0783931314945221,0.0
0,75,sub-075_ses-01_task-szMonitoring_run-02,15.111642837524414,0.09028318524360657,0.0
0,75,sub-075_ses-01_task-szMonitoring_run-02,11.492973327636719,0.09469369053840637,0.0
0,75,sub-075_ses-01_task-szMonitoring_run-02,23.3386173248291,0.1684049740433693,0.0
0,75,sub-075_ses-01_task-szMonitoring_run-03,8.316789627075195,0.19275502115488052,0.0
0,75,sub-075_ses-01_task-szMonitoring_run-03,14.900230407714844,0.11383044347167015,0.0
0,75,sub-075_ses-01_task-szMonitoring_run-03,17.992122650146484,0.06158827245235443,0.0
0,75,sub-075_ses-01_task-szMonitoring_run-05,38.38404846191406,0.11851264908909798,0.0
0,75,sub-075_ses-01_task-szMonitoring_run-06,8.9918794631958,0.1461834702640772,0.0
0,75,sub-075_ses-01_task-szMonitoring_run-06,7.173394203186035,0.15825530141592026,0.0
0,75,sub-075_ses-01_task-szMonitoring_run-06,5.870688438415527,0.06656832154840231,0.0
0,75,sub-075_ses-01_task-szMonitoring_run-07,11.402186393737793,0.15514971874654293,0.0
0,75,sub-075_ses-01_task-szMonitoring_run-08,4.9363532066345215,0.0950851272791624,0.0
0,75,sub-075_ses-01_task-szMonitoring_run-08,9.224459648132324,0.0737131629139185,0.0
0,75,sub-075_ses-01_task-szMonitoring_run-08,9.12608528137207,0.07865715399384499,0.0
0,75,sub-075_ses-01_task-szMonitoring_run-10,16.048189163208008,0.0979890488088131,0.0
0,75,sub-075_ses-01_task-szMonitoring_run-10,32.84754943847656,0.1231156475841999,0.0
0,75,sub-075_ses-01_task-szMonitoring_run-10,21.615875244140625,0.10801927000284195,0.0
0,75,sub-075_ses-01_task-szMonitoring_run-11,31.614852905273438,0.06835857033729553,0.0
0,75,sub-075_ses-01_task-szMonitoring_run-11,32.801971435546875,0.09232572466135025,0.0
0,75,sub-075_ses-01_task-szMonitoring_run-13,10.960359573364258,0.0687285978347063,0.0
0,75,sub-075_ses-01_task-szMonitoring_run-13,15.059911727905273,0.16334090009331703,0.0
0,75,sub-075_ses-01_task-szMonitoring_run-13,18.205453872680664,0.12447557598352432,0.0
0,75,sub-075_ses-01_task-szMonitoring_run-13,17.45218276977539,0.13179465383291245,0.0
0,75,sub-075_ses-01_task-szMonitoring_run-13,10.880718231201172,0.07046451233327389,0.0
0,75,sub-075_ses-01_task-szMonitoring_run-15,12.287420272827148,0.15427871979773045,0.0
0,75,sub-075_ses-01_task-szMonitoring_run-16,11.768425941467285,0.15827108174562454,0.0
0,75,sub-075_ses-01_task-szMonitoring_run-16,32.426029205322266,0.14469387382268906,0.0
0,75,sub-075_ses-01_task-szMonitoring_run-17,16.62715721130371,0.08077258244156837,0.0
0,75,sub-075_ses-01_task-szMonitoring_run-17,31.790508270263672,0.09775236621499062,0.0
0,75,sub-075_ses-01_task-szMonitoring_run-17,27.089683532714844,0.11768333986401558,0.0
0,75,sub-075_ses-01_task-szMonitoring_run-18,22.58741569519043,0.0982634499669075,0.0
0,75,sub-075_ses-01_task-szMonitoring_run-18,26.543394088745117,0.07095087692141533,0.0
0,75,sub-075_ses-01_task-szMonitoring_run-20,13.142354965209961,0.11398692335933447,0.0
0,75,sub-075_ses-01_task-szMonitoring_run-20,18.649635314941406,0.176481232047081,0.0
0,75,sub-075_ses-01_task-szMonitoring_run-20,15.64370346069336,0.1122588999569416,0.0
0,75,sub-075_ses-01_task-szMonitoring_run-21,5.816316604614258,0.13668331503868103,0.0
0,75,sub-075_ses-01_task-szMonitoring_run-21,14.092947959899902,0.13274547178298235,0.0
0,75,sub-075_ses-01_task-szMonitoring_run-22,47.74544906616211,0.0816214457154274,0.0
0,75,sub-075_ses-01_task-szMonitoring_run-22,11.105247497558594,0.18733121268451214,0.0
0,75,sub-075_ses-01_task-szMonitoring_run-22,32.92996597290039,0.06025595963001251,0.0
0,75,sub-075_ses-01_task-szMonitoring_run-22,33.155513763427734,0.06358340010046959,0.0
0,75,sub-075_ses-01_task-szMonitoring_run-23,16.449159622192383,0.12237540446221828,0.0
0,75,sub-075_ses-01_task-szMonitoring_run-23,17.020572662353516,0.17448771372437477,0.0
0,75,sub-075_ses-01_task-szMonitoring_run-23,9.60804271697998,0.09278378449380398,0.0
0,75,sub-075_ses-01_task-szMonitoring_run-23,7.826327800750732,0.1423019440844655,0.0
0,75,sub-075_ses-01_task-szMonitoring_run-24,8.203695297241211,0.1679426059126854,0.0
0,75,sub-075_ses-01_task-szMonitoring_run-24,7.982079029083252,0.18239683285355568,0.0
0,75,sub-075_ses-01_task-szMonitoring_run-24,24.666189193725586,0.10871467739343643,0.0
0,75,sub-075_ses-01_task-szMonitoring_run-24,16.55735969543457,0.1546107456088066,0.0
0,75,sub-075_ses-01_task-szMonitoring_run-25,6.392383575439453,0.09119766391813755,0.0
0,75,sub-075_ses-01_task-szMonitoring_run-26,19.668127059936523,0.11147833615541458,0.0
0,75,sub-075_ses-01_task-szMonitoring_run-27,6.270487308502197,0.17554687336087227,0.0
0,75,sub-075_ses-01_task-szMonitoring_run-28,8.907466888427734,0.10241109505295753,0.0
0,75,sub-075_ses-01_task-szMonitoring_run-28,6.612146854400635,0.1009104736149311,0.0
0,75,sub-075_ses-01_task-szMonitoring_run-28,10.918586730957031,0.11242452822625637,0.0
0,75,sub-075_ses-01_task-szMonitoring_run-29,40.7506217956543,0.10448920726776123,0.0
0,75,sub-075_ses-01_task-szMonitoring_run-29,13.839982986450195,0.17606663331389427,0.0
0,75,sub-075_ses-01_task-szMonitoring_run-29,14.37916088104248,0.1789788007736206,0.0
0,75,sub-075_ses-01_task-szMonitoring_run-29,7.406752586364746,0.11823559924960136,0.0
0,75,sub-075_ses-01_task-szMonitoring_run-29,6.82049560546875,0.1138513945043087,0.0
0,75,sub-075_ses-01_task-szMonitoring_run-29,6.910329341888428,0.19667081907391548,0.0
0,75,sub-075_ses-01_task-szMonitoring_run-30,61.387794494628906,0.11666222661733627,0.0
0,75,sub-075_ses-01_task-szMonitoring_run-30,33.96274185180664,0.08527978509664536,0.0
0,75,sub-075_ses-01_task-szMonitoring_run-30,22.960899353027344,0.09506414458155632,0.0
0,75,sub-075_ses-01_task-szMonitoring_run-31,5.571653366088867,0.09860746376216412,0.0
0,75,sub-075_ses-01_task-szMonitoring_run-31,30.137252807617188,0.10920688137412071,0.0
0,75,sub-075_ses-01_task-szMonitoring_run-31,19.697898864746094,0.08365306630730629,0.0
0,75,sub-075_ses-01_task-szMonitoring_run-32,9.76462459564209,0.13277387991547585,0.0
0,75,sub-075_ses-01_task-szMonitoring_run-33,20.2293758392334,0.016089992597699165,0.0
0,75,sub-075_ses-01_task-szMonitoring_run-33,29.453962326049805,0.015305762179195881,0.0
0,75,sub-075_ses-01_task-szMonitoring_run-33,25.066213607788086,0.02144454699009657,0.0
0,75,sub-075_ses-01_task-szMonitoring_run-33,16.252649307250977,0.016493476927280426,0.0
0,75,sub-075_ses-01_task-szMonitoring_run-34,32.711177825927734,0.021201777271926403,0.0
0,75,sub-075_ses-01_task-szMonitoring_run-34,38.1715087890625,0.018177603371441364,0.0
0,75,sub-075_ses-01_task-szMonitoring_run-35,8.216483116149902,0.16370930522680283,0.0
0,75,sub-075_ses-01_task-szMonitoring_run-35,35.339134216308594,0.11390409618616104,0.0
0,75,sub-075_ses-01_task-szMonitoring_run-35,33.77909851074219,0.03231671079993248,0.0
0,75,sub-075_ses-01_task-szMonitoring_run-35,9.360847473144531,0.15599170699715614,0.0
0,75,sub-075_ses-01_task-szMonitoring_run-35,29.905197143554688,0.0225196722894907,0.0
0,75,sub-075_ses-01_task-szMonitoring_run-35,35.126441955566406,0.11379927769303322,0.0
0,75,sub-075_ses-01_task-szMonitoring_run-36,10.598287582397461,0.10859907232224941,0.0
0,75,sub-075_ses-01_task-szMonitoring_run-37,8.539499282836914,0.1109219454228878,0.0
0,75,sub-075_ses-01_task-szMonitoring_run-37,16.434274673461914,0.13320130109786987,0.0
0,75,sub-075_ses-01_task-szMonitoring_run-37,9.617375373840332,0.15119732730090618,0.0
0,75,sub-075_ses-01_task-szMonitoring_run-38,13.80626392364502,0.07485198974609375,0.0
0,75,sub-075_ses-01_task-szMonitoring_run-38,18.702865600585938,0.14834289625287056,0.0
0,75,sub-075_ses-01_task-szMonitoring_run-39,14.368054389953613,0.17939861863851547,0.0
0,75,sub-075_ses-01_task-szMonitoring_run-39,10.820175170898438,0.12654974684119225,0.0
0,75,sub-075_ses-01_task-szMonitoring_run-39,12.403632164001465,0.1875779815018177,0.0
0,75,sub-075_ses-01_task-szMonitoring_run-39,25.687145233154297,0.1172388307750225,0.0
0,75,sub-075_ses-01_task-szMonitoring_run-39,14.388853073120117,0.1767657808959484,0.0
0,75,sub-075_ses-01_task-szMonitoring_run-39,49.94438171386719,0.08339592814445496,0.0
0,75,sub-075_ses-01_task-szMonitoring_run-40,12.308978080749512,0.22569495253264904,0.0
0,75,sub-075_ses-01_task-szMonitoring_run-40,9.128692626953125,0.1805428322404623,0.0
0,75,sub-075_ses-01_task-szMonitoring_run-40,6.7914910316467285,0.14080543536692858,0.0
0,75,sub-075_ses-01_task-szMonitoring_run-40,4.481186389923096,0.08764194138348103,0.0
0,75,sub-075_ses-01_task-szMonitoring_run-40,8.967397689819336,0.1794887986034155,0.0
0,75,sub-075_ses-01_task-szMonitoring_run-40,6.184648513793945,0.08192625176161528,0.0
0,75,sub-075_ses-01_task-szMonitoring_run-40,8.072822570800781,0.04842544812709093,0.0
0,75,sub-075_ses-01_task-szMonitoring_run-41,10.267082214355469,0.13860665168613195,0.0
0,75,sub-075_ses-01_task-szMonitoring_run-41,13.843266487121582,0.18190832436084747,0.0
0,75,sub-075_ses-01_task-szMonitoring_run-41,16.746715545654297,0.19589708745479584,0.0
0,75,sub-075_ses-01_task-szMonitoring_run-41,12.099281311035156,0.2030247412621975,0.0
0,75,sub-075_ses-01_task-szMonitoring_run-41,7.963855743408203,0.10204085614532232,0.0
0,75,sub-075_ses-01_task-szMonitoring_run-41,8.218849182128906,0.19097328931093216,0.0
0,75,sub-075_ses-01_task-szMonitoring_run-41,9.579804420471191,0.07882322371006012,0.0
0,75,sub-075_ses-01_task-szMonitoring_run-42,9.199460983276367,0.2224924936890602,0.0
0,75,sub-075_ses-01_task-szMonitoring_run-42,41.36940383911133,0.08762060105800629,0.0
0,75,sub-075_ses-01_task-szMonitoring_run-42,33.73710632324219,0.08593618124723434,0.0
0,75,sub-075_ses-01_task-szMonitoring_run-42,26.3907413482666,0.10438154637813568,0.0
0,75,sub-075_ses-01_task-szMonitoring_run-42,25.25840187072754,0.08321589976549149,0.0
0,75,sub-075_ses-01_task-szMonitoring_run-42,25.734800338745117,0.10591166093945503,0.0
0,75,sub-075_ses-01_task-szMonitoring_run-44,7.892698764801025,0.0566957937553525,0.0
0,75,sub-075_ses-01_task-szMonitoring_run-44,21.660747528076172,0.04613493289798498,0.0
0,75,sub-075_ses-01_task-szMonitoring_run-45,6.7571940422058105,0.10644055344164371,0.0
0,75,sub-075_ses-01_task-szMonitoring_run-46,51.61920928955078,0.07216275110840797,0.0
0,75,sub-075_ses-01_task-szMonitoring_run-47,17.06241226196289,0.034774212166666985,0.0
0,75,sub-075_ses-01_task-szMonitoring_run-47,16.6107234954834,0.05509997811168432,0.0
0,75,sub-075_ses-01_task-szMonitoring_run-47,19.526493072509766,0.03429417312145233,0.0
0,75,sub-075_ses-01_task-szMonitoring_run-48,24.99563217163086,0.04922665748745203,0.0
0,75,sub-075_ses-01_task-szMonitoring_run-48,6.65533447265625,0.15856472961604595,0.0
0,75,sub-075_ses-01_task-szMonitoring_run-48,6.4119744300842285,0.1593279130756855,0.0
0,75,sub-075_ses-01_task-szMonitoring_run-48,6.019838333129883,0.12368595600128174,0.0
0,75,sub-075_ses-01_task-szMonitoring_run-48,7.855625152587891,0.1133372113108635,0.0
0,75,sub-075_ses-01_task-szMonitoring_run-48,11.274750709533691,0.08633302990347147,0.0
0,75,sub-075_ses-01_task-szMonitoring_run-49,23.9097843170166,0.07945701479911804,0.0
0,76,sub-076_ses-01_task-szMonitoring_run-02,25.348854064941406,0.17726992070674896,0.0
0,76,sub-076_ses-01_task-szMonitoring_run-02,17.079273223876953,0.18604664504528046,0.0
0,76,sub-076_ses-01_task-szMonitoring_run-02,6.103758335113525,0.20015355199575424,0.0
0,76,sub-076_ses-01_task-szMonitoring_run-02,13.868783950805664,0.2677448093891144,0.0
0,76,sub-076_ses-01_task-szMonitoring_run-03,11.822625160217285,0.21669412404298782,0.0
0,76,sub-076_ses-01_task-szMonitoring_run-04,11.682649612426758,0.19868751615285873,0.0
0,76,sub-076_ses-01_task-szMonitoring_run-04,13.812969207763672,0.16213565319776535,0.0
0,76,sub-076_ses-01_task-szMonitoring_run-04,13.413991928100586,0.141551174223423,0.0
0,76,sub-076_ses-01_task-szMonitoring_run-05,12.78237247467041,0.07380733452737331,0.0
0,76,sub-076_ses-01_task-szMonitoring_run-05,15.951343536376953,0.0958540104329586,0.0
0,76,sub-076_ses-01_task-szMonitoring_run-05,18.997230529785156,0.10331422835588455,0.0
0,76,sub-076_ses-01_task-szMonitoring_run-05,5.162344932556152,0.08047188818454742,0.0
0,76,sub-076_ses-01_task-szMonitoring_run-07,26.43801498413086,0.17046231031417847,0.0
0,76,sub-076_ses-01_task-szMonitoring_run-07,15.254502296447754,0.10588713735342026,0.0
0,76,sub-076_ses-01_task-szMonitoring_run-08,28.83983612060547,0.18829911947250366,0.0
0,76,sub-076_ses-01_task-szMonitoring_run-08,38.217655181884766,0.15713252872228622,0.0
0,76,sub-076_ses-01_task-szMonitoring_run-08,21.315336227416992,0.13554393127560616,0.0
0,76,sub-076_ses-01_task-szMonitoring_run-09,19.242490768432617,0.061478544026613235,0.0
0,76,sub-076_ses-01_task-szMonitoring_run-09,10.613895416259766,0.08693256787955761,0.0
0,76,sub-076_ses-01_task-szMonitoring_run-09,15.052021026611328,0.06787491776049137,0.0
0,76,sub-076_ses-01_task-szMonitoring_run-09,20.87903594970703,0.04759209044277668,0.0
0,76,sub-076_ses-01_task-szMonitoring_run-09,10.464923858642578,0.057257793843746185,0.0
0,76,sub-076_ses-01_task-szMonitoring_run-09,11.571860313415527,0.07401292398571968,0.0
0,76,sub-076_ses-01_task-szMonitoring_run-10,10.983192443847656,0.12041353434324265,0.0
0,76,sub-076_ses-01_task-szMonitoring_run-10,14.858485221862793,0.08302485942840576,0.0
0,76,sub-076_ses-01_task-szMonitoring_run-10,16.686574935913086,0.10463761538267136,0.0
0,76,sub-076_ses-01_task-szMonitoring_run-12,20.63346290588379,0.14340349286794662,0.0
0,76,sub-076_ses-01_task-szMonitoring_run-12,15.970837593078613,0.16172439604997635,0.0
0,76,sub-076_ses-01_task-szMonitoring_run-13,20.66737937927246,0.15622203052043915,0.0
0,76,sub-076_ses-01_task-szMonitoring_run-13,32.42890548706055,0.12634988129138947,0.0
0,76,sub-076_ses-01_task-szMonitoring_run-13,25.02765464782715,0.0804375410079956,0.0
0,76,sub-076_ses-01_task-szMonitoring_run-13,35.54182815551758,0.11829480528831482,0.0
0,76,sub-076_ses-01_task-szMonitoring_run-14,42.68219757080078,0.15007709711790085,0.0
0,76,sub-076_ses-01_task-szMonitoring_run-14,46.12563705444336,0.1392071321606636,0.0
0,76,sub-076_ses-01_task-szMonitoring_run-14,19.37497901916504,0.15525659918785095,0.0
0,76,sub-076_ses-01_task-szMonitoring_run-14,24.38515853881836,0.1214204952120781,0.0
0,76,sub-076_ses-01_task-szMonitoring_run-14,17.79430389404297,0.16352563351392746,0.0
0,76,sub-076_ses-01_task-szMonitoring_run-15,22.21604347229004,0.055544283241033554,0.0
0,76,sub-076_ses-01_task-szMonitoring_run-15,20.972471237182617,0.05897568538784981,0.0
0,76,sub-076_ses-01_task-szMonitoring_run-15,4.833642959594727,0.05297173000872135,0.0
0,76,sub-076_ses-01_task-szMonitoring_run-15,31.68792152404785,0.07324483245611191,0.0
0,76,sub-076_ses-01_task-szMonitoring_run-15,5.660907745361328,0.03388039395213127,0.0
1,76,sub-076_ses-01_task-szMonitoring_run-16,30.363643646240234,0.13592465221881866,0.0
1,76,sub-076_ses-01_task-szMonitoring_run-16,22.306339263916016,0.16109034419059753,0.0
1,76,sub-076_ses-01_task-szMonitoring_run-16,28.347501754760742,0.13901883363723755,0.0
1,76,sub-076_ses-01_task-szMonitoring_run-16,32.44176483154297,0.13042667508125305,0.0
1,76,sub-076_ses-01_task-szMonitoring_run-16,28.169132232666016,0.14156963676214218,0.0
1,76,sub-076_ses-01_task-szMonitoring_run-16,28.255796432495117,0.14133372157812119,0.0
1,76,sub-076_ses-01_task-szMonitoring_run-16,26.424671173095703,0.15146128833293915,0.0
1,76,sub-076_ses-01_task-szMonitoring_run-16,34.988426208496094,0.1258212774991989,0.0
0,76,sub-076_ses-01_task-szMonitoring_run-16,34.12906265258789,0.12439344823360443,0.0
0,76,sub-076_ses-01_task-szMonitoring_run-17,54.02092361450195,0.14364971220493317,0.0
0,76,sub-076_ses-01_task-szMonitoring_run-17,37.957305908203125,0.08843201398849487,0.0
0,76,sub-076_ses-01_task-szMonitoring_run-18,24.878555297851562,0.10869374126195908,0.0
0,76,sub-076_ses-01_task-szMonitoring_run-18,41.440338134765625,0.10976939648389816,0.0
0,76,sub-076_ses-01_task-szMonitoring_run-18,9.436577796936035,0.1796264350414276,0.0
0,76,sub-076_ses-01_task-szMonitoring_run-19,8.763343811035156,0.18160169199109077,0.0
0,76,sub-076_ses-01_task-szMonitoring_run-19,23.092777252197266,0.09356272220611572,0.0
0,76,sub-076_ses-01_task-szMonitoring_run-19,29.19048309326172,0.0909336507320404,0.0
0,76,sub-076_ses-01_task-szMonitoring_run-19,13.371211051940918,0.14446423947811127,0.0
0,76,sub-076_ses-01_task-szMonitoring_run-19,11.694912910461426,0.14597343280911446,0.0
0,76,sub-076_ses-01_task-szMonitoring_run-21,16.407102584838867,0.06902104988694191,0.0
0,77,sub-077_ses-01_task-szMonitoring_run-01,14.697420120239258,0.14349627494812012,0.0
0,77,sub-077_ses-01_task-szMonitoring_run-01,15.46094799041748,0.11314632929861546,0.0
0,77,sub-077_ses-01_task-szMonitoring_run-01,8.734969139099121,0.17046553269028664,0.0
1,77,sub-077_ses-01_task-szMonitoring_run-02,14.312199592590332,0.13479823246598244,0.0
1,77,sub-077_ses-01_task-szMonitoring_run-02,14.872698783874512,0.13411814346909523,0.0
1,77,sub-077_ses-01_task-szMonitoring_run-02,13.643507957458496,0.13438007235527039,0.0
1,77,sub-077_ses-01_task-szMonitoring_run-02,15.076449394226074,0.13727691769599915,0.0
1,77,sub-077_ses-01_task-szMonitoring_run-02,14.438918113708496,0.1320287548005581,0.0
1,77,sub-077_ses-01_task-szMonitoring_run-02,15.02250862121582,0.1361440233886242,0.0
0,77,sub-077_ses-01_task-szMonitoring_run-02,6.8079352378845215,0.13652580231428146,0.0
0,77,sub-077_ses-01_task-szMonitoring_run-02,10.305746078491211,0.11436960846185684,0.0
0,77,sub-077_ses-01_task-szMonitoring_run-02,15.131753921508789,0.06553144007921219,0.0
0,77,sub-077_ses-01_task-szMonitoring_run-02,5.831547260284424,0.11218648590147495,0.0
0,77,sub-077_ses-01_task-szMonitoring_run-02,5.6603827476501465,0.1342326570302248,0.0
0,77,sub-077_ses-01_task-szMonitoring_run-02,11.26618480682373,0.1217212863266468,0.0
0,77,sub-077_ses-01_task-szMonitoring_run-02,14.809710502624512,0.08288762904703617,0.0
0,77,sub-077_ses-01_task-szMonitoring_run-05,16.176790237426758,0.07695389539003372,0.0
1,77,sub-077_ses-01_task-szMonitoring_run-06,9.997673988342285,0.18870650604367256,0.0
1,77,sub-077_ses-01_task-szMonitoring_run-06,11.47025203704834,0.21890762634575367,0.0
1,77,sub-077_ses-01_task-szMonitoring_run-06,10.3934965133667,0.18930615670979023,0.0
1,77,sub-077_ses-01_task-szMonitoring_run-06,10.616523742675781,0.1991418171674013,0.0
1,77,sub-077_ses-01_task-szMonitoring_run-06,11.682289123535156,0.2210389468818903,0.0
1,77,sub-077_ses-01_task-szMonitoring_run-06,11.366934776306152,0.22297369875013828,0.0
1,77,sub-077_ses-01_task-szMonitoring_run-06,11.680158615112305,0.2210389468818903,0.0
1,77,sub-077_ses-01_task-szMonitoring_run-06,11.23186206817627,0.2156231589615345,0.0
0,77,sub-077_ses-01_task-szMonitoring_run-06,12.533790588378906,0.18697678297758102,0.0
0,77,sub-077_ses-01_task-szMonitoring_run-08,36.041053771972656,0.05541085638105869,0.0
0,77,sub-077_ses-01_task-szMonitoring_run-08,38.33592224121094,0.0551413856446743,0.0
0,77,sub-077_ses-01_task-szMonitoring_run-08,36.91741943359375,0.0429108627140522,0.0
0,77,sub-077_ses-01_task-szMonitoring_run-08,33.08625793457031,0.056497564539313316,0.0
0,77,sub-077_ses-01_task-szMonitoring_run-09,14.529768943786621,0.22138583287596703,0.0
0,77,sub-077_ses-01_task-szMonitoring_run-09,15.852506637573242,0.1508311703801155,0.0
0,77,sub-077_ses-01_task-szMonitoring_run-11,17.793548583984375,0.08994413539767265,0.0
0,77,sub-077_ses-01_task-szMonitoring_run-11,11.60409164428711,0.11054945923388004,0.0
0,77,sub-077_ses-01_task-szMonitoring_run-11,22.024486541748047,0.07439241744577885,0.0
0,77,sub-077_ses-01_task-szMonitoring_run-11,29.317001342773438,0.07125814259052277,0.0
0,77,sub-077_ses-01_task-szMonitoring_run-11,17.378307342529297,0.0969645231962204,0.0
0,77,sub-077_ses-01_task-szMonitoring_run-12,11.672981262207031,0.13446258381009102,0.0
0,77,sub-077_ses-01_task-szMonitoring_run-12,11.582884788513184,0.14311575517058372,0.0
0,77,sub-077_ses-01_task-szMonitoring_run-12,11.650282859802246,0.14783308282494545,0.0
0,77,sub-077_ses-01_task-szMonitoring_run-13,26.406810760498047,0.05582786351442337,0.0
0,77,sub-077_ses-01_task-szMonitoring_run-13,13.536445617675781,0.05513904243707657,0.0
0,78,sub-078_ses-01_task-szMonitoring_run-01,22.65263557434082,0.05874983221292496,0.0
0,78,sub-078_ses-01_task-szMonitoring_run-02,24.965890884399414,0.08625423908233643,0.0
0,78,sub-078_ses-01_task-szMonitoring_run-02,16.11844825744629,0.08005562424659729,0.0
0,78,sub-078_ses-01_task-szMonitoring_run-02,17.1287841796875,0.11419732868671417,0.0
0,78,sub-078_ses-01_task-szMonitoring_run-02,4.889268398284912,0.11204825341701508,0.0
0,78,sub-078_ses-01_task-szMonitoring_run-02,19.32514190673828,0.12283749878406525,0.0
0,78,sub-078_ses-01_task-szMonitoring_run-02,19.30025863647461,0.09195906668901443,0.0
0,78,sub-078_ses-01_task-szMonitoring_run-02,13.774125099182129,0.13766434788703918,0.0
0,78,sub-078_ses-01_task-szMonitoring_run-02,22.52632713317871,0.10734433680772781,0.0
0,78,sub-078_ses-01_task-szMonitoring_run-02,20.7000675201416,0.11363695561885834,0.0
0,78,sub-078_ses-01_task-szMonitoring_run-02,16.49334716796875,0.11373074352741241,0.0
0,78,sub-078_ses-01_task-szMonitoring_run-03,35.77851104736328,0.06823450326919556,0.0
0,78,sub-078_ses-01_task-szMonitoring_run-03,38.6723747253418,0.16199124604463577,0.0
0,78,sub-078_ses-01_task-szMonitoring_run-03,37.230506896972656,0.06626898050308228,0.0
0,78,sub-078_ses-01_task-szMonitoring_run-03,61.387386322021484,0.08660248667001724,0.0
0,78,sub-078_ses-01_task-szMonitoring_run-03,44.22412872314453,0.045159921050071716,0.0
0,78,sub-078_ses-01_task-szMonitoring_run-03,23.55431365966797,0.06619143486022949,0.0
0,78,sub-078_ses-01_task-szMonitoring_run-04,0.0,0.0,1.0
0,78,sub-078_ses-01_task-szMonitoring_run-04,0.0,0.0,1.0
0,78,sub-078_ses-01_task-szMonitoring_run-05,10.506598472595215,0.048895977437496185,0.0
0,78,sub-078_ses-01_task-szMonitoring_run-05,22.211044311523438,0.14652163535356522,0.0
0,78,sub-078_ses-01_task-szMonitoring_run-05,15.512518882751465,0.06619852781295776,0.0
0,78,sub-078_ses-01_task-szMonitoring_run-05,15.102397918701172,0.06730916351079941,0.0
0,78,sub-078_ses-01_task-szMonitoring_run-05,24.234277725219727,0.14652163535356522,0.0
0,78,sub-078_ses-01_task-szMonitoring_run-05,15.108396530151367,0.061588652431964874,0.0
0,78,sub-078_ses-01_task-szMonitoring_run-06,29.398242950439453,0.15020453184843063,0.0
0,78,sub-078_ses-01_task-szMonitoring_run-06,53.15376281738281,0.1640237718820572,0.0
0,78,sub-078_ses-01_task-szMonitoring_run-07,27.673675537109375,0.07174596190452576,0.0
0,78,sub-078_ses-01_task-szMonitoring_run-07,9.552358627319336,0.19534113258123398,0.0
0,78,sub-078_ses-01_task-szMonitoring_run-07,24.45623016357422,0.08223205804824829,0.0
0,78,sub-078_ses-01_task-szMonitoring_run-07,26.162466049194336,0.07689560577273369,0.0
0,78,sub-078_ses-01_task-szMonitoring_run-08,49.149803161621094,0.0771375447511673,0.0
0,78,sub-078_ses-01_task-szMonitoring_run-09,15.04343032836914,0.11678732186555862,0.0
0,78,sub-078_ses-01_task-szMonitoring_run-09,55.92227554321289,0.050616249442100525,0.0
0,78,sub-078_ses-01_task-szMonitoring_run-09,27.068506240844727,0.04448007792234421,0.0
0,78,sub-078_ses-01_task-szMonitoring_run-10,47.975460052490234,0.05187748372554779,0.0
0,78,sub-078_ses-01_task-szMonitoring_run-10,16.000028610229492,0.07969975471496582,0.0
0,78,sub-078_ses-01_task-szMonitoring_run-10,186.87594604492188,0.04922734946012497,0.0
0,78,sub-078_ses-01_task-szMonitoring_run-10,49.636322021484375,0.05931153893470764,0.0
0,78,sub-078_ses-01_task-szMonitoring_run-10,58.88340377807617,0.04805487394332886,0.0
0,78,sub-078_ses-01_task-szMonitoring_run-11,74.72150421142578,0.07682275027036667,0.0
0,78,sub-078_ses-01_task-szMonitoring_run-12,44.480262756347656,0.04559335857629776,0.0
0,78,sub-078_ses-01_task-szMonitoring_run-13,49.55110549926758,0.07124879956245422,0.0
0,78,sub-078_ses-01_task-szMonitoring_run-14,40.56117248535156,0.05430462956428528,0.0
0,78,sub-078_ses-01_task-szMonitoring_run-14,53.58714294433594,0.06018710881471634,0.0
0,78,sub-078_ses-01_task-szMonitoring_run-14,23.500574111938477,0.1452200934290886,0.0
0,78,sub-078_ses-01_task-szMonitoring_run-15,17.804994583129883,0.06533492356538773,0.0
0,78,sub-078_ses-01_task-szMonitoring_run-15,83.95071411132812,0.052542515099048615,0.0
0,78,sub-078_ses-01_task-szMonitoring_run-15,33.417484283447266,0.1298152357339859,0.0
0,78,sub-078_ses-01_task-szMonitoring_run-16,62.85907745361328,0.06099317967891693,0.0
0,78,sub-078_ses-01_task-szMonitoring_run-16,26.913970947265625,0.04832472652196884,0.0
0,78,sub-078_ses-01_task-szMonitoring_run-16,39.450714111328125,0.09672559797763824,0.0
0,78,sub-078_ses-01_task-szMonitoring_run-16,36.35825729370117,0.053915537893772125,0.0
0,78,sub-078_ses-01_task-szMonitoring_run-16,51.50489807128906,0.07473517209291458,0.0
0,78,sub-078_ses-01_task-szMonitoring_run-16,39.594722747802734,0.049781762063503265,0.0
0,78,sub-078_ses-01_task-szMonitoring_run-16,3.970618724822998,0.04640968143939972,0.0
0,78,sub-078_ses-01_task-szMonitoring_run-16,3.733167886734009,0.053171537816524506,0.0
0,78,sub-078_ses-01_task-szMonitoring_run-18,11.119062423706055,0.1313403882086277,0.0
0,78,sub-078_ses-01_task-szMonitoring_run-19,13.291764259338379,0.15060167014598846,0.0
0,78,sub-078_ses-01_task-szMonitoring_run-19,12.219799041748047,0.14988461136817932,0.0
0,78,sub-078_ses-01_task-szMonitoring_run-20,10.50129222869873,0.03649229742586613,0.0
0,78,sub-078_ses-01_task-szMonitoring_run-20,21.296884536743164,0.05129156820476055,0.0
0,78,sub-078_ses-01_task-szMonitoring_run-20,13.073369026184082,0.044689999893307686,0.0
0,78,sub-078_ses-01_task-szMonitoring_run-21,24.669198989868164,0.14013005048036575,0.0
0,78,sub-078_ses-01_task-szMonitoring_run-21,20.7900333404541,0.0942220613360405,0.0
0,78,sub-078_ses-01_task-szMonitoring_run-21,32.7778434753418,0.14789840579032898,0.0
0,78,sub-078_ses-01_task-szMonitoring_run-21,19.259790420532227,0.05922417342662811,0.0
0,78,sub-078_ses-01_task-szMonitoring_run-21,28.634798049926758,0.02423100546002388,0.0
0,78,sub-078_ses-01_task-szMonitoring_run-21,24.979127883911133,0.14013005048036575,0.0
0,78,sub-078_ses-01_task-szMonitoring_run-21,24.00787925720215,0.04679635725915432,0.0
0,78,sub-078_ses-01_task-szMonitoring_run-21,27.938859939575195,0.165706567466259,0.0
0,78,sub-078_ses-01_task-szMonitoring_run-22,26.986215591430664,0.09829436615109444,0.0
0,78,sub-078_ses-01_task-szMonitoring_run-22,32.36733627319336,0.09667074307799339,0.0
0,78,sub-078_ses-01_task-szMonitoring_run-22,17.753589630126953,0.13474920392036438,0.0
0,78,sub-078_ses-01_task-szMonitoring_run-23,30.086965560913086,0.1882118582725525,0.0
0,78,sub-078_ses-01_task-szMonitoring_run-23,39.19073486328125,0.13487575203180313,0.0
0,78,sub-078_ses-01_task-szMonitoring_run-23,10.746593475341797,0.11812666803598404,0.0
0,78,sub-078_ses-01_task-szMonitoring_run-23,12.58520221710205,0.05150171369314194,0.0
0,78,sub-078_ses-01_task-szMonitoring_run-23,21.444713592529297,0.16569363325834274,0.0
0,78,sub-078_ses-01_task-szMonitoring_run-23,36.1645622253418,0.15321702510118484,0.0
0,78,sub-078_ses-01_task-szMonitoring_run-24,5.91392183303833,0.17883643507957458,0.0
0,78,sub-078_ses-01_task-szMonitoring_run-24,23.365360260009766,0.11121989320963621,0.0
0,78,sub-078_ses-01_task-szMonitoring_run-24,18.309484481811523,0.24931932985782623,0.0
0,78,sub-078_ses-01_task-szMonitoring_run-24,7.085468292236328,0.07928280718624592,0.0
0,78,sub-078_ses-01_task-szMonitoring_run-24,18.166168212890625,0.24402716010808945,0.0
0,78,sub-078_ses-01_task-szMonitoring_run-25,28.627422332763672,0.04963459260761738,0.0
0,78,sub-078_ses-01_task-szMonitoring_run-25,24.554140090942383,0.10175821185112,0.0
0,78,sub-078_ses-01_task-szMonitoring_run-25,29.329063415527344,0.17111047357320786,0.0
1,78,sub-078_ses-01_task-szMonitoring_run-26,106.88021850585938,0.05114645138382912,0.0
1,78,sub-078_ses-01_task-szMonitoring_run-26,100.53627014160156,0.054976239800453186,0.0
1,78,sub-078_ses-01_task-szMonitoring_run-26,34.2407341003418,0.11739495396614075,0.0
1,78,sub-078_ses-01_task-szMonitoring_run-26,110.47372436523438,0.044759564101696014,0.0
1,78,sub-078_ses-01_task-szMonitoring_run-26,37.20467758178711,0.10872000455856323,0.0
1,78,sub-078_ses-01_task-szMonitoring_run-26,107.27741241455078,0.04887603037059307,0.0
1,78,sub-078_ses-01_task-szMonitoring_run-26,42.575103759765625,0.09728303551673889,0.0
1,78,sub-078_ses-01_task-szMonitoring_run-26,92.7848892211914,0.06117716245353222,0.0
0,78,sub-078_ses-01_task-szMonitoring_run-26,32.75578308105469,0.03771451860666275,0.0
0,78,sub-078_ses-01_task-szMonitoring_run-27,40.35770797729492,0.07838484644889832,0.0
0,78,sub-078_ses-01_task-szMonitoring_run-27,4.431536674499512,0.32111879996955395,0.0
0,78,sub-078_ses-01_task-szMonitoring_run-27,43.814857482910156,0.07201112434267998,0.0
0,78,sub-078_ses-01_task-szMonitoring_run-27,20.70816993713379,0.1684092879295349,0.0
0,78,sub-078_ses-01_task-szMonitoring_run-27,35.407230377197266,0.08531924709677696,0.0
0,78,sub-078_ses-01_task-szMonitoring_run-27,9.5538969039917,0.2890242263674736,0.0
0,78,sub-078_ses-01_task-szMonitoring_run-28,21.14374351501465,0.14308462664484978,0.0
0,78,sub-078_ses-01_task-szMonitoring_run-28,15.578269958496094,0.15951069444417953,0.0
0,78,sub-078_ses-01_task-szMonitoring_run-28,19.83670425415039,0.11979904770851135,0.0
0,78,sub-078_ses-01_task-szMonitoring_run-29,16.03609275817871,0.15846816822886467,0.0
0,78,sub-078_ses-01_task-szMonitoring_run-29,24.962392807006836,0.04091037064790726,0.0
0,78,sub-078_ses-01_task-szMonitoring_run-30,39.125553131103516,0.052989810705184937,0.0
0,78,sub-078_ses-01_task-szMonitoring_run-31,47.609405517578125,0.024225632660090923,0.0
0,78,sub-078_ses-01_task-szMonitoring_run-31,35.92312240600586,0.01772032305598259,0.0
0,78,sub-078_ses-01_task-szMonitoring_run-31,8.807051658630371,0.05877444427460432,0.0
0,78,sub-078_ses-01_task-szMonitoring_run-33,43.57297897338867,0.05376055836677551,0.0
0,78,sub-078_ses-01_task-szMonitoring_run-33,42.90974044799805,0.06875628978013992,0.0
0,78,sub-078_ses-01_task-szMonitoring_run-33,49.16037368774414,0.06186545640230179,0.0
0,78,sub-078_ses-01_task-szMonitoring_run-33,55.73954391479492,0.061002522706985474,0.0
0,78,sub-078_ses-01_task-szMonitoring_run-34,70.88878631591797,0.06598621606826782,0.0
0,78,sub-078_ses-01_task-szMonitoring_run-35,26.126617431640625,0.11198272183537483,0.0
0,78,sub-078_ses-01_task-szMonitoring_run-35,22.76249122619629,0.07806761935353279,0.0
0,78,sub-078_ses-01_task-szMonitoring_run-36,20.412931442260742,0.1573411226272583,0.0
0,78,sub-078_ses-01_task-szMonitoring_run-36,18.66437530517578,0.13654432818293571,0.0
0,78,sub-078_ses-01_task-szMonitoring_run-36,21.533309936523438,0.10105233639478683,0.0
0,78,sub-078_ses-01_task-szMonitoring_run-37,127.56723022460938,0.11505654454231262,0.0
0,78,sub-078_ses-01_task-szMonitoring_run-37,38.165069580078125,0.07598461955785751,0.0
0,78,sub-078_ses-01_task-szMonitoring_run-37,12.891581535339355,0.19579439610242844,0.0
0,78,sub-078_ses-01_task-szMonitoring_run-37,13.827713966369629,0.19972418248653412,0.0
0,78,sub-078_ses-01_task-szMonitoring_run-38,14.963957786560059,0.10134250670671463,0.0
0,78,sub-078_ses-01_task-szMonitoring_run-39,62.97053146362305,0.06460139527916908,0.0
0,78,sub-078_ses-01_task-szMonitoring_run-39,28.25877571105957,0.06855601072311401,0.0
0,78,sub-078_ses-01_task-szMonitoring_run-39,41.784732818603516,0.043737225234508514,0.0
0,78,sub-078_ses-01_task-szMonitoring_run-41,20.81995964050293,0.1708252727985382,0.0
0,78,sub-078_ses-01_task-szMonitoring_run-41,10.842321395874023,0.10545044019818306,0.0
0,78,sub-078_ses-01_task-szMonitoring_run-41,8.742724418640137,0.03478461783379316,0.0
0,78,sub-078_ses-01_task-szMonitoring_run-41,9.732025146484375,0.034516933374106884,0.0
0,78,sub-078_ses-01_task-szMonitoring_run-41,17.98966407775879,0.07886519283056259,0.0
0,78,sub-078_ses-01_task-szMonitoring_run-41,23.422719955444336,0.07616348937153816,0.0
0,78,sub-078_ses-01_task-szMonitoring_run-42,51.898902893066406,0.12429758161306381,0.0
0,78,sub-078_ses-01_task-szMonitoring_run-42,10.331052780151367,0.15584035217761993,0.0
0,78,sub-078_ses-01_task-szMonitoring_run-42,32.46527862548828,0.07955724745988846,0.0
0,78,sub-078_ses-01_task-szMonitoring_run-43,18.312044143676758,0.0888083465397358,0.0
0,78,sub-078_ses-01_task-szMonitoring_run-44,31.473758697509766,0.07747363857924938,0.0
0,78,sub-078_ses-01_task-szMonitoring_run-44,53.52827453613281,0.03866646625101566,0.0
0,78,sub-078_ses-01_task-szMonitoring_run-45,30.429203033447266,0.08884777128696442,0.0
0,78,sub-078_ses-01_task-szMonitoring_run-46,6.329488754272461,0.24470449052751064,0.0
0,78,sub-078_ses-01_task-szMonitoring_run-47,8.419203758239746,0.05569880502298474,0.0
0,78,sub-078_ses-01_task-szMonitoring_run-47,41.16056442260742,0.020687665790319443,0.0
0,78,sub-078_ses-01_task-szMonitoring_run-47,12.10000991821289,0.044876961037516594,0.0
0,78,sub-078_ses-01_task-szMonitoring_run-48,23.0228214263916,0.07113396935164928,0.0
0,78,sub-078_ses-01_task-szMonitoring_run-48,24.407930374145508,0.08495229482650757,0.0
0,78,sub-078_ses-01_task-szMonitoring_run-48,54.10184860229492,0.14023058116436005,0.0
0,78,sub-078_ses-01_task-szMonitoring_run-48,6.188908100128174,0.03590586222708225,0.0
0,78,sub-078_ses-01_task-szMonitoring_run-48,65.1754379272461,0.08071219176054001,0.0
0,78,sub-078_ses-01_task-szMonitoring_run-48,46.922645568847656,0.1608639433979988,0.0
0,78,sub-078_ses-01_task-szMonitoring_run-48,14.55364990234375,0.051387134939432144,0.0
0,78,sub-078_ses-01_task-szMonitoring_run-49,74.23748016357422,0.09462518990039825,0.0
0,78,sub-078_ses-01_task-szMonitoring_run-50,14.957405090332031,0.03689511679112911,0.0
0,78,sub-078_ses-01_task-szMonitoring_run-50,15.479626655578613,0.0240172715857625,0.0
0,78,sub-078_ses-01_task-szMonitoring_run-50,22.49948501586914,0.025159665383398533,0.0
0,78,sub-078_ses-01_task-szMonitoring_run-50,16.87200355529785,0.017786516807973385,0.0
0,78,sub-078_ses-01_task-szMonitoring_run-50,16.30207061767578,0.04438021779060364,0.0
0,78,sub-078_ses-01_task-szMonitoring_run-50,33.21639633178711,0.025447944179177284,0.0
0,78,sub-078_ses-01_task-szMonitoring_run-50,14.68548583984375,0.04921721201390028,0.0
0,78,sub-078_ses-01_task-szMonitoring_run-50,27.753337860107422,0.10934315994381905,0.0
0,78,sub-078_ses-01_task-szMonitoring_run-51,32.5188102722168,0.14847851917147636,0.0
0,78,sub-078_ses-01_task-szMonitoring_run-51,18.87516212463379,0.03996462561190128,0.0
0,78,sub-078_ses-01_task-szMonitoring_run-51,9.338135719299316,0.09135292889550328,0.0
0,78,sub-078_ses-01_task-szMonitoring_run-51,64.82617950439453,0.04621835798025131,0.0
0,78,sub-078_ses-01_task-szMonitoring_run-52,14.458382606506348,0.07019274961203337,0.0
0,78,sub-078_ses-01_task-szMonitoring_run-52,33.362205505371094,0.013612118549644947,0.0
0,78,sub-078_ses-01_task-szMonitoring_run-52,23.94634437561035,0.013162389397621155,0.0
0,78,sub-078_ses-01_task-szMonitoring_run-52,16.589879989624023,0.05510936491191387,0.0
0,78,sub-078_ses-01_task-szMonitoring_run-52,54.24644470214844,0.014922802336513996,0.0
0,78,sub-078_ses-01_task-szMonitoring_run-52,17.941158294677734,0.05210176482796669,0.0
0,78,sub-078_ses-01_task-szMonitoring_run-52,15.887870788574219,0.0622679628431797,0.0
0,78,sub-078_ses-01_task-szMonitoring_run-52,32.39326477050781,0.015093551948666573,0.0
0,78,sub-078_ses-01_task-szMonitoring_run-53,23.319080352783203,0.027577482163906097,0.0
0,78,sub-078_ses-01_task-szMonitoring_run-53,7.232630729675293,0.15380120277404785,0.0
0,78,sub-078_ses-01_task-szMonitoring_run-53,62.08906173706055,0.010086847469210625,0.0
0,78,sub-078_ses-01_task-szMonitoring_run-53,16.8281307220459,0.08109491318464279,0.0
0,78,sub-078_ses-01_task-szMonitoring_run-53,9.943394660949707,0.12659695744514465,0.0
0,78,sub-078_ses-01_task-szMonitoring_run-54,16.818965911865234,0.13852400332689285,0.0
0,78,sub-078_ses-01_task-szMonitoring_run-54,20.326560974121094,0.13041429966688156,0.0
0,78,sub-078_ses-01_task-szMonitoring_run-54,46.94586181640625,0.08085799217224121,0.0
0,78,sub-078_ses-01_task-szMonitoring_run-54,26.599449157714844,0.13231436908245087,0.0
0,78,sub-078_ses-01_task-szMonitoring_run-55,14.471634864807129,0.05080097820609808,0.0
0,78,sub-078_ses-01_task-szMonitoring_run-55,54.94538497924805,0.059782326221466064,0.0
0,78,sub-078_ses-01_task-szMonitoring_run-55,18.19584846496582,0.04077353794127703,0.0
0,78,sub-078_ses-01_task-szMonitoring_run-55,30.396547317504883,0.09016614407300949,0.0
0,78,sub-078_ses-01_task-szMonitoring_run-55,20.959083557128906,0.08119262009859085,0.0
0,78,sub-078_ses-01_task-szMonitoring_run-56,4.301553249359131,0.028105804696679115,0.0
0,78,sub-078_ses-01_task-szMonitoring_run-56,19.011091232299805,0.11008937284350395,0.0
0,78,sub-078_ses-01_task-szMonitoring_run-56,41.91209030151367,0.03870902955532074,0.0
0,78,sub-078_ses-01_task-szMonitoring_run-57,11.278793334960938,0.03922661393880844,0.0
0,78,sub-078_ses-01_task-szMonitoring_run-57,46.11684036254883,0.06500391848385334,0.0
0,78,sub-078_ses-01_task-szMonitoring_run-58,26.784015655517578,0.0323925381526351,0.0
0,78,sub-078_ses-01_task-szMonitoring_run-58,13.890178680419922,0.0480012372136116,0.0
0,78,sub-078_ses-01_task-szMonitoring_run-59,14.683894157409668,0.07983188703656197,0.0
0,78,sub-078_ses-01_task-szMonitoring_run-59,21.292512893676758,0.05114826560020447,0.0
0,78,sub-078_ses-01_task-szMonitoring_run-59,13.064733505249023,0.05022333934903145,0.0
0,78,sub-078_ses-01_task-szMonitoring_run-59,14.269000053405762,0.049176229164004326,0.0
0,78,sub-078_ses-01_task-szMonitoring_run-60,9.063199996948242,0.03551510535180569,0.0
0,78,sub-078_ses-01_task-szMonitoring_run-60,17.462291717529297,0.2048969715833664,0.0
0,78,sub-078_ses-01_task-szMonitoring_run-60,15.444092750549316,0.07764985039830208,0.0
0,78,sub-078_ses-01_task-szMonitoring_run-60,25.909387588500977,0.22080490738153458,0.0
0,78,sub-078_ses-01_task-szMonitoring_run-61,51.32455825805664,0.05302550829946995,0.0
0,78,sub-078_ses-01_task-szMonitoring_run-61,14.37435245513916,0.10517071932554245,0.0
0,78,sub-078_ses-01_task-szMonitoring_run-61,53.67770004272461,0.04676949046552181,0.0
0,78,sub-078_ses-01_task-szMonitoring_run-62,25.274900436401367,0.17445536330342293,0.0
0,78,sub-078_ses-01_task-szMonitoring_run-62,79.48259735107422,0.09835498034954071,0.0
0,78,sub-078_ses-01_task-szMonitoring_run-63,30.96226692199707,0.13153839111328125,0.0
0,78,sub-078_ses-01_task-szMonitoring_run-64,3.6904265880584717,0.04833432659506798,0.0
0,78,sub-078_ses-01_task-szMonitoring_run-64,21.06301498413086,0.07515407353639603,0.0
0,78,sub-078_ses-01_task-szMonitoring_run-64,14.200343132019043,0.14751075208187103,0.0
0,78,sub-078_ses-01_task-szMonitoring_run-64,21.416399002075195,0.06604104116559029,0.0
0,78,sub-078_ses-01_task-szMonitoring_run-65,27.830116271972656,0.12501180917024612,0.0
0,78,sub-078_ses-01_task-szMonitoring_run-66,11.943889617919922,0.1209685243666172,0.0
0,78,sub-078_ses-01_task-szMonitoring_run-66,25.00139045715332,0.09283806942403316,0.0
0,78,sub-078_ses-01_task-szMonitoring_run-66,40.26953887939453,0.06805302202701569,0.0
0,78,sub-078_ses-01_task-szMonitoring_run-68,26.394041061401367,0.023010646924376488,0.0
0,78,sub-078_ses-01_task-szMonitoring_run-68,5.324798583984375,0.014173654839396477,0.0
0,78,sub-078_ses-01_task-szMonitoring_run-68,25.11635971069336,0.1452343426644802,0.0
0,78,sub-078_ses-01_task-szMonitoring_run-68,35.51688766479492,0.07410156726837158,0.0
0,78,sub-078_ses-01_task-szMonitoring_run-69,37.32157516479492,0.02696332335472107,0.0
0,78,sub-078_ses-01_task-szMonitoring_run-69,22.627674102783203,0.009801418520510197,0.0
0,78,sub-078_ses-01_task-szMonitoring_run-69,22.94806480407715,0.009593265131115913,0.0
0,78,sub-078_ses-01_task-szMonitoring_run-69,33.59315490722656,0.009885613806545734,0.0
0,78,sub-078_ses-01_task-szMonitoring_run-70,15.446120262145996,0.020583951845765114,0.0
0,78,sub-078_ses-01_task-szMonitoring_run-70,15.728675842285156,0.02118820883333683,0.0
0,78,sub-078_ses-01_task-szMonitoring_run-70,48.085960388183594,0.020283764228224754,0.0
0,78,sub-078_ses-01_task-szMonitoring_run-70,56.7366943359375,0.026385078206658363,0.0
0,78,sub-078_ses-01_task-szMonitoring_run-70,40.36547088623047,0.02319803647696972,0.0
0,78,sub-078_ses-01_task-szMonitoring_run-70,32.91727828979492,0.02724364772439003,0.0
0,78,sub-078_ses-01_task-szMonitoring_run-71,13.890621185302734,0.04014138877391815,0.0
0,78,sub-078_ses-01_task-szMonitoring_run-71,16.675369262695312,0.041921187192201614,0.0
0,78,sub-078_ses-01_task-szMonitoring_run-71,9.90939998626709,0.03502918407320976,0.0
0,78,sub-078_ses-01_task-szMonitoring_run-71,16.644943237304688,0.04871983453631401,0.0
0,78,sub-078_ses-01_task-szMonitoring_run-72,10.804390907287598,0.15731210820376873,0.0
0,78,sub-078_ses-01_task-szMonitoring_run-72,43.21397018432617,0.06112873554229736,0.0
0,78,sub-078_ses-01_task-szMonitoring_run-72,76.4664077758789,0.06323598325252533,0.0
0,78,sub-078_ses-01_task-szMonitoring_run-72,46.91530227661133,0.11148764938116074,0.0
0,78,sub-078_ses-01_task-szMonitoring_run-73,48.8611946105957,0.051205314695835114,0.0
0,78,sub-078_ses-01_task-szMonitoring_run-73,40.064876556396484,0.05973789840936661,0.0
0,78,sub-078_ses-01_task-szMonitoring_run-73,46.31072235107422,0.06703459471464157,0.0
0,78,sub-078_ses-01_task-szMonitoring_run-73,65.11328125,0.03983597457408905,0.0
0,78,sub-078_ses-01_task-szMonitoring_run-74,34.96681213378906,0.13034455478191376,0.0
0,78,sub-078_ses-01_task-szMonitoring_run-74,14.912272453308105,0.03417165670543909,0.0
0,78,sub-078_ses-01_task-szMonitoring_run-75,9.741301536560059,0.01853810902684927,0.0
0,78,sub-078_ses-01_task-szMonitoring_run-75,10.194321632385254,0.12967904843389988,0.0
0,78,sub-078_ses-01_task-szMonitoring_run-76,68.8233642578125,0.008973953779786825,0.0
0,78,sub-078_ses-01_task-szMonitoring_run-76,31.734277725219727,0.007759131491184235,0.0
1,79,sub-079_ses-01_task-szMonitoring_run-01,26.994152069091797,0.1355440691113472,0.0
1,79,sub-079_ses-01_task-szMonitoring_run-01,25.508386611938477,0.13809019327163696,0.0
1,79,sub-079_ses-01_task-szMonitoring_run-01,27.621366500854492,0.1312425658106804,0.0
1,79,sub-079_ses-01_task-szMonitoring_run-01,25.71932029724121,0.14231407642364502,0.0
1,79,sub-079_ses-01_task-szMonitoring_run-01,24.59463119506836,0.14591379463672638,0.0
1,79,sub-079_ses-01_task-szMonitoring_run-01,29.063203811645508,0.12732090801000595,0.0
1,79,sub-079_ses-01_task-szMonitoring_run-01,25.562349319458008,0.1428743675351143,0.0
0,79,sub-079_ses-01_task-szMonitoring_run-01,16.708484649658203,0.14032872766256332,0.0
0,79,sub-079_ses-01_task-szMonitoring_run-01,38.427059173583984,0.10670673102140427,0.0
0,79,sub-079_ses-01_task-szMonitoring_run-01,14.73876953125,0.1748919039964676,0.0
0,79,sub-079_ses-01_task-szMonitoring_run-01,13.787747383117676,0.14321142435073853,0.0
0,79,sub-079_ses-01_task-szMonitoring_run-01,15.283498764038086,0.13991256430745125,0.0
1,79,sub-079_ses-01_task-szMonitoring_run-02,18.892026901245117,0.14493155479431152,0.0
1,79,sub-079_ses-01_task-szMonitoring_run-02,17.903491973876953,0.14736155420541763,0.0
1,79,sub-079_ses-01_task-szMonitoring_run-02,18.587732315063477,0.1431722268462181,0.0
1,79,sub-079_ses-01_task-szMonitoring_run-02,17.088417053222656,0.14139993116259575,0.0
1,79,sub-079_ses-01_task-szMonitoring_run-02,18.25353240966797,0.14527662843465805,0.0
1,79,sub-079_ses-01_task-szMonitoring_run-02,18.72307586669922,0.1421303153038025,0.0
0,79,sub-079_ses-01_task-szMonitoring_run-02,44.92155456542969,0.08011581376194954,0.0
0,79,sub-079_ses-01_task-szMonitoring_run-02,14.83562183380127,0.1415196731686592,0.0
0,79,sub-079_ses-01_task-szMonitoring_run-02,8.882556915283203,0.14655784144997597,0.0
0,79,sub-079_ses-01_task-szMonitoring_run-02,61.866310119628906,0.056194111704826355,0.0
0,79,sub-079_ses-01_task-szMonitoring_run-03,14.032273292541504,0.11903530731797218,0.0
0,79,sub-079_ses-01_task-szMonitoring_run-04,30.911237716674805,0.0746142789721489,0.0
0,79,sub-079_ses-01_task-szMonitoring_run-04,12.39533805847168,0.14678392186760902,0.0
0,79,sub-079_ses-01_task-szMonitoring_run-06,13.963801383972168,0.22486413083970547,0.0
0,79,sub-079_ses-01_task-szMonitoring_run-06,12.365823745727539,0.18937715701758862,0.0
0,79,sub-079_ses-01_task-szMonitoring_run-06,15.631448745727539,0.16030771285295486,0.0
1,79,sub-079_ses-01_task-szMonitoring_run-07,20.909151077270508,0.12716767936944962,0.0
1,79,sub-079_ses-01_task-szMonitoring_run-07,20.306987762451172,0.1311349868774414,0.0
1,79,sub-079_ses-01_task-szMonitoring_run-07,20.87824058532715,0.12805860489606857,0.0
1,79,sub-079_ses-01_task-szMonitoring_run-07,22.60820198059082,0.12397225946187973,0.0
1,79,sub-079_ses-01_task-szMonitoring_run-07,25.906139373779297,0.11463039368391037,0.0
1,79,sub-079_ses-01_task-szMonitoring_run-07,26.46600914001465,0.11411402374505997,0.0
0,79,sub-079_ses-01_task-szMonitoring_run-07,10.222245216369629,0.21599097177386284,0.0
0,79,sub-079_ses-01_task-szMonitoring_run-07,34.561065673828125,0.15269752964377403,0.0
0,79,sub-079_ses-01_task-szMonitoring_run-07,13.915902137756348,0.15329429507255554,0.0
0,79,sub-079_ses-01_task-szMonitoring_run-07,69.07022094726562,0.09278136491775513,0.0
0,79,sub-079_ses-01_task-szMonitoring_run-08,11.175732612609863,0.07189933583140373,0.0
1,79,sub-079_ses-01_task-szMonitoring_run-09,25.405399322509766,0.07614604756236076,0.0
1,79,sub-079_ses-01_task-szMonitoring_run-09,25.4730224609375,0.07504942268133163,0.0
1,79,sub-079_ses-01_task-szMonitoring_run-09,25.300064086914062,0.07653447985649109,0.0
1,79,sub-079_ses-01_task-szMonitoring_run-09,25.393312454223633,0.07645183056592941,0.0
1,79,sub-079_ses-01_task-szMonitoring_run-09,25.08282470703125,0.07716073840856552,0.0
1,79,sub-079_ses-01_task-szMonitoring_run-09,25.09703826904297,0.07836945727467537,0.0
1,79,sub-079_ses-01_task-szMonitoring_run-09,25.151296615600586,0.07754012569785118,0.0
0,79,sub-079_ses-01_task-szMonitoring_run-09,42.678287506103516,0.0871254950761795,0.0
0,79,sub-079_ses-01_task-szMonitoring_run-09,13.784379959106445,0.17873350530862808,0.0
0,79,sub-079_ses-01_task-szMonitoring_run-10,19.939453125,0.20083923265337944,0.0
0,79,sub-079_ses-01_task-szMonitoring_run-11,12.762434959411621,0.16378696635365486,0.0
1,79,sub-079_ses-01_task-szMonitoring_run-12,18.502756118774414,0.09828400611877441,0.0
1,79,sub-079_ses-01_task-szMonitoring_run-12,17.550905227661133,0.10227182880043983,0.0
1,79,sub-079_ses-01_task-szMonitoring_run-12,22.34458351135254,0.10153395310044289,0.0
1,79,sub-079_ses-01_task-szMonitoring_run-12,22.225547790527344,0.10168028250336647,0.0
1,79,sub-079_ses-01_task-szMonitoring_run-12,21.390605926513672,0.10329535976052284,0.0
1,79,sub-079_ses-01_task-szMonitoring_run-12,22.168561935424805,0.1025339812040329,0.0
0,79,sub-079_ses-01_task-szMonitoring_run-12,18.595951080322266,0.11428967863321304,0.0
0,79,sub-079_ses-01_task-szMonitoring_run-13,13.150337219238281,0.09586441516876221,0.0
0,79,sub-079_ses-01_task-szMonitoring_run-13,48.89247131347656,0.040651921182870865,0.0
1,79,sub-079_ses-01_task-szMonitoring_run-14,35.38911819458008,0.06322772055864334,0.0
1,79,sub-079_ses-01_task-szMonitoring_run-14,35.03274917602539,0.060689497739076614,0.0
1,79,sub-079_ses-01_task-szMonitoring_run-14,33.8193359375,0.06502216309309006,0.0
1,79,sub-079_ses-01_task-szMonitoring_run-14,35.847286224365234,0.061442781239748,0.0
1,79,sub-079_ses-01_task-szMonitoring_run-14,33.82008361816406,0.06152105703949928,0.0
1,79,sub-079_ses-01_task-szMonitoring_run-14,29.031997680664062,0.06609639897942543,0.0
1,79,sub-079_ses-01_task-szMonitoring_run-16,26.657182693481445,0.10476172342896461,0.0
1,79,sub-079_ses-01_task-szMonitoring_run-16,23.490062713623047,0.08897853642702103,0.0
1,79,sub-079_ses-01_task-szMonitoring_run-16,26.600299835205078,0.09995706006884575,0.0
1,79,sub-079_ses-01_task-szMonitoring_run-16,22.460247039794922,0.09427723661065102,0.0
1,79,sub-079_ses-01_task-szMonitoring_run-16,26.788162231445312,0.10517776384949684,0.0
0,79,sub-079_ses-01_task-szMonitoring_run-16,29.43003273010254,0.08451825380325317,0.0
0,79,sub-079_ses-01_task-szMonitoring_run-16,47.45348358154297,0.11620594561100006,0.0
0,79,sub-079_ses-01_task-szMonitoring_run-16,48.371681213378906,0.11251822859048843,0.0
1,79,sub-079_ses-01_task-szMonitoring_run-17,5.833144187927246,0.1803280245512724,0.0
1,79,sub-079_ses-01_task-szMonitoring_run-17,6.849010944366455,0.18313168734312057,0.0
1,79,sub-079_ses-01_task-szMonitoring_run-17,41.338069915771484,0.04089154675602913,0.0
1,79,sub-079_ses-01_task-szMonitoring_run-17,42.21772003173828,0.04056316986680031,0.0
1,79,sub-079_ses-01_task-szMonitoring_run-17,41.702049255371094,0.04044331982731819,0.0
1,79,sub-079_ses-01_task-szMonitoring_run-17,7.366113185882568,0.1802275851368904,0.0
1,79,sub-079_ses-01_task-szMonitoring_run-17,11.315804481506348,0.15903279185295105,0.0
1,79,sub-079_ses-01_task-szMonitoring_run-17,9.798211097717285,0.16629984974861145,0.0
1,79,sub-079_ses-01_task-szMonitoring_run-17,15.84984302520752,0.130417387932539,0.0
1,79,sub-079_ses-01_task-szMonitoring_run-17,43.8408088684082,0.043991897255182266,0.0
1,79,sub-079_ses-01_task-szMonitoring_run-17,44.1046257019043,0.04415030777454376,0.0
1,79,sub-079_ses-01_task-szMonitoring_run-17,45.16494369506836,0.042345136404037476,0.0
1,79,sub-079_ses-01_task-szMonitoring_run-17,6.264169216156006,0.17840858362615108,0.0
0,79,sub-079_ses-01_task-szMonitoring_run-17,51.1008415222168,0.039309609681367874,0.0
0,79,sub-079_ses-01_task-szMonitoring_run-18,18.333385467529297,0.06663180515170097,0.0
0,79,sub-079_ses-01_task-szMonitoring_run-18,18.65839385986328,0.08420810848474503,0.0
0,79,sub-079_ses-01_task-szMonitoring_run-18,57.515220642089844,0.04383324459195137,0.0
0,79,sub-079_ses-01_task-szMonitoring_run-19,16.331314086914062,0.05105196684598923,0.0
0,80,sub-080_ses-01_task-szMonitoring_run-01,20.912948608398438,0.06668456643819809,0.0
0,80,sub-080_ses-01_task-szMonitoring_run-01,15.644063949584961,0.0523514524102211,0.0
0,80,sub-080_ses-01_task-szMonitoring_run-01,17.620834350585938,0.06668300181627274,0.0
0,80,sub-080_ses-01_task-szMonitoring_run-01,8.978927612304688,0.07780518382787704,0.0
0,80,sub-080_ses-01_task-szMonitoring_run-02,23.272586822509766,0.08025068789720535,0.0
0,80,sub-080_ses-01_task-szMonitoring_run-02,24.548049926757812,0.08053681254386902,0.0
0,80,sub-080_ses-01_task-szMonitoring_run-02,26.079811096191406,0.08169519156217575,0.0
0,80,sub-080_ses-01_task-szMonitoring_run-03,64.70462799072266,0.05314083769917488,0.0
0,80,sub-080_ses-01_task-szMonitoring_run-03,23.561826705932617,0.09003409370779991,0.0
0,80,sub-080_ses-01_task-szMonitoring_run-03,20.09966278076172,0.07787942886352539,0.0
0,80,sub-080_ses-01_task-szMonitoring_run-04,11.659980773925781,0.03947477135807276,0.0
1,80,sub-080_ses-01_task-szMonitoring_run-05,7.313162803649902,0.2542717084288597,0.0
1,80,sub-080_ses-01_task-szMonitoring_run-05,8.430150032043457,0.23913883417844772,0.0
1,80,sub-080_ses-01_task-szMonitoring_run-05,7.449792385101318,0.25641898810863495,0.0
1,80,sub-080_ses-01_task-szMonitoring_run-05,7.211633682250977,0.24650262296199799,0.0
0,80,sub-080_ses-01_task-szMonitoring_run-05,7.139089107513428,0.27039042860269547,0.0
1,80,sub-080_ses-01_task-szMonitoring_run-06,9.24278736114502,0.16868145763874054,0.0
1,80,sub-080_ses-01_task-szMonitoring_run-06,14.547019004821777,0.14438613504171371,0.0
1,80,sub-080_ses-01_task-szMonitoring_run-06,9.608651161193848,0.1602703183889389,0.0
1,80,sub-080_ses-01_task-szMonitoring_run-06,9.232888221740723,0.16356529295444489,0.0
1,80,sub-080_ses-01_task-szMonitoring_run-06,12.078182220458984,0.14463312178850174,0.0
1,80,sub-080_ses-01_task-szMonitoring_run-06,9.857355117797852,0.16025816649198532,0.0
1,80,sub-080_ses-01_task-szMonitoring_run-06,9.736833572387695,0.1615178883075714,0.0
1,80,sub-080_ses-01_task-szMonitoring_run-06,10.01317024230957,0.15198837220668793,0.0
0,80,sub-080_ses-01_task-szMonitoring_run-06,6.711853504180908,0.17904182523488998,0.0
0,80,sub-080_ses-01_task-szMonitoring_run-06,8.098910331726074,0.19419046118855476,0.0
0,80,sub-080_ses-01_task-szMonitoring_run-06,16.149574279785156,0.172886710613966,0.0
0,80,sub-080_ses-01_task-szMonitoring_run-07,29.738557815551758,0.1201784498989582,0.0
0,80,sub-080_ses-01_task-szMonitoring_run-07,17.51565170288086,0.199563629925251,0.0
0,80,sub-080_ses-01_task-szMonitoring_run-07,16.417945861816406,0.1380651593208313,0.0
0,80,sub-080_ses-01_task-szMonitoring_run-07,24.631189346313477,0.11463350802659988,0.0
0,80,sub-080_ses-01_task-szMonitoring_run-08,7.694223880767822,0.05211825668811798,0.0
0,80,sub-080_ses-01_task-szMonitoring_run-08,51.083045959472656,0.05328105390071869,0.0
0,80,sub-080_ses-01_task-szMonitoring_run-09,10.084906578063965,0.1772836297750473,0.0
0,80,sub-080_ses-01_task-szMonitoring_run-09,13.721939086914062,0.16078342869877815,0.0
0,80,sub-080_ses-01_task-szMonitoring_run-10,12.237109184265137,0.16142741963267326,0.0
0,80,sub-080_ses-01_task-szMonitoring_run-11,41.8475227355957,0.08490986004471779,0.0
0,80,sub-080_ses-01_task-szMonitoring_run-11,8.896944999694824,0.2119792103767395,0.0
1,80,sub-080_ses-01_task-szMonitoring_run-12,7.694803714752197,0.18776103854179382,0.0
1,80,sub-080_ses-01_task-szMonitoring_run-12,6.948450565338135,0.1960679404437542,0.0
1,80,sub-080_ses-01_task-szMonitoring_run-12,8.261360168457031,0.18653136119246483,0.0
1,80,sub-080_ses-01_task-szMonitoring_run-12,6.862951755523682,0.19466775469481945,0.0
1,80,sub-080_ses-01_task-szMonitoring_run-12,8.5322847366333,0.18395230174064636,0.0
1,80,sub-080_ses-01_task-szMonitoring_run-12,8.62517261505127,0.18156970664858818,0.0
0,80,sub-080_ses-01_task-szMonitoring_run-12,7.788748741149902,0.1596665009856224,0.0
0,80,sub-080_ses-01_task-szMonitoring_run-12,8.66482162475586,0.07297557592391968,0.0
0,80,sub-080_ses-01_task-szMonitoring_run-13,29.586925506591797,0.04074687696993351,0.0
0,80,sub-080_ses-01_task-szMonitoring_run-13,23.806272506713867,0.07556145638227463,0.0
0,80,sub-080_ses-01_task-szMonitoring_run-13,21.97904396057129,0.09887704066932201,0.0
0,80,sub-080_ses-01_task-szMonitoring_run-14,13.745094299316406,0.09300459735095501,0.0
1,80,sub-080_ses-01_task-szMonitoring_run-15,8.777373313903809,0.16524935513734818,0.0
1,80,sub-080_ses-01_task-szMonitoring_run-15,10.421807289123535,0.16402500495314598,0.0
1,80,sub-080_ses-01_task-szMonitoring_run-15,8.838335990905762,0.16550885140895844,0.0
1,80,sub-080_ses-01_task-szMonitoring_run-15,9.099401473999023,0.17220507189631462,0.0
1,80,sub-080_ses-01_task-szMonitoring_run-15,8.778175354003906,0.16520703583955765,0.0
1,80,sub-080_ses-01_task-szMonitoring_run-15,9.1348237991333,0.1717151664197445,0.0
0,80,sub-080_ses-01_task-szMonitoring_run-15,9.928923606872559,0.15843262895941734,0.0
1,80,sub-080_ses-01_task-szMonitoring_run-16,18.818368911743164,0.24298175424337387,0.0
1,80,sub-080_ses-01_task-szMonitoring_run-16,18.566429138183594,0.24392298609018326,0.0
1,80,sub-080_ses-01_task-szMonitoring_run-16,7.3294548988342285,0.2417541965842247,0.0
1,80,sub-080_ses-01_task-szMonitoring_run-16,7.419295787811279,0.2412697672843933,0.0
1,80,sub-080_ses-01_task-szMonitoring_run-16,18.948110580444336,0.23733378946781158,0.0
1,80,sub-080_ses-01_task-szMonitoring_run-16,18.647058486938477,0.2426697537302971,0.0
1,80,sub-080_ses-01_task-szMonitoring_run-16,19.432649612426758,0.23284075036644936,0.0
0,80,sub-080_ses-01_task-szMonitoring_run-16,9.034132957458496,0.16242323257029057,0.0
0,80,sub-080_ses-01_task-szMonitoring_run-16,11.02550983428955,0.21218260005116463,0.0
0,80,sub-080_ses-01_task-szMonitoring_run-17,17.172142028808594,0.1371351033449173,0.0
0,80,sub-080_ses-01_task-szMonitoring_run-17,19.253829956054688,0.11583829671144485,0.0
0,80,sub-080_ses-01_task-szMonitoring_run-17,18.737695693969727,0.2226523831486702,0.0
0,80,sub-080_ses-01_task-szMonitoring_run-17,19.475929260253906,0.1348491832613945,0.0
0,80,sub-080_ses-01_task-szMonitoring_run-17,34.69319152832031,0.06241295859217644,0.0
0,80,sub-080_ses-01_task-szMonitoring_run-17,27.25150489807129,0.03186529688537121,0.0
0,80,sub-080_ses-01_task-szMonitoring_run-21,14.743890762329102,0.13458803668618202,0.0
0,80,sub-080_ses-01_task-szMonitoring_run-21,9.89905834197998,0.1071721538901329,0.0
0,80,sub-080_ses-01_task-szMonitoring_run-21,7.665582656860352,0.14765790663659573,0.0
0,80,sub-080_ses-01_task-szMonitoring_run-21,12.368400573730469,0.21088513545691967,0.0
0,80,sub-080_ses-01_task-szMonitoring_run-21,14.928121566772461,0.09992237389087677,0.0
0,80,sub-080_ses-01_task-szMonitoring_run-22,23.637943267822266,0.0597291924059391,0.0
0,80,sub-080_ses-01_task-szMonitoring_run-22,24.403095245361328,0.08170795440673828,0.0
0,80,sub-080_ses-01_task-szMonitoring_run-22,20.901811599731445,0.07580282539129257,0.0
0,80,sub-080_ses-01_task-szMonitoring_run-22,18.725088119506836,0.08043921366333961,0.0
0,80,sub-080_ses-01_task-szMonitoring_run-24,5.928420543670654,0.1706605814397335,0.0
0,80,sub-080_ses-01_task-szMonitoring_run-24,7.003033638000488,0.1786709614098072,0.0
0,80,sub-080_ses-01_task-szMonitoring_run-24,43.00066375732422,0.18739952892065048,0.0
0,80,sub-080_ses-01_task-szMonitoring_run-25,13.81474494934082,0.12677301466464996,0.0
0,80,sub-080_ses-01_task-szMonitoring_run-25,24.717506408691406,0.13578065857291222,0.0
0,80,sub-080_ses-01_task-szMonitoring_run-25,24.735889434814453,0.10138987749814987,0.0
0,80,sub-080_ses-01_task-szMonitoring_run-27,20.302061080932617,0.3017488531768322,0.0
0,80,sub-080_ses-01_task-szMonitoring_run-27,34.34675979614258,0.2745550200343132,0.0
0,80,sub-080_ses-01_task-szMonitoring_run-27,27.388744354248047,0.21809082850813866,0.0
0,80,sub-080_ses-01_task-szMonitoring_run-28,29.78160285949707,0.06921131536364555,0.0
0,80,sub-080_ses-01_task-szMonitoring_run-29,18.305892944335938,0.09667573496699333,0.0
0,80,sub-080_ses-01_task-szMonitoring_run-29,12.926392555236816,0.1477407105267048,0.0
0,80,sub-080_ses-01_task-szMonitoring_run-29,7.925790309906006,0.1324023511260748,0.0
0,80,sub-080_ses-01_task-szMonitoring_run-29,14.403243064880371,0.1367943026125431,0.0
0,80,sub-080_ses-01_task-szMonitoring_run-29,12.862934112548828,0.1313106268644333,0.0
0,80,sub-080_ses-01_task-szMonitoring_run-30,17.95716667175293,0.10137513279914856,0.0
0,80,sub-080_ses-01_task-szMonitoring_run-30,14.202630996704102,0.12866256199777126,0.0
0,80,sub-080_ses-01_task-szMonitoring_run-31,21.161794662475586,0.0745718963444233,0.0
0,80,sub-080_ses-01_task-szMonitoring_run-31,25.78490447998047,0.05459443852305412,0.0
0,80,sub-080_ses-01_task-szMonitoring_run-31,20.722063064575195,0.05548829771578312,0.0
0,80,sub-080_ses-01_task-szMonitoring_run-31,27.86552619934082,0.05174873024225235,0.0
0,80,sub-080_ses-01_task-szMonitoring_run-31,28.55733871459961,0.049087896943092346,0.0
0,81,sub-081_ses-01_task-szMonitoring_run-13,8.614603042602539,0.04888037592172623,0.0
0,81,sub-081_ses-01_task-szMonitoring_run-16,8.397820472717285,0.038467757403850555,0.0
0,81,sub-081_ses-01_task-szMonitoring_run-16,8.259326934814453,0.037851352244615555,0.0
0,81,sub-081_ses-01_task-szMonitoring_run-16,7.354168891906738,0.051984407007694244,0.0
0,82,sub-082_ses-01_task-szMonitoring_run-02,5.642771244049072,0.06568403914570808,0.0
0,82,sub-082_ses-01_task-szMonitoring_run-02,5.5536980628967285,0.08909422159194946,0.0
0,82,sub-082_ses-01_task-szMonitoring_run-02,5.909045696258545,0.07827222347259521,0.0
0,82,sub-082_ses-01_task-szMonitoring_run-02,8.611083984375,0.07932686805725098,0.0
0,82,sub-082_ses-01_task-szMonitoring_run-03,13.292255401611328,0.05082949623465538,0.0
0,82,sub-082_ses-01_task-szMonitoring_run-03,12.455065727233887,0.03385264053940773,0.0
0,82,sub-082_ses-01_task-szMonitoring_run-05,3.436131477355957,0.12289714068174362,0.0
0,82,sub-082_ses-01_task-szMonitoring_run-06,4.841210842132568,0.14697532914578915,0.0
0,82,sub-082_ses-01_task-szMonitoring_run-06,24.975582122802734,0.1289646476507187,0.0
0,82,sub-082_ses-01_task-szMonitoring_run-06,4.274641990661621,0.15120216086506844,0.0
0,82,sub-082_ses-01_task-szMonitoring_run-06,5.388952255249023,0.13755827024579048,0.0
0,82,sub-082_ses-01_task-szMonitoring_run-07,8.004467010498047,0.046885838732123375,0.0
0,82,sub-082_ses-01_task-szMonitoring_run-07,10.69545841217041,0.05343077704310417,0.0
0,82,sub-082_ses-01_task-szMonitoring_run-08,4.633621692657471,0.13213082402944565,0.0
0,82,sub-082_ses-01_task-szMonitoring_run-08,23.465547561645508,0.3839116096496582,0.0
0,82,sub-082_ses-01_task-szMonitoring_run-09,9.756850242614746,0.1380613148212433,0.0
0,82,sub-082_ses-01_task-szMonitoring_run-09,9.776278495788574,0.13772298395633698,0.0
0,82,sub-082_ses-01_task-szMonitoring_run-09,8.420244216918945,0.051352646201848984,0.0
0,82,sub-082_ses-01_task-szMonitoring_run-09,4.699416160583496,0.12313158810138702,0.0
0,82,sub-082_ses-01_task-szMonitoring_run-09,5.456312656402588,0.12676428258419037,0.0
1,82,sub-082_ses-01_task-szMonitoring_run-11,20.202152252197266,0.050170110538601875,0.0
1,82,sub-082_ses-01_task-szMonitoring_run-11,14.936631202697754,0.05619916133582592,0.0
1,82,sub-082_ses-01_task-szMonitoring_run-11,16.551410675048828,0.05449338257312775,0.0
1,82,sub-082_ses-01_task-szMonitoring_run-11,12.653607368469238,0.1293901652097702,0.0
1,82,sub-082_ses-01_task-szMonitoring_run-11,15.970070838928223,0.05440879613161087,0.0
1,82,sub-082_ses-01_task-szMonitoring_run-11,15.420726776123047,0.055900050327181816,0.0
1,82,sub-082_ses-01_task-szMonitoring_run-11,13.338211059570312,0.13360639289021492,0.0
1,82,sub-082_ses-01_task-szMonitoring_run-11,10.524275779724121,0.04629432037472725,0.0
1,82,sub-082_ses-01_task-szMonitoring_run-11,15.86379337310791,0.056973494589328766,0.0
1,82,sub-082_ses-01_task-szMonitoring_run-11,11.949491500854492,0.11847058683633804,0.0
1,82,sub-082_ses-01_task-szMonitoring_run-11,20.355833053588867,0.058482181280851364,0.0
1,82,sub-082_ses-01_task-szMonitoring_run-11,19.420217514038086,0.05093255825340748,0.0
1,82,sub-082_ses-01_task-szMonitoring_run-11,12.38684368133545,0.046650003641843796,0.0
1,82,sub-082_ses-01_task-szMonitoring_run-11,13.171780586242676,0.04811588302254677,0.0
1,82,sub-082_ses-01_task-szMonitoring_run-11,12.292143821716309,0.12772348523139954,0.0
1,82,sub-082_ses-01_task-szMonitoring_run-11,13.653393745422363,0.1315244548022747,0.0
1,82,sub-082_ses-01_task-szMonitoring_run-11,12.648920059204102,0.13152864575386047,0.0
0,82,sub-082_ses-01_task-szMonitoring_run-11,9.100276947021484,0.12241038680076599,0.0
0,82,sub-082_ses-01_task-szMonitoring_run-12,9.179253578186035,0.147127203643322,0.0
0,82,sub-082_ses-01_task-szMonitoring_run-13,5.368814468383789,0.12176085263490677,0.0
0,82,sub-082_ses-01_task-szMonitoring_run-13,4.285431861877441,0.11272129788994789,0.0
0,82,sub-082_ses-01_task-szMonitoring_run-13,37.05760192871094,0.1467013657093048,0.0
0,82,sub-082_ses-01_task-szMonitoring_run-15,11.728919982910156,0.029652321711182594,0.0
0,82,sub-082_ses-01_task-szMonitoring_run-15,14.469185829162598,0.11669570580124855,0.0
0,82,sub-082_ses-01_task-szMonitoring_run-15,13.670641899108887,0.17387885227799416,0.0
0,82,sub-082_ses-01_task-szMonitoring_run-15,10.372541427612305,0.15737522765994072,0.0
0,82,sub-082_ses-01_task-szMonitoring_run-16,6.800418376922607,0.03399070352315903,0.0
0,82,sub-082_ses-01_task-szMonitoring_run-16,13.414502143859863,0.03223815746605396,0.0
0,82,sub-082_ses-01_task-szMonitoring_run-16,23.265188217163086,0.0619845874607563,0.0
0,82,sub-082_ses-01_task-szMonitoring_run-16,15.502910614013672,0.02454519085586071,0.0
0,82,sub-082_ses-01_task-szMonitoring_run-16,17.443559646606445,0.04162970930337906,0.0
0,82,sub-082_ses-01_task-szMonitoring_run-18,27.514461517333984,0.1667953059077263,0.0
0,82,sub-082_ses-01_task-szMonitoring_run-19,18.389726638793945,0.2330428585410118,0.0
0,82,sub-082_ses-01_task-szMonitoring_run-19,18.734098434448242,0.23085037991404533,0.0
0,82,sub-082_ses-01_task-szMonitoring_run-20,15.510906219482422,0.06559842824935913,0.0
0,82,sub-082_ses-01_task-szMonitoring_run-20,14.831645011901855,0.13926910981535912,0.0
0,82,sub-082_ses-01_task-szMonitoring_run-21,25.2169132232666,0.02725817169994116,0.0
0,82,sub-082_ses-01_task-szMonitoring_run-21,13.654340744018555,0.037372659891843796,0.0
0,82,sub-082_ses-01_task-szMonitoring_run-21,7.7016682624816895,0.17495881021022797,0.0
0,82,sub-082_ses-01_task-szMonitoring_run-21,20.011104583740234,0.038038043305277824,0.0
0,82,sub-082_ses-01_task-szMonitoring_run-21,25.536540985107422,0.025685377418994904,0.0
0,82,sub-082_ses-01_task-szMonitoring_run-21,5.981751918792725,0.04438564367592335,0.0
0,82,sub-082_ses-01_task-szMonitoring_run-22,31.19626808166504,0.03159212414175272,0.0
0,82,sub-082_ses-01_task-szMonitoring_run-22,30.859546661376953,0.034408737905323505,0.0
0,82,sub-082_ses-01_task-szMonitoring_run-22,27.164411544799805,0.029115857556462288,0.0
0,83,sub-083_ses-01_task-szMonitoring_run-16,32.639339447021484,0.042468806728720665,0.0
0,83,sub-083_ses-01_task-szMonitoring_run-50,10.864802360534668,0.10932207852602005,0.0
0,83,sub-083_ses-01_task-szMonitoring_run-51,6.356898784637451,0.11856667697429657,0.0
0,84,sub-084_ses-01_task-szMonitoring_run-04,7.31024694442749,0.1480853594839573,0.0
0,84,sub-084_ses-01_task-szMonitoring_run-10,17.303829193115234,0.08506005629897118,0.0
0,84,sub-084_ses-01_task-szMonitoring_run-28,8.20429801940918,0.24934913963079453,0.0
0,84,sub-084_ses-01_task-szMonitoring_run-31,5.568979740142822,0.1353028491139412,0.0
0,84,sub-084_ses-01_task-szMonitoring_run-42,6.959214210510254,0.1731586679816246,0.0
0,84,sub-084_ses-01_task-szMonitoring_run-57,9.629091262817383,0.09820150956511497,0.0
0,84,sub-084_ses-01_task-szMonitoring_run-58,5.081661224365234,0.23951445519924164,0.0
0,84,sub-084_ses-01_task-szMonitoring_run-59,9.784896850585938,0.052215373143553734,0.0
0,85,sub-085_ses-01_task-szMonitoring_run-04,12.198894500732422,0.06102818250656128,0.0
0,85,sub-085_ses-01_task-szMonitoring_run-14,11.98271656036377,0.04123125225305557,0.0
0,85,sub-085_ses-01_task-szMonitoring_run-24,6.97312593460083,0.07285396382212639,0.0
0,85,sub-085_ses-01_task-szMonitoring_run-31,27.208242416381836,0.05777207016944885,0.0
0,85,sub-085_ses-01_task-szMonitoring_run-47,15.043190002441406,0.08449813351035118,0.0
0,85,sub-085_ses-01_task-szMonitoring_run-52,13.321531295776367,0.06383395195007324,0.0
0,86,sub-086_ses-01_task-szMonitoring_run-23,96.07247161865234,0.15965963900089264,0.0
0,86,sub-086_ses-01_task-szMonitoring_run-42,5.9059576988220215,0.047705378383398056,0.0
0,86,sub-086_ses-01_task-szMonitoring_run-50,70.0486831665039,0.0500045083463192,0.0
0,86,sub-086_ses-01_task-szMonitoring_run-50,20.289243698120117,0.07274485006928444,0.0
0,86,sub-086_ses-01_task-szMonitoring_run-55,8.972026824951172,0.1513136327266693,0.0
0,86,sub-086_ses-01_task-szMonitoring_run-71,23.601985931396484,0.11950835585594177,0.0
0,86,sub-086_ses-01_task-szMonitoring_run-82,51.79784393310547,0.1385536566376686,0.0
0,86,sub-086_ses-01_task-szMonitoring_run-86,28.072580337524414,0.03548378683626652,0.0
0,86,sub-086_ses-01_task-szMonitoring_run-89,22.98847770690918,0.04160026088356972,0.0
0,88,sub-088_ses-01_task-szMonitoring_run-17,16.780723571777344,0.11270999908447266,0.0
0,88,sub-088_ses-01_task-szMonitoring_run-27,13.037618637084961,0.1360364630818367,0.0
0,88,sub-088_ses-01_task-szMonitoring_run-53,19.583065032958984,0.16646360233426094,0.0
0,88,sub-088_ses-01_task-szMonitoring_run-60,43.00495910644531,0.07521291822195053,0.0
0,89,sub-089_ses-01_task-szMonitoring_run-03,13.99455738067627,0.23449379950761795,0.0
0,89,sub-089_ses-01_task-szMonitoring_run-60,58.52324295043945,0.05559831112623215,0.0
0,89,sub-089_ses-01_task-szMonitoring_run-78,25.829423904418945,0.03193527925759554,0.0
0,89,sub-089_ses-01_task-szMonitoring_run-84,29.283382415771484,0.02981223538517952,0.0
0,89,sub-089_ses-01_task-szMonitoring_run-85,56.21025085449219,0.02600095607340336,0.0
0,89,sub-089_ses-01_task-szMonitoring_run-95,35.59150695800781,0.07325778156518936,0.0
0,92,sub-092_ses-01_task-szMonitoring_run-111,13.796123504638672,0.058798693120479584,0.0
0,92,sub-092_ses-01_task-szMonitoring_run-116,11.157116889953613,0.05414031445980072,0.0
0,92,sub-092_ses-01_task-szMonitoring_run-116,11.120182991027832,0.0578673779964447,0.0
0,92,sub-092_ses-01_task-szMonitoring_run-13,29.03907012939453,0.05000763013958931,0.0
0,92,sub-092_ses-01_task-szMonitoring_run-40,37.53045654296875,0.04155069962143898,0.0
0,92,sub-092_ses-01_task-szMonitoring_run-57,26.642541885375977,0.14433011412620544,0.0
0,92,sub-092_ses-01_task-szMonitoring_run-57,26.010028839111328,0.13159766048192978,0.0
0,92,sub-092_ses-01_task-szMonitoring_run-61,28.532350540161133,0.0341624952852726,0.0
0,92,sub-092_ses-01_task-szMonitoring_run-72,20.025291442871094,0.11823612451553345,0.0
0,92,sub-092_ses-01_task-szMonitoring_run-72,20.006046295166016,0.1268024779856205,0.0
0,92,sub-092_ses-01_task-szMonitoring_run-90,47.6868782043457,0.031476911157369614,0.0
0,93,sub-093_ses-01_task-szMonitoring_run-75,5.798404693603516,0.0689162164926529,0.0
0,93,sub-093_ses-01_task-szMonitoring_run-81,4.178796768188477,0.1138615794479847,0.0
0,94,sub-094_ses-01_task-szMonitoring_run-06,27.680448532104492,0.12422522902488708,0.0
0,94,sub-094_ses-01_task-szMonitoring_run-22,32.62138748168945,0.06990515813231468,0.0
0,94,sub-094_ses-01_task-szMonitoring_run-31,24.952369689941406,0.29633162915706635,0.0
0,95,sub-095_ses-01_task-szMonitoring_run-102,17.202232360839844,0.030222464352846146,0.0
0,95,sub-095_ses-01_task-szMonitoring_run-105,31.266429901123047,0.048545952886343,0.0
0,95,sub-095_ses-01_task-szMonitoring_run-17,12.592082977294922,0.16323400661349297,0.0
0,95,sub-095_ses-01_task-szMonitoring_run-38,5.510350227355957,0.17437996715307236,0.0
0,95,sub-095_ses-01_task-szMonitoring_run-71,4.009324550628662,0.13170642964541912,0.0
0,95,sub-095_ses-01_task-szMonitoring_run-90,32.91069793701172,0.12491045147180557,0.0
0,95,sub-095_ses-01_task-szMonitoring_run-91,16.315811157226562,0.2461598739027977,0.0
0,96,sub-096_ses-01_task-szMonitoring_run-14,37.562896728515625,0.040206579491496086,0.0
0,96,sub-096_ses-01_task-szMonitoring_run-20,9.711878776550293,0.10496226325631142,0.0
0,96,sub-096_ses-01_task-szMonitoring_run-27,22.93729019165039,0.07713207229971886,0.0
0,96,sub-096_ses-01_task-szMonitoring_run-52,7.025425910949707,0.19582902640104294,0.0
0,96,sub-096_ses-01_task-szMonitoring_run-80,49.78814697265625,0.05502147227525711,0.0
0,96,sub-096_ses-01_task-szMonitoring_run-83,145.80996704101562,0.08382321149110794,0.0
1,97,sub-097_ses-01_task-szMonitoring_run-02,8.653298377990723,0.03640634939074516,0.0
1,97,sub-097_ses-01_task-szMonitoring_run-02,8.889643669128418,0.03552429378032684,0.0
1,97,sub-097_ses-01_task-szMonitoring_run-02,8.577285766601562,0.036904364824295044,0.0
1,97,sub-097_ses-01_task-szMonitoring_run-02,8.452320098876953,0.03704282268881798,0.0
1,97,sub-097_ses-01_task-szMonitoring_run-02,9.200106620788574,0.03360939025878906,0.0
1,97,sub-097_ses-01_task-szMonitoring_run-02,8.778985977172852,0.03533312864601612,0.0
1,97,sub-097_ses-01_task-szMonitoring_run-02,8.614835739135742,0.036137910559773445,0.0
1,97,sub-097_ses-01_task-szMonitoring_run-02,8.681646347045898,0.03656845726072788,0.0
1,97,sub-097_ses-01_task-szMonitoring_run-02,8.62551212310791,0.0362553671002388,0.0
0,97,sub-097_ses-01_task-szMonitoring_run-02,5.601337432861328,0.08062271028757095,0.0
0,97,sub-097_ses-01_task-szMonitoring_run-02,13.192952156066895,0.09547181241214275,0.0
0,97,sub-097_ses-01_task-szMonitoring_run-02,4.973699569702148,0.08607812225818634,0.0
0,97,sub-097_ses-01_task-szMonitoring_run-02,11.77187442779541,0.031928978860378265,0.0
0,97,sub-097_ses-01_task-szMonitoring_run-02,15.335685729980469,0.03556922636926174,0.0
0,97,sub-097_ses-01_task-szMonitoring_run-02,15.162084579467773,0.03346538171172142,0.0
0,97,sub-097_ses-01_task-szMonitoring_run-02,17.02228355407715,0.03219342418015003,0.0
0,97,sub-097_ses-01_task-szMonitoring_run-02,4.3401899337768555,0.0678250715136528,0.0
0,97,sub-097_ses-01_task-szMonitoring_run-02,13.058187484741211,0.06015710532665253,0.0
0,97,sub-097_ses-01_task-szMonitoring_run-02,7.116993427276611,0.05565842241048813,0.0
0,97,sub-097_ses-01_task-szMonitoring_run-02,19.733272552490234,0.032555559650063515,0.0
0,97,sub-097_ses-01_task-szMonitoring_run-02,17.73335838317871,0.026667114347219467,0.0
0,97,sub-097_ses-01_task-szMonitoring_run-02,19.368562698364258,0.08488691225647926,0.0
1,97,sub-097_ses-01_task-szMonitoring_run-04,8.620936393737793,0.03331396169960499,0.0
1,97,sub-097_ses-01_task-szMonitoring_run-04,8.543282508850098,0.032921042293310165,0.0
1,97,sub-097_ses-01_task-szMonitoring_run-04,8.934005737304688,0.03374859876930714,0.0
1,97,sub-097_ses-01_task-szMonitoring_run-04,7.474330902099609,0.06683710217475891,0.0
1,97,sub-097_ses-01_task-szMonitoring_run-04,7.3925700187683105,0.06553737074136734,0.0
1,97,sub-097_ses-01_task-szMonitoring_run-04,7.708073139190674,0.03013891540467739,0.0
1,97,sub-097_ses-01_task-szMonitoring_run-04,7.534528732299805,0.06758128851652145,0.0
1,97,sub-097_ses-01_task-szMonitoring_run-04,7.883810520172119,0.029422221705317497,0.0
1,97,sub-097_ses-01_task-szMonitoring_run-04,7.597010612487793,0.030643867328763008,0.0
1,97,sub-097_ses-01_task-szMonitoring_run-04,8.277413368225098,0.027930935844779015,0.0
1,97,sub-097_ses-01_task-szMonitoring_run-04,7.972818851470947,0.07781866565346718,0.0
1,97,sub-097_ses-01_task-szMonitoring_run-04,8.308003425598145,0.027640681713819504,0.0
1,97,sub-097_ses-01_task-szMonitoring_run-04,7.511646270751953,0.06710103899240494,0.0
1,97,sub-097_ses-01_task-szMonitoring_run-04,7.575550079345703,0.08317026495933533,0.0
1,97,sub-097_ses-01_task-szMonitoring_run-04,8.068126678466797,0.032608721405267715,0.0
1,97,sub-097_ses-01_task-szMonitoring_run-04,8.302706718444824,0.02773098275065422,0.0
1,97,sub-097_ses-01_task-szMonitoring_run-04,7.289664268493652,0.0683136023581028,0.0
1,97,sub-097_ses-01_task-szMonitoring_run-04,7.346709251403809,0.03176288865506649,0.0
1,97,sub-097_ses-01_task-szMonitoring_run-04,7.547551155090332,0.06707204878330231,0.0
1,97,sub-097_ses-01_task-szMonitoring_run-04,8.57089900970459,0.026696806773543358,0.0
1,97,sub-097_ses-01_task-szMonitoring_run-04,8.118118286132812,0.03219888545572758,0.0
0,97,sub-097_ses-01_task-szMonitoring_run-04,4.97438907623291,0.05140586756169796,0.0
0,97,sub-097_ses-01_task-szMonitoring_run-04,4.926314353942871,0.07193049788475037,0.0
0,97,sub-097_ses-01_task-szMonitoring_run-04,8.043120384216309,0.06182592734694481,0.0
0,97,sub-097_ses-01_task-szMonitoring_run-04,17.387622833251953,0.044884975999593735,0.0
0,97,sub-097_ses-01_task-szMonitoring_run-04,4.6614532470703125,0.0922461487352848,0.0
0,97,sub-097_ses-01_task-szMonitoring_run-04,5.262055397033691,0.06746690534055233,0.0
0,97,sub-097_ses-01_task-szMonitoring_run-04,6.123610019683838,0.091035857796669,0.0
0,97,sub-097_ses-01_task-szMonitoring_run-04,8.254793167114258,0.07550306245684624,0.0
0,97,sub-097_ses-01_task-szMonitoring_run-06,8.41010570526123,0.10781651735305786,0.0
0,97,sub-097_ses-01_task-szMonitoring_run-06,7.246975898742676,0.11601140163838863,0.0
0,97,sub-097_ses-01_task-szMonitoring_run-06,26.692495346069336,0.06041998416185379,0.0
0,97,sub-097_ses-01_task-szMonitoring_run-06,7.769250869750977,0.07364538311958313,0.0
0,97,sub-097_ses-01_task-szMonitoring_run-06,3.9650931358337402,0.07437416538596153,0.0
0,97,sub-097_ses-01_task-szMonitoring_run-06,3.899129867553711,0.09297820553183556,0.0
0,97,sub-097_ses-01_task-szMonitoring_run-06,17.432296752929688,0.0766199491918087,0.0
1,97,sub-097_ses-01_task-szMonitoring_run-07,7.375238418579102,0.023229071870446205,0.0
1,97,sub-097_ses-01_task-szMonitoring_run-07,7.674922466278076,0.02367841824889183,0.0
1,97,sub-097_ses-01_task-szMonitoring_run-07,7.51750373840332,0.023543830960989,0.0
1,97,sub-097_ses-01_task-szMonitoring_run-07,7.675724029541016,0.023853659629821777,0.0
1,97,sub-097_ses-01_task-szMonitoring_run-07,7.214853763580322,0.023711947724223137,0.0
1,97,sub-097_ses-01_task-szMonitoring_run-07,7.164116382598877,0.023844894021749496,0.0
1,97,sub-097_ses-01_task-szMonitoring_run-07,7.2750091552734375,0.02355049178004265,0.0
0,97,sub-097_ses-01_task-szMonitoring_run-07,9.712959289550781,0.033197224140167236,0.0
0,97,sub-097_ses-01_task-szMonitoring_run-07,11.944635391235352,0.040825845673680305,0.0
0,97,sub-097_ses-01_task-szMonitoring_run-07,8.649130821228027,0.033282509073615074,0.0
0,97,sub-097_ses-01_task-szMonitoring_run-07,8.469472885131836,0.024540413171052933,0.0
0,97,sub-097_ses-01_task-szMonitoring_run-07,11.828179359436035,0.038417767733335495,0.0
0,97,sub-097_ses-01_task-szMonitoring_run-07,13.787034034729004,0.02767019532620907,0.0
1,97,sub-097_ses-01_task-szMonitoring_run-09,9.162445068359375,0.023887913674116135,0.0
1,97,sub-097_ses-01_task-szMonitoring_run-09,9.080326080322266,0.024727214127779007,0.0
1,97,sub-097_ses-01_task-szMonitoring_run-09,9.093758583068848,0.0242712814360857,0.0
1,97,sub-097_ses-01_task-szMonitoring_run-09,9.212282180786133,0.024225519970059395,0.0
1,97,sub-097_ses-01_task-szMonitoring_run-09,9.277039527893066,0.025180736556649208,0.0
1,97,sub-097_ses-01_task-szMonitoring_run-09,9.219808578491211,0.024934498593211174,0.0
0,97,sub-097_ses-01_task-szMonitoring_run-09,6.32649040222168,0.026682918891310692,0.0
0,97,sub-097_ses-01_task-szMonitoring_run-09,5.758435249328613,0.04861003905534744,0.0
0,97,sub-097_ses-01_task-szMonitoring_run-09,4.610927104949951,0.024739956483244896,0.0
0,97,sub-097_ses-01_task-szMonitoring_run-09,5.044668674468994,0.03791916370391846,0.0
0,97,sub-097_ses-01_task-szMonitoring_run-09,6.945993900299072,0.07023076340556145,0.0
0,97,sub-097_ses-01_task-szMonitoring_run-09,12.2918062210083,0.07564511150121689,0.0
0,97,sub-097_ses-01_task-szMonitoring_run-09,6.315186977386475,0.027670539915561676,0.0
0,97,sub-097_ses-01_task-szMonitoring_run-09,11.249826431274414,0.019041234627366066,0.0
0,97,sub-097_ses-01_task-szMonitoring_run-09,6.320288181304932,0.03545121103525162,0.0
0,97,sub-097_ses-01_task-szMonitoring_run-09,9.981740951538086,0.028600549325346947,0.0
0,97,sub-097_ses-01_task-szMonitoring_run-09,4.823153018951416,0.023925095796585083,0.0
0,97,sub-097_ses-01_task-szMonitoring_run-09,7.832379341125488,0.029440786689519882,0.0
0,97,sub-097_ses-01_task-szMonitoring_run-11,6.518352508544922,0.058293284848332405,0.0
0,97,sub-097_ses-01_task-szMonitoring_run-11,11.768644332885742,0.05604884214699268,0.0
0,97,sub-097_ses-01_task-szMonitoring_run-11,11.934564590454102,0.053758418187499046,0.0
0,97,sub-097_ses-01_task-szMonitoring_run-11,5.706054210662842,0.06648392975330353,0.0
0,97,sub-097_ses-01_task-szMonitoring_run-11,11.99067497253418,0.08003561198711395,0.0
0,97,sub-097_ses-01_task-szMonitoring_run-11,7.084143161773682,0.09658609703183174,0.0
0,97,sub-097_ses-01_task-szMonitoring_run-11,10.649653434753418,0.048802025616168976,0.0
0,98,sub-098_ses-01_task-szMonitoring_run-01,21.170574188232422,0.07093209028244019,0.0
0,98,sub-098_ses-01_task-szMonitoring_run-01,14.301583290100098,0.08659965544939041,0.0
0,98,sub-098_ses-01_task-szMonitoring_run-01,34.00843811035156,0.11232932657003403,0.0
0,98,sub-098_ses-01_task-szMonitoring_run-01,5.382561683654785,0.1709153652191162,0.0
0,98,sub-098_ses-01_task-szMonitoring_run-01,9.015551567077637,0.04233722761273384,0.0
0,98,sub-098_ses-01_task-szMonitoring_run-01,5.410678386688232,0.0733286440372467,0.0
0,98,sub-098_ses-01_task-szMonitoring_run-01,20.818693161010742,0.0712822899222374,0.0
0,98,sub-098_ses-01_task-szMonitoring_run-01,18.380464553833008,0.048805058002471924,0.0
0,98,sub-098_ses-01_task-szMonitoring_run-01,20.13860511779785,0.05879709869623184,0.0
0,98,sub-098_ses-01_task-szMonitoring_run-01,10.14686107635498,0.12552322447299957,0.0
0,98,sub-098_ses-01_task-szMonitoring_run-01,35.13104248046875,0.041066981852054596,0.0
0,98,sub-098_ses-01_task-szMonitoring_run-01,32.03702926635742,0.08738265931606293,0.0
0,98,sub-098_ses-01_task-szMonitoring_run-01,16.04275894165039,0.05850723758339882,0.0
0,98,sub-098_ses-01_task-szMonitoring_run-01,10.465188980102539,0.11660671979188919,0.0
0,98,sub-098_ses-01_task-szMonitoring_run-01,6.524720668792725,0.10592516511678696,0.0
0,98,sub-098_ses-01_task-szMonitoring_run-01,6.2999162673950195,0.06714900583028793,0.0
0,98,sub-098_ses-01_task-szMonitoring_run-01,6.949713230133057,0.09095174819231033,0.0
0,98,sub-098_ses-01_task-szMonitoring_run-01,7.698049068450928,0.12348731607198715,0.0
0,98,sub-098_ses-01_task-szMonitoring_run-02,26.70911979675293,0.07421787828207016,0.0
0,98,sub-098_ses-01_task-szMonitoring_run-02,3.7371771335601807,0.18142161145806313,0.0
0,98,sub-098_ses-01_task-szMonitoring_run-02,15.5672025680542,0.09034669771790504,0.0
0,98,sub-098_ses-01_task-szMonitoring_run-02,9.060588836669922,0.04657205566763878,0.0
0,98,sub-098_ses-01_task-szMonitoring_run-02,7.351919651031494,0.0441424697637558,0.0
0,98,sub-098_ses-01_task-szMonitoring_run-02,12.342366218566895,0.06789415329694748,0.0
1,98,sub-098_ses-01_task-szMonitoring_run-03,12.778364181518555,0.07867687940597534,0.0
1,98,sub-098_ses-01_task-szMonitoring_run-03,13.33069896697998,0.0777067169547081,0.0
1,98,sub-098_ses-01_task-szMonitoring_run-03,13.615507125854492,0.0752858929336071,0.0
1,98,sub-098_ses-01_task-szMonitoring_run-03,12.823517799377441,0.07857321947813034,0.0
1,98,sub-098_ses-01_task-szMonitoring_run-03,12.566461563110352,0.07961264625191689,0.0
1,98,sub-098_ses-01_task-szMonitoring_run-03,14.057689666748047,0.06949275732040405,0.0
0,98,sub-098_ses-01_task-szMonitoring_run-03,5.732949256896973,0.15737397968769073,0.0
0,98,sub-098_ses-01_task-szMonitoring_run-03,4.91192102432251,0.12303075194358826,0.0
0,98,sub-098_ses-01_task-szMonitoring_run-03,8.38428783416748,0.056532278656959534,0.0
0,98,sub-098_ses-01_task-szMonitoring_run-03,5.970998764038086,0.042679376900196075,0.0
0,98,sub-098_ses-01_task-szMonitoring_run-03,3.696420192718506,0.1472204402089119,0.0
0,98,sub-098_ses-01_task-szMonitoring_run-03,10.725020408630371,0.07221446931362152,0.0
0,98,sub-098_ses-01_task-szMonitoring_run-03,6.7568793296813965,0.06758400052785873,0.0
0,98,sub-098_ses-01_task-szMonitoring_run-03,3.519390344619751,0.10865762829780579,0.0
0,98,sub-098_ses-01_task-szMonitoring_run-03,5.035615921020508,0.11138182133436203,0.0
0,98,sub-098_ses-01_task-szMonitoring_run-03,7.515368461608887,0.09880904853343964,0.0
0,98,sub-098_ses-01_task-szMonitoring_run-03,6.478981018066406,0.03966851159930229,0.0
0,98,sub-098_ses-01_task-szMonitoring_run-03,6.1135783195495605,0.06942791491746902,0.0
0,98,sub-098_ses-01_task-szMonitoring_run-03,6.758223056793213,0.06347452849149704,0.0
0,98,sub-098_ses-01_task-szMonitoring_run-03,4.511019229888916,0.16648086160421371,0.0
0,98,sub-098_ses-01_task-szMonitoring_run-04,23.285358428955078,0.0558597557246685,0.0
0,98,sub-098_ses-01_task-szMonitoring_run-05,12.882967948913574,0.08583177626132965,0.0
0,98,sub-098_ses-01_task-szMonitoring_run-05,16.92976951599121,0.08681043237447739,0.0
0,98,sub-098_ses-01_task-szMonitoring_run-05,18.125396728515625,0.17179711908102036,0.0
0,98,sub-098_ses-01_task-szMonitoring_run-05,25.987241744995117,0.06674239411950111,0.0
0,98,sub-098_ses-01_task-szMonitoring_run-05,14.792078971862793,0.07027765363454819,0.0
0,98,sub-098_ses-01_task-szMonitoring_run-05,8.560720443725586,0.15852592885494232,0.0
0,98,sub-098_ses-01_task-szMonitoring_run-05,24.83037757873535,0.05883895978331566,0.0
0,98,sub-098_ses-01_task-szMonitoring_run-05,7.835022449493408,0.050010718405246735,0.0
0,98,sub-098_ses-01_task-szMonitoring_run-05,12.86258316040039,0.1606200933456421,0.0
0,98,sub-098_ses-01_task-szMonitoring_run-05,17.62909698486328,0.082042146474123,0.0
0,98,sub-098_ses-01_task-szMonitoring_run-05,20.10179901123047,0.09532734006643295,0.0
0,98,sub-098_ses-01_task-szMonitoring_run-05,18.306184768676758,0.1858767718076706,0.0
0,98,sub-098_ses-01_task-szMonitoring_run-05,17.09464454650879,0.15794755518436432,0.0
0,98,sub-098_ses-01_task-szMonitoring_run-05,7.924704551696777,0.05033779516816139,0.0
0,98,sub-098_ses-01_task-szMonitoring_run-05,17.25339126586914,0.06361331790685654,0.0
0,98,sub-098_ses-01_task-szMonitoring_run-05,9.499454498291016,0.04516255110502243,0.0
0,98,sub-098_ses-01_task-szMonitoring_run-06,8.475098609924316,0.06164121627807617,0.0
0,98,sub-098_ses-01_task-szMonitoring_run-07,7.066829681396484,0.13376007974147797,0.0
0,98,sub-098_ses-01_task-szMonitoring_run-07,6.044436454772949,0.09923914819955826,0.0
0,98,sub-098_ses-01_task-szMonitoring_run-07,7.90474796295166,0.08750297874212265,0.0
0,98,sub-098_ses-01_task-szMonitoring_run-07,7.522955417633057,0.08930033445358276,0.0
0,98,sub-098_ses-01_task-szMonitoring_run-07,3.461545705795288,0.1629137396812439,0.0
0,98,sub-098_ses-01_task-szMonitoring_run-07,16.55427360534668,0.06728556752204895,0.0
0,98,sub-098_ses-01_task-szMonitoring_run-07,9.151411056518555,0.09759999811649323,0.0
0,98,sub-098_ses-01_task-szMonitoring_run-07,13.781098365783691,0.050533194094896317,0.0
0,98,sub-098_ses-01_task-szMonitoring_run-07,15.935991287231445,0.05953090637922287,0.0
0,98,sub-098_ses-01_task-szMonitoring_run-07,16.412874221801758,0.04922185093164444,0.0
0,98,sub-098_ses-01_task-szMonitoring_run-07,8.590022087097168,0.10031641274690628,0.0
0,98,sub-098_ses-01_task-szMonitoring_run-07,3.6101064682006836,0.13817212730646133,0.0
0,98,sub-098_ses-01_task-szMonitoring_run-07,17.914470672607422,0.18623560667037964,0.0
0,98,sub-098_ses-01_task-szMonitoring_run-07,9.498458862304688,0.09964704513549805,0.0
0,98,sub-098_ses-01_task-szMonitoring_run-08,25.459577560424805,0.045238662511110306,0.0
0,98,sub-098_ses-01_task-szMonitoring_run-08,27.187965393066406,0.05362270772457123,0.0
0,98,sub-098_ses-01_task-szMonitoring_run-08,27.825597763061523,0.052140384912490845,0.0
0,98,sub-098_ses-01_task-szMonitoring_run-09,8.761908531188965,0.07082963734865189,0.0
0,98,sub-098_ses-01_task-szMonitoring_run-09,15.191079139709473,0.07711667567491531,0.0
0,98,sub-098_ses-01_task-szMonitoring_run-09,13.790534019470215,0.11763522028923035,0.0
0,98,sub-098_ses-01_task-szMonitoring_run-09,15.24198055267334,0.10595399886369705,0.0
0,98,sub-098_ses-01_task-szMonitoring_run-09,10.48611068725586,0.09866387024521828,0.0
0,98,sub-098_ses-01_task-szMonitoring_run-09,17.717809677124023,0.09737338125705719,0.0
0,98,sub-098_ses-01_task-szMonitoring_run-09,8.105509757995605,0.12288536131381989,0.0
0,98,sub-098_ses-01_task-szMonitoring_run-09,7.089053630828857,0.08721913397312164,0.0
0,98,sub-098_ses-01_task-szMonitoring_run-09,6.851005554199219,0.07082793861627579,0.0
0,98,sub-098_ses-01_task-szMonitoring_run-09,3.794856548309326,0.10602199286222458,0.0
0,98,sub-098_ses-01_task-szMonitoring_run-09,7.089311599731445,0.06649702787399292,0.0
0,98,sub-098_ses-01_task-szMonitoring_run-09,13.754989624023438,0.05255142226815224,0.0
0,98,sub-098_ses-01_task-szMonitoring_run-09,6.137960433959961,0.1346832849085331,0.0
1,99,sub-099_ses-01_task-szMonitoring_run-01,23.905109405517578,0.05244769901037216,0.0
1,99,sub-099_ses-01_task-szMonitoring_run-01,3.823765516281128,0.05607011914253235,0.0
1,99,sub-099_ses-01_task-szMonitoring_run-01,19.512643814086914,0.08755131810903549,0.0
1,99,sub-099_ses-01_task-szMonitoring_run-01,18.317306518554688,0.09286396205425262,0.0
1,99,sub-099_ses-01_task-szMonitoring_run-01,23.068796157836914,0.07992535084486008,0.0
1,99,sub-099_ses-01_task-szMonitoring_run-01,24.128095626831055,0.0522136390209198,0.0
1,99,sub-099_ses-01_task-szMonitoring_run-01,18.895065307617188,0.09089326113462448,0.0
1,99,sub-099_ses-01_task-szMonitoring_run-01,4.541860103607178,0.05382727086544037,0.0
1,99,sub-099_ses-01_task-szMonitoring_run-01,24.743907928466797,0.07496215403079987,0.0
1,99,sub-099_ses-01_task-szMonitoring_run-01,3.9052140712738037,0.05482082813978195,0.0
1,99,sub-099_ses-01_task-szMonitoring_run-01,3.8992536067962646,0.05489671975374222,0.0
1,99,sub-099_ses-01_task-szMonitoring_run-01,25.420469284057617,0.07349172979593277,0.0
1,99,sub-099_ses-01_task-szMonitoring_run-01,24.232940673828125,0.0759771540760994,0.0
0,99,sub-099_ses-01_task-szMonitoring_run-01,25.932518005371094,0.053245410323143005,0.0
0,99,sub-099_ses-01_task-szMonitoring_run-01,6.863894462585449,0.1001492291688919,0.0
0,99,sub-099_ses-01_task-szMonitoring_run-01,7.030750274658203,0.10774525254964828,0.0
0,99,sub-099_ses-01_task-szMonitoring_run-01,22.911251068115234,0.0561816431581974,0.0
0,99,sub-099_ses-01_task-szMonitoring_run-01,9.230827331542969,0.08938206732273102,0.0
0,99,sub-099_ses-01_task-szMonitoring_run-01,28.234386444091797,0.1376900002360344,0.0
0,99,sub-099_ses-01_task-szMonitoring_run-01,7.105865478515625,0.07991977781057358,0.0
0,99,sub-099_ses-01_task-szMonitoring_run-01,5.456844806671143,0.10051824152469635,0.0
0,99,sub-099_ses-01_task-szMonitoring_run-01,9.039955139160156,0.10689389705657959,0.0
0,99,sub-099_ses-01_task-szMonitoring_run-01,25.365352630615234,0.05158398300409317,0.0
0,99,sub-099_ses-01_task-szMonitoring_run-01,27.02364730834961,0.138095423579216,0.0
0,99,sub-099_ses-01_task-szMonitoring_run-01,43.19098663330078,0.05427256226539612,0.0
1,99,sub-099_ses-01_task-szMonitoring_run-02,4.702275276184082,0.10771539062261581,0.0
1,99,sub-099_ses-01_task-szMonitoring_run-02,5.204371452331543,0.11104293167591095,0.0
1,99,sub-099_ses-01_task-szMonitoring_run-02,4.985511302947998,0.11175508052110672,0.0
1,99,sub-099_ses-01_task-szMonitoring_run-02,4.513220310211182,0.11013971269130707,0.0
0,99,sub-099_ses-01_task-szMonitoring_run-03,12.585265159606934,0.045809388160705566,0.0
0,99,sub-099_ses-01_task-szMonitoring_run-03,20.22141456604004,0.05329243838787079,0.0
0,99,sub-099_ses-01_task-szMonitoring_run-03,46.28501510620117,0.0517553985118866,0.0
0,99,sub-099_ses-01_task-szMonitoring_run-03,17.541099548339844,0.12666526436805725,0.0
0,99,sub-099_ses-01_task-szMonitoring_run-03,24.94586181640625,0.0608358159661293,0.0
0,99,sub-099_ses-01_task-szMonitoring_run-03,11.60083293914795,0.137710839509964,0.0
0,99,sub-099_ses-01_task-szMonitoring_run-03,45.88963317871094,0.04821881651878357,0.0
0,99,sub-099_ses-01_task-szMonitoring_run-03,9.72374153137207,0.046773865818977356,0.0
0,99,sub-099_ses-01_task-szMonitoring_run-03,27.321033477783203,0.05408521369099617,0.0
0,99,sub-099_ses-01_task-szMonitoring_run-03,6.276556491851807,0.08994406461715698,0.0
0,99,sub-099_ses-01_task-szMonitoring_run-05,8.118990898132324,0.09110358357429504,0.0
0,99,sub-099_ses-01_task-szMonitoring_run-05,7.965457439422607,0.09761765599250793,0.0
0,99,sub-099_ses-01_task-szMonitoring_run-05,22.55356216430664,0.051121700555086136,0.0
0,99,sub-099_ses-01_task-szMonitoring_run-05,5.356112003326416,0.08535224944353104,0.0
0,99,sub-099_ses-01_task-szMonitoring_run-05,9.944721221923828,0.0719611868262291,0.0
0,99,sub-099_ses-01_task-szMonitoring_run-05,4.601935386657715,0.04532875120639801,0.0
0,99,sub-099_ses-01_task-szMonitoring_run-05,11.303841590881348,0.06455469876527786,0.0
0,99,sub-099_ses-01_task-szMonitoring_run-05,20.443984985351562,0.0517595075070858,0.0
0,99,sub-099_ses-01_task-szMonitoring_run-05,30.25957489013672,0.06637150049209595,0.0
0,99,sub-099_ses-01_task-szMonitoring_run-05,26.66455841064453,0.07473289966583252,0.0
0,99,sub-099_ses-01_task-szMonitoring_run-05,20.371700286865234,0.060182131826877594,0.0
0,99,sub-099_ses-01_task-szMonitoring_run-07,13.443835258483887,0.11852021515369415,0.0
0,99,sub-099_ses-01_task-szMonitoring_run-07,13.647582054138184,0.11676938831806183,0.0
0,99,sub-099_ses-01_task-szMonitoring_run-07,19.606584548950195,0.08263882994651794,0.0
0,99,sub-099_ses-01_task-szMonitoring_run-07,16.71341896057129,0.08520837128162384,0.0
0,99,sub-099_ses-01_task-szMonitoring_run-07,16.45378875732422,0.08141692727804184,0.0
0,99,sub-099_ses-01_task-szMonitoring_run-07,26.435569763183594,0.056814759969711304,0.0
0,99,sub-099_ses-01_task-szMonitoring_run-07,14.80112075805664,0.09618616849184036,0.0
0,99,sub-099_ses-01_task-szMonitoring_run-07,20.73175621032715,0.06823721528053284,0.0
0,99,sub-099_ses-01_task-szMonitoring_run-07,7.657033920288086,0.09698612242937088,0.0
0,99,sub-099_ses-01_task-szMonitoring_run-07,6.891480922698975,0.12740612775087357,0.0
0,99,sub-099_ses-01_task-szMonitoring_run-07,17.570110321044922,0.08967078477144241,0.0
0,99,sub-099_ses-01_task-szMonitoring_run-07,17.45193099975586,0.08998236060142517,0.0
0,99,sub-099_ses-01_task-szMonitoring_run-09,30.637928009033203,0.041571080684661865,0.0
0,99,sub-099_ses-01_task-szMonitoring_run-09,5.719426155090332,0.056460075080394745,0.0
0,99,sub-099_ses-01_task-szMonitoring_run-09,48.15955352783203,0.0405268520116806,0.0
0,99,sub-099_ses-01_task-szMonitoring_run-09,24.056629180908203,0.03845639526844025,0.0
0,99,sub-099_ses-01_task-szMonitoring_run-09,33.90568161010742,0.05262928456068039,0.0
0,99,sub-099_ses-01_task-szMonitoring_run-09,17.623336791992188,0.04500509053468704,0.0
0,99,sub-099_ses-01_task-szMonitoring_run-09,11.761466026306152,0.03905268758535385,0.0
0,99,sub-099_ses-01_task-szMonitoring_run-09,5.660039901733398,0.08775825798511505,0.0
0,99,sub-099_ses-01_task-szMonitoring_run-09,51.56470489501953,0.038728512823581696,0.0
0,99,sub-099_ses-01_task-szMonitoring_run-09,5.813594341278076,0.05964817851781845,0.0
0,99,sub-099_ses-01_task-szMonitoring_run-09,32.97405242919922,0.04217968136072159,0.0
0,99,sub-099_ses-01_task-szMonitoring_run-09,7.577535629272461,0.06560776382684708,0.0
0,100,sub-100_ses-01_task-szMonitoring_run-01,23.489519119262695,0.058022864162921906,0.0
0,100,sub-100_ses-01_task-szMonitoring_run-01,9.015484809875488,0.0992608591914177,0.0
0,100,sub-100_ses-01_task-szMonitoring_run-01,12.749730110168457,0.07222998887300491,0.0
0,100,sub-100_ses-01_task-szMonitoring_run-01,15.291579246520996,0.05423378571867943,0.0
0,100,sub-100_ses-01_task-szMonitoring_run-01,9.259381294250488,0.12145110964775085,0.0
0,100,sub-100_ses-01_task-szMonitoring_run-01,12.374134063720703,0.06943413615226746,0.0
0,100,sub-100_ses-01_task-szMonitoring_run-01,16.571191787719727,0.05776386708021164,0.0
0,100,sub-100_ses-01_task-szMonitoring_run-01,4.344758987426758,0.12391495704650879,0.0
0,100,sub-100_ses-01_task-szMonitoring_run-01,19.535634994506836,0.11282507330179214,0.0
0,100,sub-100_ses-01_task-szMonitoring_run-01,19.20180892944336,0.07477256655693054,0.0
0,100,sub-100_ses-01_task-szMonitoring_run-01,18.855579376220703,0.0743836909532547,0.0
0,100,sub-100_ses-01_task-szMonitoring_run-01,6.939099311828613,0.09741456806659698,0.0
0,100,sub-100_ses-01_task-szMonitoring_run-01,19.38890838623047,0.08951733261346817,0.0
0,100,sub-100_ses-01_task-szMonitoring_run-02,33.447784423828125,0.05578155815601349,0.0
0,100,sub-100_ses-01_task-szMonitoring_run-04,6.817028045654297,0.056842681020498276,0.0
0,100,sub-100_ses-01_task-szMonitoring_run-04,6.683221340179443,0.05810801684856415,0.0
0,100,sub-100_ses-01_task-szMonitoring_run-04,6.626025676727295,0.06054185330867767,0.0
0,100,sub-100_ses-01_task-szMonitoring_run-04,9.080567359924316,0.05519961938261986,0.0
0,100,sub-100_ses-01_task-szMonitoring_run-04,14.80550479888916,0.06495236605405807,0.0
0,100,sub-100_ses-01_task-szMonitoring_run-04,6.842898845672607,0.06432198733091354,0.0
0,100,sub-100_ses-01_task-szMonitoring_run-04,37.19328308105469,0.04037787765264511,0.0
0,100,sub-100_ses-01_task-szMonitoring_run-04,16.5557918548584,0.051297228783369064,0.0
0,100,sub-100_ses-01_task-szMonitoring_run-04,9.64506721496582,0.06625420600175858,0.0
0,100,sub-100_ses-01_task-szMonitoring_run-04,7.1147284507751465,0.07674393430352211,0.0
0,100,sub-100_ses-01_task-szMonitoring_run-04,38.57761001586914,0.043027814477682114,0.0
0,100,sub-100_ses-01_task-szMonitoring_run-04,19.631135940551758,0.05608715862035751,0.0
0,100,sub-100_ses-01_task-szMonitoring_run-04,32.837528228759766,0.08131321519613266,0.0
0,100,sub-100_ses-01_task-szMonitoring_run-04,17.781837463378906,0.04651225358247757,0.0
0,100,sub-100_ses-01_task-szMonitoring_run-04,20.2857666015625,0.06831466779112816,0.0
0,100,sub-100_ses-01_task-szMonitoring_run-04,40.52878189086914,0.04468945786356926,0.0
0,100,sub-100_ses-01_task-szMonitoring_run-04,55.37839126586914,0.06781557947397232,0.0
0,100,sub-100_ses-01_task-szMonitoring_run-04,39.786983489990234,0.04323726147413254,0.0
0,100,sub-100_ses-01_task-szMonitoring_run-04,11.540752410888672,0.07075127586722374,0.0
0,100,sub-100_ses-01_task-szMonitoring_run-04,10.821884155273438,0.05038563907146454,0.0
0,100,sub-100_ses-01_task-szMonitoring_run-04,5.311709403991699,0.05194813013076782,0.0
0,100,sub-100_ses-01_task-szMonitoring_run-06,14.736692428588867,0.0771486833691597,0.0
0,100,sub-100_ses-01_task-szMonitoring_run-06,8.278313636779785,0.0684669055044651,0.0
0,100,sub-100_ses-01_task-szMonitoring_run-06,10.820534706115723,0.06544141471385956,0.0
0,100,sub-100_ses-01_task-szMonitoring_run-06,4.481588363647461,0.11198342964053154,0.0
0,100,sub-100_ses-01_task-szMonitoring_run-06,19.830997467041016,0.07098869234323502,0.0
0,100,sub-100_ses-01_task-szMonitoring_run-06,7.400927543640137,0.07859190553426743,0.0
0,100,sub-100_ses-01_task-szMonitoring_run-06,5.210165977478027,0.09697085618972778,0.0
0,100,sub-100_ses-01_task-szMonitoring_run-06,10.96056842803955,0.07912874966859818,0.0
0,100,sub-100_ses-01_task-szMonitoring_run-06,21.864809036254883,0.05882036313414574,0.0
0,100,sub-100_ses-01_task-szMonitoring_run-06,7.800901889801025,0.0853441059589386,0.0
0,100,sub-100_ses-01_task-szMonitoring_run-06,3.3045122623443604,0.11611263453960419,0.0
0,100,sub-100_ses-01_task-szMonitoring_run-06,5.279828071594238,0.062158241868019104,0.0
0,100,sub-100_ses-01_task-szMonitoring_run-06,5.089785099029541,0.06145641207695007,0.0
0,100,sub-100_ses-01_task-szMonitoring_run-06,8.673203468322754,0.07285010069608688,0.0
0,100,sub-100_ses-01_task-szMonitoring_run-07,6.898371696472168,0.0818086564540863,0.0
0,100,sub-100_ses-01_task-szMonitoring_run-08,7.802305221557617,0.09868945926427841,0.0
0,100,sub-100_ses-01_task-szMonitoring_run-08,6.4501214027404785,0.0915881022810936,0.0
0,100,sub-100_ses-01_task-szMonitoring_run-08,5.578957557678223,0.13361287117004395,0.0
0,100,sub-100_ses-01_task-szMonitoring_run-08,8.95689582824707,0.04790937900543213,0.0
0,100,sub-100_ses-01_task-szMonitoring_run-08,5.561215877532959,0.1258426085114479,0.0
0,100,sub-100_ses-01_task-szMonitoring_run-08,7.293872833251953,0.09635578095912933,0.0
0,100,sub-100_ses-01_task-szMonitoring_run-08,7.723110198974609,0.10047297179698944,0.0
1,100,sub-100_ses-01_task-szMonitoring_run-09,10.895196914672852,0.09087657928466797,0.0
1,100,sub-100_ses-01_task-szMonitoring_run-09,12.25912857055664,0.07411493360996246,0.0
1,100,sub-100_ses-01_task-szMonitoring_run-09,11.51124382019043,0.07977456599473953,0.0
1,100,sub-100_ses-01_task-szMonitoring_run-09,9.2391357421875,0.09966789186000824,0.0
1,100,sub-100_ses-01_task-szMonitoring_run-09,8.842195510864258,0.09967944025993347,0.0
1,100,sub-100_ses-01_task-szMonitoring_run-09,9.22691822052002,0.10000916570425034,0.0
0,100,sub-100_ses-01_task-szMonitoring_run-09,14.923282623291016,0.07430974021553993,0.0
0,100,sub-100_ses-01_task-szMonitoring_run-09,13.724371910095215,0.051837000995874405,0.0
0,100,sub-100_ses-01_task-szMonitoring_run-09,17.69548797607422,0.05336758494377136,0.0
0,100,sub-100_ses-01_task-szMonitoring_run-09,15.362214088439941,0.04219885170459747,0.0
0,100,sub-100_ses-01_task-szMonitoring_run-09,10.075990676879883,0.04309392720460892,0.0
0,100,sub-100_ses-01_task-szMonitoring_run-09,11.474226951599121,0.0668427050113678,0.0
0,100,sub-100_ses-01_task-szMonitoring_run-11,37.027801513671875,0.10023996978998184,0.0
0,100,sub-100_ses-01_task-szMonitoring_run-11,13.40098762512207,0.1470894254744053,0.0
0,100,sub-100_ses-01_task-szMonitoring_run-11,3.2499775886535645,0.15373848006129265,0.0
0,100,sub-100_ses-01_task-szMonitoring_run-13,17.16006088256836,0.04482964426279068,0.0
0,100,sub-100_ses-01_task-szMonitoring_run-13,11.944751739501953,0.052612848579883575,0.0
0,100,sub-100_ses-01_task-szMonitoring_run-13,18.743745803833008,0.0576905831694603,0.0
0,100,sub-100_ses-01_task-szMonitoring_run-13,15.476873397827148,0.09984038025140762,0.0
0,100,sub-100_ses-01_task-szMonitoring_run-13,10.418266296386719,0.049966685473918915,0.0
0,100,sub-100_ses-01_task-szMonitoring_run-13,17.042776107788086,0.08654582500457764,0.0
0,100,sub-100_ses-01_task-szMonitoring_run-13,13.475541114807129,0.06222023442387581,0.0
0,100,sub-100_ses-01_task-szMonitoring_run-13,17.047122955322266,0.10481388866901398,0.0
1,101,sub-101_ses-01_task-szMonitoring_run-01,8.666749000549316,0.18407120555639267,0.0
1,101,sub-101_ses-01_task-szMonitoring_run-01,8.760820388793945,0.1817818433046341,0.0
1,101,sub-101_ses-01_task-szMonitoring_run-01,10.023073196411133,0.17616768181324005,0.0
1,101,sub-101_ses-01_task-szMonitoring_run-01,9.168299674987793,0.17753329873085022,0.0
1,101,sub-101_ses-01_task-szMonitoring_run-01,6.3087921142578125,0.17247501015663147,0.0
1,101,sub-101_ses-01_task-szMonitoring_run-01,9.924236297607422,0.17919989675283432,0.0
0,101,sub-101_ses-01_task-szMonitoring_run-01,25.106428146362305,0.04730258136987686,0.0
0,101,sub-101_ses-01_task-szMonitoring_run-01,20.32655906677246,0.04843554645776749,0.0
0,101,sub-101_ses-01_task-szMonitoring_run-01,7.142414569854736,0.07071520015597343,0.0
0,101,sub-101_ses-01_task-szMonitoring_run-01,23.13023567199707,0.04691096022725105,0.0
0,101,sub-101_ses-01_task-szMonitoring_run-01,8.208131790161133,0.05010302737355232,0.0
0,101,sub-101_ses-01_task-szMonitoring_run-01,6.3455729484558105,0.048652585595846176,0.0
0,101,sub-101_ses-01_task-szMonitoring_run-01,48.272274017333984,0.04601486772298813,0.0
0,101,sub-101_ses-01_task-szMonitoring_run-01,5.411604881286621,0.06951379776000977,0.0
0,101,sub-101_ses-01_task-szMonitoring_run-01,7.25429630279541,0.07726991549134254,0.0
0,101,sub-101_ses-01_task-szMonitoring_run-01,16.306110382080078,0.06905211135745049,0.0
0,101,sub-101_ses-01_task-szMonitoring_run-01,4.133942127227783,0.0990540161728859,0.0
0,101,sub-101_ses-01_task-szMonitoring_run-01,9.810468673706055,0.09327186644077301,0.0
0,101,sub-101_ses-01_task-szMonitoring_run-01,7.38518762588501,0.0742330364882946,0.0
0,101,sub-101_ses-01_task-szMonitoring_run-01,6.727237224578857,0.12782052904367447,0.0
1,101,sub-101_ses-01_task-szMonitoring_run-03,8.58443546295166,0.12552035599946976,0.0
1,101,sub-101_ses-01_task-szMonitoring_run-03,8.020052909851074,0.12834903597831726,0.0
1,101,sub-101_ses-01_task-szMonitoring_run-03,10.320401191711426,0.12120244652032852,0.0
1,101,sub-101_ses-01_task-szMonitoring_run-03,10.605436325073242,0.1187790259718895,0.0
1,101,sub-101_ses-01_task-szMonitoring_run-03,9.853163719177246,0.11842494457960129,0.0
1,101,sub-101_ses-01_task-szMonitoring_run-03,9.85938549041748,0.12183473259210587,0.0
1,101,sub-101_ses-01_task-szMonitoring_run-03,9.90272331237793,0.12060344964265823,0.0
0,101,sub-101_ses-01_task-szMonitoring_run-03,10.685140609741211,0.08085165917873383,0.0
0,101,sub-101_ses-01_task-szMonitoring_run-03,37.56275939941406,0.13700775057077408,0.0
0,101,sub-101_ses-01_task-szMonitoring_run-03,11.820266723632812,0.09513718634843826,0.0
0,101,sub-101_ses-01_task-szMonitoring_run-03,9.639058113098145,0.11110564321279526,0.0
0,101,sub-101_ses-01_task-szMonitoring_run-03,25.9962158203125,0.041017353534698486,0.0
0,101,sub-101_ses-01_task-szMonitoring_run-03,10.233377456665039,0.11204010248184204,0.0
0,101,sub-101_ses-01_task-szMonitoring_run-03,8.848150253295898,0.06165096163749695,0.0
0,101,sub-101_ses-01_task-szMonitoring_run-03,38.33543014526367,0.13410066813230515,0.0
0,101,sub-101_ses-01_task-szMonitoring_run-04,22.819883346557617,0.07086014747619629,0.0
0,101,sub-101_ses-01_task-szMonitoring_run-04,12.385144233703613,0.06894922256469727,0.0
0,101,sub-101_ses-01_task-szMonitoring_run-04,15.851988792419434,0.07467348501086235,0.0
0,101,sub-101_ses-01_task-szMonitoring_run-04,18.183446884155273,0.06382042914628983,0.0
0,101,sub-101_ses-01_task-szMonitoring_run-04,15.54465389251709,0.07947254180908203,0.0
1,101,sub-101_ses-01_task-szMonitoring_run-06,36.21510314941406,0.10473309457302094,0.0
1,101,sub-101_ses-01_task-szMonitoring_run-06,14.081850051879883,0.10830337554216385,0.0
1,101,sub-101_ses-01_task-szMonitoring_run-06,26.168231964111328,0.06114015728235245,0.0
1,101,sub-101_ses-01_task-szMonitoring_run-06,14.1401948928833,0.1091633215546608,0.0
1,101,sub-101_ses-01_task-szMonitoring_run-06,26.016895294189453,0.06573620438575745,0.0
1,101,sub-101_ses-01_task-szMonitoring_run-06,26.80870819091797,0.05859481543302536,0.0
1,101,sub-101_ses-01_task-szMonitoring_run-06,13.655216217041016,0.10870816186070442,0.0
1,101,sub-101_ses-01_task-szMonitoring_run-06,37.39558029174805,0.10760196298360825,0.0
1,101,sub-101_ses-01_task-szMonitoring_run-06,14.061090469360352,0.10856461524963379,0.0
1,101,sub-101_ses-01_task-szMonitoring_run-06,26.859970092773438,0.07799851149320602,0.0
1,101,sub-101_ses-01_task-szMonitoring_run-06,26.71898651123047,0.07701845467090607,0.0
1,101,sub-101_ses-01_task-szMonitoring_run-06,25.810461044311523,0.06380312144756317,0.0
1,101,sub-101_ses-01_task-szMonitoring_run-06,13.842257499694824,0.11307759582996368,0.0
1,101,sub-101_ses-01_task-szMonitoring_run-06,14.09028148651123,0.10771545767784119,0.0
1,101,sub-101_ses-01_task-szMonitoring_run-06,26.068931579589844,0.07194021344184875,0.0
1,101,sub-101_ses-01_task-szMonitoring_run-06,25.727540969848633,0.07200303673744202,0.0
1,101,sub-101_ses-01_task-szMonitoring_run-06,25.50672721862793,0.06806930154561996,0.0
0,101,sub-101_ses-01_task-szMonitoring_run-06,14.354165077209473,0.1595821976661682,0.0
0,101,sub-101_ses-01_task-szMonitoring_run-06,11.735392570495605,0.06960280239582062,0.0
0,101,sub-101_ses-01_task-szMonitoring_run-06,27.809537887573242,0.06444068253040314,0.0
0,101,sub-101_ses-01_task-szMonitoring_run-06,12.73779582977295,0.06452681124210358,0.0
0,101,sub-101_ses-01_task-szMonitoring_run-06,33.67777633666992,0.057889215648174286,0.0
0,101,sub-101_ses-01_task-szMonitoring_run-06,29.00617027282715,0.07042542472481728,0.0
0,101,sub-101_ses-01_task-szMonitoring_run-06,36.35820388793945,0.0582452267408371,0.0
0,101,sub-101_ses-01_task-szMonitoring_run-06,36.10275650024414,0.0436432883143425,0.0
0,101,sub-101_ses-01_task-szMonitoring_run-06,18.775339126586914,0.10882522165775299,0.0
1,101,sub-101_ses-01_task-szMonitoring_run-08,5.169364929199219,0.07583039999008179,0.0
1,101,sub-101_ses-01_task-szMonitoring_run-08,4.560697078704834,0.08714981377124786,0.0
1,101,sub-101_ses-01_task-szMonitoring_run-08,4.86734676361084,0.07832198590040207,0.0
1,101,sub-101_ses-01_task-szMonitoring_run-08,4.233407497406006,0.0834064856171608,0.0
1,101,sub-101_ses-01_task-szMonitoring_run-08,5.049369812011719,0.07781912386417389,0.0
0,101,sub-101_ses-01_task-szMonitoring_run-08,6.9253621101379395,0.10205334424972534,0.0
0,101,sub-101_ses-01_task-szMonitoring_run-08,6.067280292510986,0.105813167989254,0.0
0,101,sub-101_ses-01_task-szMonitoring_run-08,5.457702159881592,0.14471998810768127,0.0
1,102,sub-102_ses-01_task-szMonitoring_run-01,9.236143112182617,0.10119730234146118,0.0
1,102,sub-102_ses-01_task-szMonitoring_run-01,12.305575370788574,0.11135025322437286,0.0
1,102,sub-102_ses-01_task-szMonitoring_run-01,8.959024429321289,0.0961439311504364,0.0
1,102,sub-102_ses-01_task-szMonitoring_run-01,12.625016212463379,0.10926541686058044,0.0
1,102,sub-102_ses-01_task-szMonitoring_run-01,10.507698059082031,0.11740414053201675,0.0
1,102,sub-102_ses-01_task-szMonitoring_run-01,11.21130657196045,0.1135103777050972,0.0
1,102,sub-102_ses-01_task-szMonitoring_run-01,10.063352584838867,0.11343105137348175,0.0
1,102,sub-102_ses-01_task-szMonitoring_run-01,9.56783676147461,0.1003873273730278,0.0
1,102,sub-102_ses-01_task-szMonitoring_run-01,10.080265998840332,0.11835774779319763,0.0
1,102,sub-102_ses-01_task-szMonitoring_run-01,8.991692543029785,0.09936725348234177,0.0
1,102,sub-102_ses-01_task-szMonitoring_run-01,10.641321182250977,0.11574209481477737,0.0
1,102,sub-102_ses-01_task-szMonitoring_run-01,9.59216594696045,0.09726081043481827,0.0
0,102,sub-102_ses-01_task-szMonitoring_run-01,17.054109573364258,0.05270329862833023,0.0
0,102,sub-102_ses-01_task-szMonitoring_run-01,4.8985466957092285,0.09404564648866653,0.0
0,102,sub-102_ses-01_task-szMonitoring_run-01,8.847674369812012,0.05388462543487549,0.0
0,102,sub-102_ses-01_task-szMonitoring_run-01,9.505756378173828,0.07070793956518173,0.0
0,102,sub-102_ses-01_task-szMonitoring_run-01,10.573554039001465,0.05153835564851761,0.0
0,102,sub-102_ses-01_task-szMonitoring_run-01,11.333171844482422,0.0887506976723671,0.0
0,102,sub-102_ses-01_task-szMonitoring_run-01,11.0187406539917,0.08649636059999466,0.0
0,102,sub-102_ses-01_task-szMonitoring_run-01,7.665853977203369,0.09049774706363678,0.0
0,102,sub-102_ses-01_task-szMonitoring_run-01,14.913431167602539,0.05980435758829117,0.0
0,102,sub-102_ses-01_task-szMonitoring_run-01,5.60524845123291,0.09717004746198654,0.0
0,102,sub-102_ses-01_task-szMonitoring_run-01,8.238015174865723,0.08196328580379486,0.0
0,102,sub-102_ses-01_task-szMonitoring_run-01,19.145217895507812,0.044832803308963776,0.0
0,102,sub-102_ses-01_task-szMonitoring_run-01,8.916436195373535,0.06978577375411987,0.0
0,102,sub-102_ses-01_task-szMonitoring_run-01,6.384738922119141,0.09850959479808807,0.0
0,102,sub-102_ses-01_task-szMonitoring_run-01,5.659823417663574,0.06669871881604195,0.0
0,102,sub-102_ses-01_task-szMonitoring_run-02,6.758578777313232,0.11561761051416397,0.0
0,102,sub-102_ses-01_task-szMonitoring_run-02,9.499091148376465,0.05540754646062851,0.0
1,102,sub-102_ses-01_task-szMonitoring_run-03,6.869421482086182,0.09811600297689438,0.0
1,102,sub-102_ses-01_task-szMonitoring_run-03,4.579502582550049,0.0988059788942337,0.0
1,102,sub-102_ses-01_task-szMonitoring_run-03,4.530431747436523,0.0987364649772644,0.0
1,102,sub-102_ses-01_task-szMonitoring_run-03,4.557106971740723,0.09873653948307037,0.0
0,102,sub-102_ses-01_task-szMonitoring_run-03,26.53852081298828,0.05710835009813309,0.0
0,102,sub-102_ses-01_task-szMonitoring_run-03,22.29776954650879,0.07567159086465836,0.0
0,102,sub-102_ses-01_task-szMonitoring_run-03,4.350057125091553,0.14229393005371094,0.0
0,102,sub-102_ses-01_task-szMonitoring_run-03,23.058595657348633,0.07656528800725937,0.0
0,102,sub-102_ses-01_task-szMonitoring_run-03,8.984713554382324,0.0941544771194458,0.0
0,102,sub-102_ses-01_task-szMonitoring_run-03,6.088138580322266,0.07886627316474915,0.0
0,102,sub-102_ses-01_task-szMonitoring_run-03,7.482779502868652,0.0801452249288559,0.0
0,102,sub-102_ses-01_task-szMonitoring_run-03,12.201144218444824,0.07937026768922806,0.0
0,102,sub-102_ses-01_task-szMonitoring_run-03,8.358312606811523,0.08551015704870224,0.0
0,102,sub-102_ses-01_task-szMonitoring_run-03,9.337779998779297,0.08035177737474442,0.0
0,102,sub-102_ses-01_task-szMonitoring_run-03,14.893720626831055,0.07608181238174438,0.0
0,102,sub-102_ses-01_task-szMonitoring_run-03,22.443531036376953,0.10222586244344711,0.0
0,102,sub-102_ses-01_task-szMonitoring_run-03,15.978586196899414,0.06663229316473007,0.0
0,102,sub-102_ses-01_task-szMonitoring_run-03,6.93980073928833,0.06606313958764076,0.0
0,102,sub-102_ses-01_task-szMonitoring_run-03,24.386568069458008,0.07706423103809357,0.0
0,102,sub-102_ses-01_task-szMonitoring_run-03,16.886714935302734,0.16226229071617126,0.0
0,102,sub-102_ses-01_task-szMonitoring_run-05,18.392253875732422,0.07784897834062576,0.0
0,102,sub-102_ses-01_task-szMonitoring_run-05,3.736501932144165,0.08306584507226944,0.0
0,102,sub-102_ses-01_task-szMonitoring_run-05,24.345069885253906,0.10576681047677994,0.0
0,102,sub-102_ses-01_task-szMonitoring_run-05,6.6319355964660645,0.1421903595328331,0.0
0,102,sub-102_ses-01_task-szMonitoring_run-05,38.518680572509766,0.05928727611899376,0.0
0,102,sub-102_ses-01_task-szMonitoring_run-05,10.87971305847168,0.09955186396837234,0.0
0,102,sub-102_ses-01_task-szMonitoring_run-05,39.46922302246094,0.06682948023080826,0.0
0,102,sub-102_ses-01_task-szMonitoring_run-05,3.7777037620544434,0.1686871498823166,0.0
0,102,sub-102_ses-01_task-szMonitoring_run-07,10.489996910095215,0.11753765121102333,0.0
0,102,sub-102_ses-01_task-szMonitoring_run-07,17.773942947387695,0.12432533502578735,0.0
0,102,sub-102_ses-01_task-szMonitoring_run-07,5.094660758972168,0.05787744000554085,0.0
0,102,sub-102_ses-01_task-szMonitoring_run-07,28.495498657226562,0.07662933319807053,0.0
0,102,sub-102_ses-01_task-szMonitoring_run-07,41.16869354248047,0.05098843574523926,0.0
0,102,sub-102_ses-01_task-szMonitoring_run-07,18.07832908630371,0.08458806574344635,0.0
0,102,sub-102_ses-01_task-szMonitoring_run-07,17.8837890625,0.06575245782732964,0.0
0,102,sub-102_ses-01_task-szMonitoring_run-07,20.466222763061523,0.06981395557522774,0.0
0,102,sub-102_ses-01_task-szMonitoring_run-07,5.871079444885254,0.06396286562085152,0.0
0,102,sub-102_ses-01_task-szMonitoring_run-07,21.430234909057617,0.0751529335975647,0.0
0,102,sub-102_ses-01_task-szMonitoring_run-08,32.53026580810547,0.061923690140247345,0.0
0,102,sub-102_ses-01_task-szMonitoring_run-08,87.0630874633789,0.048024944961071014,0.0
0,102,sub-102_ses-01_task-szMonitoring_run-08,30.674633026123047,0.054357655346393585,0.0
0,102,sub-102_ses-01_task-szMonitoring_run-08,28.654638290405273,0.07060211896896362,0.0
0,102,sub-102_ses-01_task-szMonitoring_run-08,23.210969924926758,0.10608531534671783,0.0
0,102,sub-102_ses-01_task-szMonitoring_run-08,6.03682804107666,0.07065242901444435,0.0
0,102,sub-102_ses-01_task-szMonitoring_run-08,29.980304718017578,0.08478188514709473,0.0
0,102,sub-102_ses-01_task-szMonitoring_run-08,42.53903579711914,0.07833829522132874,0.0
0,102,sub-102_ses-01_task-szMonitoring_run-08,4.362604141235352,0.06698721647262573,0.0
0,102,sub-102_ses-01_task-szMonitoring_run-09,18.995290756225586,0.10039758682250977,0.0
0,102,sub-102_ses-01_task-szMonitoring_run-10,28.42030143737793,0.08958546072244644,0.0
0,102,sub-102_ses-01_task-szMonitoring_run-10,44.326637268066406,0.05308771878480911,0.0
0,102,sub-102_ses-01_task-szMonitoring_run-10,40.75963592529297,0.05288873612880707,0.0
0,102,sub-102_ses-01_task-szMonitoring_run-10,20.873449325561523,0.1299656182527542,0.0
0,102,sub-102_ses-01_task-szMonitoring_run-10,4.1964497566223145,0.1328626200556755,0.0
0,102,sub-102_ses-01_task-szMonitoring_run-10,13.82996940612793,0.0509847030043602,0.0
0,102,sub-102_ses-01_task-szMonitoring_run-10,93.69461059570312,0.08358146250247955,0.0
0,102,sub-102_ses-01_task-szMonitoring_run-10,6.742875576019287,0.13241270184516907,0.0
0,102,sub-102_ses-01_task-szMonitoring_run-10,11.40656852722168,0.07907070219516754,0.0
0,102,sub-102_ses-01_task-szMonitoring_run-10,10.901355743408203,0.08927638083696365,0.0
0,102,sub-102_ses-01_task-szMonitoring_run-10,23.603944778442383,0.1187317743897438,0.0
0,102,sub-102_ses-01_task-szMonitoring_run-10,7.911818981170654,0.1115516945719719,0.0
0,102,sub-102_ses-01_task-szMonitoring_run-10,31.8946475982666,0.06487035751342773,0.0
0,102,sub-102_ses-01_task-szMonitoring_run-10,8.518460273742676,0.11725613474845886,0.0
1,103,sub-103_ses-01_task-szMonitoring_run-01,16.014575958251953,0.11166682839393616,0.0
1,103,sub-103_ses-01_task-szMonitoring_run-01,16.298282623291016,0.1065235510468483,0.0
1,103,sub-103_ses-01_task-szMonitoring_run-01,14.538455963134766,0.1170213520526886,0.0
1,103,sub-103_ses-01_task-szMonitoring_run-01,14.482139587402344,0.11735227704048157,0.0
1,103,sub-103_ses-01_task-szMonitoring_run-01,14.851409912109375,0.11425947397947311,0.0
1,103,sub-103_ses-01_task-szMonitoring_run-01,13.840410232543945,0.11999287456274033,0.0
0,103,sub-103_ses-01_task-szMonitoring_run-01,6.552918910980225,0.09462527930736542,0.0
0,103,sub-103_ses-01_task-szMonitoring_run-01,13.456527709960938,0.12159993499517441,0.0
0,103,sub-103_ses-01_task-szMonitoring_run-01,24.18317222595215,0.07014185190200806,0.0
0,103,sub-103_ses-01_task-szMonitoring_run-01,12.549765586853027,0.09452725201845169,0.0
0,103,sub-103_ses-01_task-szMonitoring_run-01,12.630245208740234,0.06542052328586578,0.0
0,103,sub-103_ses-01_task-szMonitoring_run-01,24.339920043945312,0.09003571048378944,0.0
0,103,sub-103_ses-01_task-szMonitoring_run-01,92.69536590576172,0.11336509883403778,0.0
0,103,sub-103_ses-01_task-szMonitoring_run-01,5.831634998321533,0.13315195590257645,0.0
0,103,sub-103_ses-01_task-szMonitoring_run-01,9.080667495727539,0.11270464584231377,0.0
0,103,sub-103_ses-01_task-szMonitoring_run-01,13.919428825378418,0.11976128816604614,0.0
0,103,sub-103_ses-01_task-szMonitoring_run-01,23.96999740600586,0.06730861961841583,0.0
0,103,sub-103_ses-01_task-szMonitoring_run-01,27.77756118774414,0.07572391256690025,0.0
0,103,sub-103_ses-01_task-szMonitoring_run-01,7.792440414428711,0.09210597723722458,0.0
1,103,sub-103_ses-01_task-szMonitoring_run-02,8.445695877075195,0.09062416106462479,0.0
1,103,sub-103_ses-01_task-szMonitoring_run-02,7.63923454284668,0.09750482439994812,0.0
1,103,sub-103_ses-01_task-szMonitoring_run-02,18.708831787109375,0.11346682161092758,0.0
1,103,sub-103_ses-01_task-szMonitoring_run-02,19.81697654724121,0.10779791325330734,0.0
1,103,sub-103_ses-01_task-szMonitoring_run-02,7.8745269775390625,0.09522297233343124,0.0
1,103,sub-103_ses-01_task-szMonitoring_run-02,17.809185028076172,0.11831414699554443,0.0
1,103,sub-103_ses-01_task-szMonitoring_run-02,8.822325706481934,0.09259887039661407,0.0
1,103,sub-103_ses-01_task-szMonitoring_run-02,8.822325706481934,0.09209540486335754,0.0
1,103,sub-103_ses-01_task-szMonitoring_run-02,16.914461135864258,0.12429472804069519,0.0
1,103,sub-103_ses-01_task-szMonitoring_run-02,8.482168197631836,0.0918363630771637,0.0
1,103,sub-103_ses-01_task-szMonitoring_run-02,7.694661617279053,0.09219777584075928,0.0
1,103,sub-103_ses-01_task-szMonitoring_run-02,12.724592208862305,0.14112111926078796,0.0
1,103,sub-103_ses-01_task-szMonitoring_run-02,7.779876232147217,0.09437735378742218,0.0
1,103,sub-103_ses-01_task-szMonitoring_run-02,15.109493255615234,0.13129444420337677,0.0
1,103,sub-103_ses-01_task-szMonitoring_run-02,13.206428527832031,0.1386844962835312,0.0
0,103,sub-103_ses-01_task-szMonitoring_run-02,5.842193126678467,0.09696874022483826,0.0
0,103,sub-103_ses-01_task-szMonitoring_run-02,11.20069694519043,0.12595130503177643,0.0
0,103,sub-103_ses-01_task-szMonitoring_run-02,15.284995079040527,0.08245866000652313,0.0
0,103,sub-103_ses-01_task-szMonitoring_run-02,137.74700927734375,0.11347778886556625,0.0
1,103,sub-103_ses-01_task-szMonitoring_run-03,4.281186103820801,0.13113507628440857,0.0
1,103,sub-103_ses-01_task-szMonitoring_run-03,4.35907506942749,0.13375546038150787,0.0
1,103,sub-103_ses-01_task-szMonitoring_run-03,5.301571369171143,0.11305350810289383,0.0
1,103,sub-103_ses-01_task-szMonitoring_run-03,4.635678768157959,0.1214703693985939,0.0
1,103,sub-103_ses-01_task-szMonitoring_run-03,4.309872627258301,0.1247357502579689,0.0
1,103,sub-103_ses-01_task-szMonitoring_run-03,5.100912094116211,0.1161789670586586,0.0
1,103,sub-103_ses-01_task-szMonitoring_run-03,5.6983537673950195,0.10444970428943634,0.0
0,103,sub-103_ses-01_task-szMonitoring_run-03,6.742543697357178,0.0721135139465332,0.0
0,103,sub-103_ses-01_task-szMonitoring_run-03,5.075021743774414,0.10172788798809052,0.0
0,103,sub-103_ses-01_task-szMonitoring_run-03,5.069702625274658,0.132220096886158,0.0
1,103,sub-103_ses-01_task-szMonitoring_run-04,8.633821487426758,0.10114019364118576,0.0
1,103,sub-103_ses-01_task-szMonitoring_run-04,8.8087739944458,0.10139086470007896,0.0
1,103,sub-103_ses-01_task-szMonitoring_run-04,8.354132652282715,0.1051514744758606,0.0
0,103,sub-103_ses-01_task-szMonitoring_run-04,31.242504119873047,0.06590928137302399,0.0
0,103,sub-103_ses-01_task-szMonitoring_run-04,6.049397945404053,0.1327463686466217,0.0
0,103,sub-103_ses-01_task-szMonitoring_run-04,21.21133804321289,0.07460153102874756,0.0
0,103,sub-103_ses-01_task-szMonitoring_run-04,10.869375228881836,0.06910799816250801,0.0
0,103,sub-103_ses-01_task-szMonitoring_run-04,16.976139068603516,0.059015024453401566,0.0
0,103,sub-103_ses-01_task-szMonitoring_run-05,14.292529106140137,0.07077529281377792,0.0
0,103,sub-103_ses-01_task-szMonitoring_run-05,6.900577068328857,0.08936059474945068,0.0
1,103,sub-103_ses-01_task-szMonitoring_run-06,5.884954452514648,0.1531611569225788,0.0
1,103,sub-103_ses-01_task-szMonitoring_run-06,6.223974704742432,0.15360510721802711,0.0
1,103,sub-103_ses-01_task-szMonitoring_run-06,6.196341514587402,0.15159713849425316,0.0
1,103,sub-103_ses-01_task-szMonitoring_run-06,5.889629364013672,0.15633071213960648,0.0
0,103,sub-103_ses-01_task-szMonitoring_run-06,5.488284587860107,0.12166598439216614,0.0
0,103,sub-103_ses-01_task-szMonitoring_run-06,27.808605194091797,0.14078710228204727,0.0
0,103,sub-103_ses-01_task-szMonitoring_run-06,23.516279220581055,0.07353205233812332,0.0
0,103,sub-103_ses-01_task-szMonitoring_run-06,74.67058563232422,0.08647910505533218,0.0
0,103,sub-103_ses-01_task-szMonitoring_run-06,29.889297485351562,0.07055741548538208,0.0
0,103,sub-103_ses-01_task-szMonitoring_run-06,113.53204345703125,0.12064404040575027,0.0
0,103,sub-103_ses-01_task-szMonitoring_run-06,10.690505027770996,0.061896465718746185,0.0
0,103,sub-103_ses-01_task-szMonitoring_run-06,10.746379852294922,0.06339947879314423,0.0
0,103,sub-103_ses-01_task-szMonitoring_run-06,9.344959259033203,0.11121051013469696,0.0
0,103,sub-103_ses-01_task-szMonitoring_run-06,10.559995651245117,0.0688067078590393,0.0
1,103,sub-103_ses-01_task-szMonitoring_run-07,8.05286979675293,0.13518717885017395,0.0
1,103,sub-103_ses-01_task-szMonitoring_run-07,6.616702556610107,0.1289856806397438,0.0
1,103,sub-103_ses-01_task-szMonitoring_run-07,7.315878391265869,0.13800488412380219,0.0
1,103,sub-103_ses-01_task-szMonitoring_run-07,7.969298839569092,0.13641733676195145,0.0
1,103,sub-103_ses-01_task-szMonitoring_run-07,7.788273811340332,0.14003435522317886,0.0
1,103,sub-103_ses-01_task-szMonitoring_run-07,7.005961894989014,0.13554931432008743,0.0
1,103,sub-103_ses-01_task-szMonitoring_run-07,7.849133014678955,0.14094960689544678,0.0
0,103,sub-103_ses-01_task-szMonitoring_run-07,11.93056869506836,0.10615196079015732,0.0
0,103,sub-103_ses-01_task-szMonitoring_run-07,5.153831958770752,0.09726302325725555,0.0
0,103,sub-103_ses-01_task-szMonitoring_run-07,9.143989562988281,0.09833865985274315,0.0
0,104,sub-104_ses-01_task-szMonitoring_run-01,14.72116470336914,0.08898308128118515,0.0
0,104,sub-104_ses-01_task-szMonitoring_run-01,15.30964183807373,0.05414123088121414,0.0
0,104,sub-104_ses-01_task-szMonitoring_run-01,7.066493511199951,0.05321625806391239,0.0
0,104,sub-104_ses-01_task-szMonitoring_run-01,8.306222915649414,0.11635873466730118,0.0
0,104,sub-104_ses-01_task-szMonitoring_run-01,13.250069618225098,0.055124618113040924,0.0
0,104,sub-104_ses-01_task-szMonitoring_run-01,2.7621915340423584,0.23214852064847946,0.0
0,104,sub-104_ses-01_task-szMonitoring_run-01,24.869211196899414,0.1512836292386055,0.0
0,104,sub-104_ses-01_task-szMonitoring_run-01,5.642817974090576,0.12755168229341507,0.0
0,104,sub-104_ses-01_task-szMonitoring_run-01,6.456723690032959,0.18025091290473938,0.0
0,104,sub-104_ses-01_task-szMonitoring_run-01,13.62731647491455,0.06787255592644215,0.0
0,104,sub-104_ses-01_task-szMonitoring_run-01,16.7185001373291,0.07904015854001045,0.0
0,104,sub-104_ses-01_task-szMonitoring_run-01,15.448917388916016,0.07734449580311775,0.0
0,104,sub-104_ses-01_task-szMonitoring_run-01,5.522296905517578,0.12785900384187698,0.0
0,104,sub-104_ses-01_task-szMonitoring_run-01,8.734402656555176,0.14274200052022934,0.0
0,104,sub-104_ses-01_task-szMonitoring_run-01,12.29794979095459,0.05321920104324818,0.0
0,104,sub-104_ses-01_task-szMonitoring_run-02,10.115029335021973,0.1263299584388733,0.0
0,104,sub-104_ses-01_task-szMonitoring_run-02,6.20794153213501,0.14903947710990906,0.0
0,104,sub-104_ses-01_task-szMonitoring_run-02,5.78325891494751,0.17823823541402817,0.0
0,104,sub-104_ses-01_task-szMonitoring_run-02,6.384429454803467,0.1354508064687252,0.0
0,104,sub-104_ses-01_task-szMonitoring_run-03,14.41602897644043,0.09641572088003159,0.0
0,104,sub-104_ses-01_task-szMonitoring_run-03,20.691280364990234,0.058776069432497025,0.0
0,104,sub-104_ses-01_task-szMonitoring_run-03,24.887887954711914,0.0811215490102768,0.0
0,104,sub-104_ses-01_task-szMonitoring_run-03,6.007687091827393,0.1444287747144699,0.0
0,104,sub-104_ses-01_task-szMonitoring_run-03,4.30810022354126,0.09198116511106491,0.0
0,104,sub-104_ses-01_task-szMonitoring_run-03,6.584005355834961,0.09307652711868286,0.0
0,104,sub-104_ses-01_task-szMonitoring_run-03,9.681584358215332,0.14201287925243378,0.0
0,104,sub-104_ses-01_task-szMonitoring_run-03,9.870807647705078,0.14884112030267715,0.0
0,104,sub-104_ses-01_task-szMonitoring_run-03,9.504607200622559,0.14785532653331757,0.0
0,104,sub-104_ses-01_task-szMonitoring_run-03,20.386337280273438,0.07166307792067528,0.0
0,104,sub-104_ses-01_task-szMonitoring_run-03,11.288851737976074,0.17783695459365845,0.0
0,104,sub-104_ses-01_task-szMonitoring_run-03,9.826362609863281,0.14999467134475708,0.0
0,104,sub-104_ses-01_task-szMonitoring_run-03,16.95917320251465,0.073400454595685,0.0
0,104,sub-104_ses-01_task-szMonitoring_run-04,8.665306091308594,0.19221200793981552,0.0
1,104,sub-104_ses-01_task-szMonitoring_run-05,7.333057880401611,0.07242871075868607,0.0
1,104,sub-104_ses-01_task-szMonitoring_run-05,7.409487724304199,0.07447730749845505,0.0
1,104,sub-104_ses-01_task-szMonitoring_run-05,7.19327974319458,0.0765666663646698,0.0
1,104,sub-104_ses-01_task-szMonitoring_run-05,7.392104625701904,0.07578887045383453,0.0
1,104,sub-104_ses-01_task-szMonitoring_run-05,7.462782859802246,0.07446977496147156,0.0
1,104,sub-104_ses-01_task-szMonitoring_run-05,7.433804035186768,0.07246804982423782,0.0
1,104,sub-104_ses-01_task-szMonitoring_run-05,7.45944356918335,0.0709557831287384,0.0
0,104,sub-104_ses-01_task-szMonitoring_run-05,4.015022277832031,0.25977061688899994,0.0
0,104,sub-104_ses-01_task-szMonitoring_run-05,10.653467178344727,0.13788198679685593,0.0
0,104,sub-104_ses-01_task-szMonitoring_run-05,9.73471736907959,0.08707262575626373,0.0
0,104,sub-104_ses-01_task-szMonitoring_run-05,10.614848136901855,0.19964609667658806,0.0
0,104,sub-104_ses-01_task-szMonitoring_run-05,8.4256010055542,0.059556860476732254,0.0
0,104,sub-104_ses-01_task-szMonitoring_run-05,34.48395919799805,0.14088983088731766,0.0
0,104,sub-104_ses-01_task-szMonitoring_run-05,10.80251407623291,0.1346033699810505,0.0
0,104,sub-104_ses-01_task-szMonitoring_run-05,26.72677993774414,0.05639827623963356,0.0
0,104,sub-104_ses-01_task-szMonitoring_run-05,11.880417823791504,0.1312609724700451,0.0
0,104,sub-104_ses-01_task-szMonitoring_run-05,12.825911521911621,0.1771080531179905,0.0
0,104,sub-104_ses-01_task-szMonitoring_run-05,4.215787887573242,0.16684607416391373,0.0
0,104,sub-104_ses-01_task-szMonitoring_run-06,5.089056968688965,0.11812165006995201,0.0
0,104,sub-104_ses-01_task-szMonitoring_run-06,8.650940895080566,0.1303359866142273,0.0
0,104,sub-104_ses-01_task-szMonitoring_run-06,5.2073211669921875,0.1137271337211132,0.0
0,104,sub-104_ses-01_task-szMonitoring_run-08,4.54261589050293,0.13560304045677185,0.0
0,104,sub-104_ses-01_task-szMonitoring_run-08,17.552738189697266,0.1580195128917694,0.0
0,104,sub-104_ses-01_task-szMonitoring_run-08,15.798125267028809,0.06843490898609161,0.0
0,104,sub-104_ses-01_task-szMonitoring_run-08,7.631115436553955,0.13116733729839325,0.0
0,104,sub-104_ses-01_task-szMonitoring_run-08,25.516592025756836,0.07727048546075821,0.0
0,104,sub-104_ses-01_task-szMonitoring_run-08,25.331336975097656,0.07468528300523758,0.0
0,104,sub-104_ses-01_task-szMonitoring_run-08,14.730212211608887,0.05438552238047123,0.0
0,104,sub-104_ses-01_task-szMonitoring_run-08,5.650874137878418,0.08015116862952709,0.0
0,104,sub-104_ses-01_task-szMonitoring_run-08,3.1917591094970703,0.273107947781682,0.0
0,104,sub-104_ses-01_task-szMonitoring_run-08,16.323043823242188,0.15196450054645538,0.0
0,104,sub-104_ses-01_task-szMonitoring_run-08,26.11176300048828,0.058916423469781876,0.0
0,104,sub-104_ses-01_task-szMonitoring_run-08,6.468915939331055,0.0843892339617014,0.0
0,104,sub-104_ses-01_task-szMonitoring_run-08,4.019410133361816,0.1219666413962841,0.0
0,104,sub-104_ses-01_task-szMonitoring_run-08,8.139891624450684,0.11554311215877533,0.0
0,104,sub-104_ses-01_task-szMonitoring_run-09,4.484042644500732,0.1429441198706627,0.0
0,105,sub-105_ses-01_task-szMonitoring_run-01,11.108240127563477,0.09164336323738098,0.0
0,105,sub-105_ses-01_task-szMonitoring_run-01,21.84648895263672,0.06402624770998955,0.0
0,105,sub-105_ses-01_task-szMonitoring_run-01,22.614120483398438,0.10289307683706284,0.0
0,105,sub-105_ses-01_task-szMonitoring_run-01,24.289806365966797,0.07812947034835815,0.0
0,105,sub-105_ses-01_task-szMonitoring_run-01,34.6495361328125,0.14987972378730774,0.0
0,105,sub-105_ses-01_task-szMonitoring_run-01,24.215803146362305,0.0780390091240406,0.0
0,105,sub-105_ses-01_task-szMonitoring_run-01,14.2689790725708,0.05619340389966965,0.0
0,105,sub-105_ses-01_task-szMonitoring_run-01,13.550078392028809,0.14169170707464218,0.0
0,105,sub-105_ses-01_task-szMonitoring_run-01,23.996532440185547,0.12146462500095367,0.0
0,105,sub-105_ses-01_task-szMonitoring_run-02,16.24386215209961,0.060850728303194046,0.0
0,105,sub-105_ses-01_task-szMonitoring_run-02,18.266740798950195,0.054047707468271255,0.0
0,105,sub-105_ses-01_task-szMonitoring_run-03,18.732147216796875,0.05850747600197792,0.0
0,105,sub-105_ses-01_task-szMonitoring_run-03,39.972862243652344,0.12766115367412567,0.0
0,105,sub-105_ses-01_task-szMonitoring_run-03,15.349345207214355,0.06829678267240524,0.0
0,105,sub-105_ses-01_task-szMonitoring_run-03,17.250410079956055,0.05443568527698517,0.0
0,105,sub-105_ses-01_task-szMonitoring_run-03,21.229520797729492,0.10689253732562065,0.0
0,105,sub-105_ses-01_task-szMonitoring_run-03,5.370779991149902,0.06592249497771263,0.0
0,105,sub-105_ses-01_task-szMonitoring_run-03,29.966651916503906,0.10380420833826065,0.0
0,105,sub-105_ses-01_task-szMonitoring_run-03,17.517545700073242,0.12925883382558823,0.0
0,105,sub-105_ses-01_task-szMonitoring_run-03,20.87103843688965,0.18573778122663498,0.0
0,105,sub-105_ses-01_task-szMonitoring_run-03,10.82577896118164,0.10226831585168839,0.0
0,105,sub-105_ses-01_task-szMonitoring_run-05,102.9725570678711,0.10442027449607849,0.0
0,105,sub-105_ses-01_task-szMonitoring_run-05,26.013338088989258,0.07608714699745178,0.0
0,105,sub-105_ses-01_task-szMonitoring_run-05,12.342339515686035,0.19227053225040436,0.0
0,105,sub-105_ses-01_task-szMonitoring_run-05,14.846758842468262,0.06538240239024162,0.0
0,105,sub-105_ses-01_task-szMonitoring_run-05,10.875640869140625,0.04131733439862728,0.0
0,105,sub-105_ses-01_task-szMonitoring_run-05,13.225488662719727,0.10005049407482147,0.0
0,105,sub-105_ses-01_task-szMonitoring_run-05,10.750032424926758,0.09215560927987099,0.0
0,105,sub-105_ses-01_task-szMonitoring_run-05,13.490264892578125,0.10153700038790703,0.0
0,105,sub-105_ses-01_task-szMonitoring_run-05,11.23715877532959,0.20033971965312958,0.0
0,105,sub-105_ses-01_task-szMonitoring_run-05,18.179399490356445,0.21575716137886047,0.0
1,105,sub-105_ses-01_task-szMonitoring_run-07,7.187840938568115,0.06167532503604889,0.0
1,105,sub-105_ses-01_task-szMonitoring_run-07,43.40503692626953,0.05366313457489014,0.0
1,105,sub-105_ses-01_task-szMonitoring_run-07,52.695430755615234,0.04826034605503082,0.0
1,105,sub-105_ses-01_task-szMonitoring_run-07,38.48775863647461,0.051886238157749176,0.0
1,105,sub-105_ses-01_task-szMonitoring_run-07,67.13286590576172,0.04253196716308594,0.0
1,105,sub-105_ses-01_task-szMonitoring_run-07,7.141247749328613,0.06379100680351257,0.0
1,105,sub-105_ses-01_task-szMonitoring_run-07,58.75917434692383,0.04403670132160187,0.0
1,105,sub-105_ses-01_task-szMonitoring_run-07,7.337200164794922,0.060974106192588806,0.0
1,105,sub-105_ses-01_task-szMonitoring_run-07,7.4277024269104,0.05883459746837616,0.0
1,105,sub-105_ses-01_task-szMonitoring_run-07,54.85466384887695,0.046564891934394836,0.0
1,105,sub-105_ses-01_task-szMonitoring_run-07,39.75837326049805,0.05278918705880642,0.0
1,105,sub-105_ses-01_task-szMonitoring_run-07,49.159385681152344,0.05113367736339569,0.0
1,105,sub-105_ses-01_task-szMonitoring_run-07,43.25840759277344,0.051929669454693794,0.0
0,105,sub-105_ses-01_task-szMonitoring_run-07,86.9790267944336,0.03622439503669739,0.0
0,105,sub-105_ses-01_task-szMonitoring_run-07,35.49799346923828,0.15387701988220215,0.0
0,105,sub-105_ses-01_task-szMonitoring_run-07,26.902070999145508,0.05762109160423279,0.0
0,105,sub-105_ses-01_task-szMonitoring_run-07,31.994483947753906,0.16203656047582626,0.0
0,105,sub-105_ses-01_task-szMonitoring_run-09,32.4622688293457,0.12413810938596725,0.0
0,105,sub-105_ses-01_task-szMonitoring_run-09,30.48483657836914,0.09975405037403107,0.0
0,105,sub-105_ses-01_task-szMonitoring_run-09,7.374709129333496,0.09186613745987415,0.0
0,105,sub-105_ses-01_task-szMonitoring_run-09,35.274776458740234,0.0918414443731308,0.0
0,105,sub-105_ses-01_task-szMonitoring_run-09,43.964515686035156,0.11825765669345856,0.0
0,105,sub-105_ses-01_task-szMonitoring_run-09,35.6092529296875,0.09249074757099152,0.0
0,105,sub-105_ses-01_task-szMonitoring_run-09,15.046781539916992,0.12230429798364639,0.0
0,105,sub-105_ses-01_task-szMonitoring_run-09,39.776790618896484,0.057327285408973694,0.0
0,105,sub-105_ses-01_task-szMonitoring_run-09,20.127527236938477,0.10550791025161743,0.0
0,105,sub-105_ses-01_task-szMonitoring_run-09,12.790916442871094,0.02993188425898552,0.0
0,105,sub-105_ses-01_task-szMonitoring_run-09,33.94115447998047,0.19699551910161972,0.0
0,105,sub-105_ses-01_task-szMonitoring_run-09,28.812969207763672,0.03843550756573677,0.0
0,105,sub-105_ses-01_task-szMonitoring_run-09,18.968774795532227,0.053019411861896515,0.0
0,105,sub-105_ses-01_task-szMonitoring_run-09,15.00216007232666,0.12201851606369019,0.0
0,105,sub-105_ses-01_task-szMonitoring_run-09,9.518781661987305,0.0744154043495655,0.0
1,106,sub-106_ses-01_task-szMonitoring_run-01,10.532548904418945,0.11236365884542465,0.0
1,106,sub-106_ses-01_task-szMonitoring_run-01,4.983749866485596,0.13688883557915688,0.0
1,106,sub-106_ses-01_task-szMonitoring_run-01,5.12684965133667,0.13793935999274254,0.0
1,106,sub-106_ses-01_task-szMonitoring_run-01,5.6170244216918945,0.15194517374038696,0.0
1,106,sub-106_ses-01_task-szMonitoring_run-01,5.1313676834106445,0.14241372421383858,0.0
1,106,sub-106_ses-01_task-szMonitoring_run-01,5.279642105102539,0.1472860611975193,0.0
1,106,sub-106_ses-01_task-szMonitoring_run-01,9.951004028320312,0.11318179219961166,0.0
1,106,sub-106_ses-01_task-szMonitoring_run-01,10.349496841430664,0.11087494343519211,0.0
1,106,sub-106_ses-01_task-szMonitoring_run-01,10.294462203979492,0.11600921303033829,0.0
1,106,sub-106_ses-01_task-szMonitoring_run-01,5.725104808807373,0.1521393321454525,0.0
1,106,sub-106_ses-01_task-szMonitoring_run-01,9.932662010192871,0.11470609903335571,0.0
1,106,sub-106_ses-01_task-szMonitoring_run-01,10.67413330078125,0.12091641128063202,0.0
1,106,sub-106_ses-01_task-szMonitoring_run-01,5.900047779083252,0.1492520086467266,0.0
1,106,sub-106_ses-01_task-szMonitoring_run-01,10.134559631347656,0.11354393512010574,0.0
0,106,sub-106_ses-01_task-szMonitoring_run-01,3.8423640727996826,0.10270226746797562,0.0
0,106,sub-106_ses-01_task-szMonitoring_run-02,31.356409072875977,0.05254553630948067,0.0
0,106,sub-106_ses-01_task-szMonitoring_run-02,34.647727966308594,0.1449819579720497,0.0
0,106,sub-106_ses-01_task-szMonitoring_run-02,20.751853942871094,0.07124447263777256,0.0
0,106,sub-106_ses-01_task-szMonitoring_run-02,15.368976593017578,0.09002804569900036,0.0
0,106,sub-106_ses-01_task-szMonitoring_run-02,6.046958923339844,0.0591697171330452,0.0
0,106,sub-106_ses-01_task-szMonitoring_run-03,12.241326332092285,0.09398543834686279,0.0
0,106,sub-106_ses-01_task-szMonitoring_run-03,11.041800498962402,0.1381438747048378,0.0
0,106,sub-106_ses-01_task-szMonitoring_run-03,18.252405166625977,0.1311047151684761,0.0
0,106,sub-106_ses-01_task-szMonitoring_run-04,21.899051666259766,0.06441881507635117,0.0
0,106,sub-106_ses-01_task-szMonitoring_run-04,6.2509026527404785,0.04318637400865555,0.0
0,106,sub-106_ses-01_task-szMonitoring_run-04,19.478933334350586,0.05004435032606125,0.0
0,106,sub-106_ses-01_task-szMonitoring_run-04,3.073596715927124,0.14191226661205292,0.0
0,106,sub-106_ses-01_task-szMonitoring_run-04,6.058574199676514,0.1273234784603119,0.0
0,106,sub-106_ses-01_task-szMonitoring_run-04,6.486886501312256,0.13637423142790794,0.0
0,106,sub-106_ses-01_task-szMonitoring_run-04,7.082644462585449,0.08940122276544571,0.0
0,106,sub-106_ses-01_task-szMonitoring_run-04,7.214310169219971,0.09929923713207245,0.0
0,106,sub-106_ses-01_task-szMonitoring_run-04,8.111661911010742,0.10047340020537376,0.0
0,106,sub-106_ses-01_task-szMonitoring_run-04,11.848711967468262,0.1890227571129799,0.0
0,106,sub-106_ses-01_task-szMonitoring_run-04,10.518229484558105,0.12168671190738678,0.0
0,106,sub-106_ses-01_task-szMonitoring_run-04,10.408534049987793,0.03651624172925949,0.0
0,106,sub-106_ses-01_task-szMonitoring_run-04,15.027338981628418,0.15075506269931793,0.0
0,106,sub-106_ses-01_task-szMonitoring_run-04,17.517972946166992,0.09735612571239471,0.0
0,106,sub-106_ses-01_task-szMonitoring_run-04,6.2456583976745605,0.132493793964386,0.0
0,106,sub-106_ses-01_task-szMonitoring_run-04,14.5220365524292,0.06836014799773693,0.0
0,106,sub-106_ses-01_task-szMonitoring_run-04,18.337003707885742,0.0463375486433506,0.0
0,106,sub-106_ses-01_task-szMonitoring_run-04,19.108306884765625,0.037815846502780914,0.0
0,106,sub-106_ses-01_task-szMonitoring_run-05,16.87917709350586,0.09297839552164078,0.0
0,106,sub-106_ses-01_task-szMonitoring_run-05,22.52106285095215,0.10471553727984428,0.0
0,106,sub-106_ses-01_task-szMonitoring_run-05,16.94981575012207,0.09398221224546432,0.0
0,106,sub-106_ses-01_task-szMonitoring_run-05,24.65081214904785,0.09483762457966805,0.0
0,106,sub-106_ses-01_task-szMonitoring_run-06,11.917835235595703,0.1478077620267868,0.0
0,106,sub-106_ses-01_task-szMonitoring_run-06,12.868654251098633,0.03604778088629246,0.0
0,106,sub-106_ses-01_task-szMonitoring_run-06,20.090660095214844,0.07375460118055344,0.0
0,106,sub-106_ses-01_task-szMonitoring_run-06,10.154594421386719,0.1412465013563633,0.0
0,106,sub-106_ses-01_task-szMonitoring_run-06,17.776235580444336,0.04720713943243027,0.0
0,106,sub-106_ses-01_task-szMonitoring_run-06,14.505659103393555,0.0973808616399765,0.0
0,106,sub-106_ses-01_task-szMonitoring_run-06,16.760591506958008,0.15324750542640686,0.0
0,106,sub-106_ses-01_task-szMonitoring_run-06,14.231765747070312,0.10946809127926826,0.0
0,106,sub-106_ses-01_task-szMonitoring_run-06,16.547645568847656,0.11157021671533585,0.0
0,106,sub-106_ses-01_task-szMonitoring_run-06,15.697949409484863,0.14450032636523247,0.0
0,106,sub-106_ses-01_task-szMonitoring_run-06,27.912260055541992,0.0662003755569458,0.0
0,106,sub-106_ses-01_task-szMonitoring_run-06,16.3165283203125,0.12291910499334335,0.0
0,106,sub-106_ses-01_task-szMonitoring_run-06,11.540458679199219,0.09770546481013298,0.0
0,106,sub-106_ses-01_task-szMonitoring_run-06,14.319682121276855,0.10972458869218826,0.0
0,106,sub-106_ses-01_task-szMonitoring_run-06,13.8448486328125,0.12539218738675117,0.0
0,106,sub-106_ses-01_task-szMonitoring_run-07,8.555830001831055,0.10654421150684357,0.0
0,106,sub-106_ses-01_task-szMonitoring_run-07,5.036056995391846,0.09861096739768982,0.0
0,106,sub-106_ses-01_task-szMonitoring_run-07,5.558416366577148,0.09763312339782715,0.0
0,106,sub-106_ses-01_task-szMonitoring_run-08,26.93915367126465,0.038928840309381485,0.0
0,106,sub-106_ses-01_task-szMonitoring_run-08,18.368221282958984,0.09106669574975967,0.0
0,106,sub-106_ses-01_task-szMonitoring_run-08,13.373682022094727,0.1255650669336319,0.0
0,106,sub-106_ses-01_task-szMonitoring_run-08,20.200603485107422,0.054729558527469635,0.0
0,106,sub-106_ses-01_task-szMonitoring_run-08,33.68988800048828,0.0341576412320137,0.0
0,106,sub-106_ses-01_task-szMonitoring_run-08,21.936119079589844,0.14480238407850266,0.0
0,106,sub-106_ses-01_task-szMonitoring_run-08,18.036266326904297,0.05573142319917679,0.0
0,106,sub-106_ses-01_task-szMonitoring_run-08,10.249971389770508,0.14766750112175941,0.0
0,106,sub-106_ses-01_task-szMonitoring_run-08,25.388643264770508,0.0932675190269947,0.0
0,106,sub-106_ses-01_task-szMonitoring_run-08,22.83641242980957,0.0675058551132679,0.0
0,106,sub-106_ses-01_task-szMonitoring_run-08,7.311747074127197,0.1129913330078125,0.0
0,106,sub-106_ses-01_task-szMonitoring_run-08,14.969700813293457,0.07832447439432144,0.0
0,106,sub-106_ses-01_task-szMonitoring_run-08,14.255358695983887,0.05022485554218292,0.0
0,106,sub-106_ses-01_task-szMonitoring_run-08,18.805988311767578,0.09441077336668968,0.0
0,106,sub-106_ses-01_task-szMonitoring_run-08,25.725830078125,0.07981906831264496,0.0
0,106,sub-106_ses-01_task-szMonitoring_run-08,19.927339553833008,0.03482085093855858,0.0
0,106,sub-106_ses-01_task-szMonitoring_run-08,14.977227210998535,0.04272223263978958,0.0
0,106,sub-106_ses-01_task-szMonitoring_run-09,20.536712646484375,0.0341733954846859,0.0
0,106,sub-106_ses-01_task-szMonitoring_run-09,11.212091445922852,0.13983497396111488,0.0
0,106,sub-106_ses-01_task-szMonitoring_run-09,19.94367027282715,0.06372537463903427,0.0
0,106,sub-106_ses-01_task-szMonitoring_run-10,30.47392463684082,0.13709117472171783,0.0
0,106,sub-106_ses-01_task-szMonitoring_run-10,8.219388961791992,0.13201764225959778,0.0
0,106,sub-106_ses-01_task-szMonitoring_run-10,26.28112030029297,0.160073421895504,0.0
1,107,sub-107_ses-01_task-szMonitoring_run-01,4.215973377227783,0.10519620031118393,0.0
1,107,sub-107_ses-01_task-szMonitoring_run-01,4.20551061630249,0.10312579572200775,0.0
1,107,sub-107_ses-01_task-szMonitoring_run-01,4.290565490722656,0.11175722628831863,0.0
1,107,sub-107_ses-01_task-szMonitoring_run-01,4.357546806335449,0.11230752617120743,0.0
1,107,sub-107_ses-01_task-szMonitoring_run-01,4.291597843170166,0.11391855031251907,0.0
1,107,sub-107_ses-01_task-szMonitoring_run-01,4.454831123352051,0.11041415482759476,0.0
1,107,sub-107_ses-01_task-szMonitoring_run-01,4.55684757232666,0.1001778244972229,0.0
0,107,sub-107_ses-01_task-szMonitoring_run-01,5.696272850036621,0.07383330166339874,0.0
0,107,sub-107_ses-01_task-szMonitoring_run-02,12.664498329162598,0.053953103721141815,0.0
0,107,sub-107_ses-01_task-szMonitoring_run-02,6.381604194641113,0.10617205500602722,0.0
0,107,sub-107_ses-01_task-szMonitoring_run-02,12.11657428741455,0.0648743212223053,0.0
0,107,sub-107_ses-01_task-szMonitoring_run-02,6.2390828132629395,0.07871893048286438,0.0
0,107,sub-107_ses-01_task-szMonitoring_run-02,12.235319137573242,0.06226164102554321,0.0
0,107,sub-107_ses-01_task-szMonitoring_run-02,13.954068183898926,0.04961753636598587,0.0
0,107,sub-107_ses-01_task-szMonitoring_run-02,12.189437866210938,0.04643643647432327,0.0
0,107,sub-107_ses-01_task-szMonitoring_run-02,5.390470504760742,0.10360626876354218,0.0
0,107,sub-107_ses-01_task-szMonitoring_run-02,6.678194999694824,0.08575951308012009,0.0
0,107,sub-107_ses-01_task-szMonitoring_run-02,10.254724502563477,0.068010613322258,0.0
0,107,sub-107_ses-01_task-szMonitoring_run-02,9.54688835144043,0.06766453385353088,0.0
0,107,sub-107_ses-01_task-szMonitoring_run-02,12.180209159851074,0.06987496092915535,0.0
0,107,sub-107_ses-01_task-szMonitoring_run-02,12.799034118652344,0.061307281255722046,0.0
0,107,sub-107_ses-01_task-szMonitoring_run-02,7.366483688354492,0.06539905071258545,0.0
0,107,sub-107_ses-01_task-szMonitoring_run-02,14.480172157287598,0.05071210116147995,0.0
0,107,sub-107_ses-01_task-szMonitoring_run-02,7.428720951080322,0.09777921438217163,0.0
0,107,sub-107_ses-01_task-szMonitoring_run-03,5.371887683868408,0.1896180920302868,0.0
0,107,sub-107_ses-01_task-szMonitoring_run-03,5.604211807250977,0.1502266451716423,0.0
0,107,sub-107_ses-01_task-szMonitoring_run-03,5.440913677215576,0.16970493644475937,0.0
0,107,sub-107_ses-01_task-szMonitoring_run-04,4.040197849273682,0.13085037469863892,0.0
0,107,sub-107_ses-01_task-szMonitoring_run-04,5.555649280548096,0.20494097843766212,0.0
0,107,sub-107_ses-01_task-szMonitoring_run-04,7.3996052742004395,0.08604248985648155,0.0
0,107,sub-107_ses-01_task-szMonitoring_run-04,5.92901086807251,0.14812397956848145,0.0
0,107,sub-107_ses-01_task-szMonitoring_run-04,5.181112289428711,0.09939155355095863,0.0
0,107,sub-107_ses-01_task-szMonitoring_run-04,4.218851089477539,0.09780797362327576,0.0
0,107,sub-107_ses-01_task-szMonitoring_run-04,6.164573669433594,0.1573510318994522,0.0
0,107,sub-107_ses-01_task-szMonitoring_run-04,4.920201301574707,0.10276537761092186,0.0
0,107,sub-107_ses-01_task-szMonitoring_run-04,19.73622703552246,0.08681223914027214,0.0
0,107,sub-107_ses-01_task-szMonitoring_run-04,6.143914699554443,0.16988708078861237,0.0
0,107,sub-107_ses-01_task-szMonitoring_run-04,4.007592678070068,0.13215134665369987,0.0
0,107,sub-107_ses-01_task-szMonitoring_run-04,5.906900405883789,0.13977386057376862,0.0
0,107,sub-107_ses-01_task-szMonitoring_run-04,19.479190826416016,0.08438907563686371,0.0
1,107,sub-107_ses-01_task-szMonitoring_run-06,21.254968643188477,0.04318549484014511,0.0
1,107,sub-107_ses-01_task-szMonitoring_run-06,14.378681182861328,0.06133837252855301,0.0
1,107,sub-107_ses-01_task-szMonitoring_run-06,20.773603439331055,0.04822155833244324,0.0
1,107,sub-107_ses-01_task-szMonitoring_run-06,20.90241813659668,0.05296673625707626,0.0
1,107,sub-107_ses-01_task-szMonitoring_run-06,46.967037200927734,0.039612919092178345,0.0
1,107,sub-107_ses-01_task-szMonitoring_run-06,18.08727264404297,0.055170707404613495,0.0
0,107,sub-107_ses-01_task-szMonitoring_run-06,3.598818063735962,0.1579471379518509,0.0
0,107,sub-107_ses-01_task-szMonitoring_run-06,7.775537967681885,0.19138002768158913,0.0
0,107,sub-107_ses-01_task-szMonitoring_run-06,3.8976831436157227,0.030822299420833588,0.0
0,107,sub-107_ses-01_task-szMonitoring_run-06,7.768687725067139,0.1570657230913639,0.0
0,107,sub-107_ses-01_task-szMonitoring_run-06,3.7220613956451416,0.029971405863761902,0.0
0,107,sub-107_ses-01_task-szMonitoring_run-06,11.316274642944336,0.19938500225543976,0.0
0,107,sub-107_ses-01_task-szMonitoring_run-06,6.633406639099121,0.1051817461848259,0.0
0,107,sub-107_ses-01_task-szMonitoring_run-06,3.3864707946777344,0.03225746005773544,0.0
0,107,sub-107_ses-01_task-szMonitoring_run-06,4.752652168273926,0.1080574132502079,0.0
0,107,sub-107_ses-01_task-szMonitoring_run-06,3.070824146270752,0.030616626143455505,0.0
0,107,sub-107_ses-01_task-szMonitoring_run-06,11.389810562133789,0.19832759350538254,0.0
0,107,sub-107_ses-01_task-szMonitoring_run-06,6.462005138397217,0.1660403236746788,0.0
0,107,sub-107_ses-01_task-szMonitoring_run-06,11.458259582519531,0.20604245364665985,0.0
0,107,sub-107_ses-01_task-szMonitoring_run-06,11.318090438842773,0.16755429655313492,0.0
0,107,sub-107_ses-01_task-szMonitoring_run-06,9.390746116638184,0.15203318744897842,0.0
0,107,sub-107_ses-01_task-szMonitoring_run-06,3.8357162475585938,0.03036138415336609,0.0
0,107,sub-107_ses-01_task-szMonitoring_run-06,14.83393669128418,0.15948423743247986,0.0
0,107,sub-107_ses-01_task-szMonitoring_run-06,5.903256893157959,0.119553342461586,0.0
0,107,sub-107_ses-01_task-szMonitoring_run-06,9.716715812683105,0.1313147321343422,0.0
0,107,sub-107_ses-01_task-szMonitoring_run-07,5.775127410888672,0.14407680183649063,0.0
0,107,sub-107_ses-01_task-szMonitoring_run-07,4.06920862197876,0.1293400041759014,0.0
0,107,sub-107_ses-01_task-szMonitoring_run-08,8.951505661010742,0.05732061713933945,0.0
0,107,sub-107_ses-01_task-szMonitoring_run-08,15.257085800170898,0.11731201037764549,0.0
0,107,sub-107_ses-01_task-szMonitoring_run-08,17.95330047607422,0.06999048590660095,0.0
0,107,sub-107_ses-01_task-szMonitoring_run-08,7.276769638061523,0.11103927344083786,0.0
0,107,sub-107_ses-01_task-szMonitoring_run-08,6.907827854156494,0.11528927087783813,0.0
0,107,sub-107_ses-01_task-szMonitoring_run-08,9.836392402648926,0.08195215463638306,0.0
0,107,sub-107_ses-01_task-szMonitoring_run-08,4.017333984375,0.11016074568033218,0.0
0,107,sub-107_ses-01_task-szMonitoring_run-08,10.289007186889648,0.053930796682834625,0.0
0,107,sub-107_ses-01_task-szMonitoring_run-08,3.424262762069702,0.11671952903270721,0.0
0,107,sub-107_ses-01_task-szMonitoring_run-08,12.224453926086426,0.08548511564731598,0.0
0,107,sub-107_ses-01_task-szMonitoring_run-08,4.881092548370361,0.12300307303667068,0.0
0,107,sub-107_ses-01_task-szMonitoring_run-08,12.423789024353027,0.08647573739290237,0.0
0,107,sub-107_ses-01_task-szMonitoring_run-08,4.282569885253906,0.13332964479923248,0.0
0,107,sub-107_ses-01_task-szMonitoring_run-08,7.684743404388428,0.12988075613975525,0.0
0,107,sub-107_ses-01_task-szMonitoring_run-08,9.350671768188477,0.11554509401321411,0.0
0,107,sub-107_ses-01_task-szMonitoring_run-08,13.246155738830566,0.13341733813285828,0.0
0,107,sub-107_ses-01_task-szMonitoring_run-08,5.149539470672607,0.12474531680345535,0.0
0,107,sub-107_ses-01_task-szMonitoring_run-08,7.451414585113525,0.07986905425786972,0.0
0,107,sub-107_ses-01_task-szMonitoring_run-10,6.699562072753906,0.10090712085366249,0.0
0,107,sub-107_ses-01_task-szMonitoring_run-10,5.711317539215088,0.19733352959156036,0.0
0,107,sub-107_ses-01_task-szMonitoring_run-10,6.208413600921631,0.11638996750116348,0.0
0,107,sub-107_ses-01_task-szMonitoring_run-10,5.258787631988525,0.1655224934220314,0.0
0,107,sub-107_ses-01_task-szMonitoring_run-10,3.6139419078826904,0.19186300039291382,0.0
0,107,sub-107_ses-01_task-szMonitoring_run-10,5.134416103363037,0.1500915363430977,0.0
0,107,sub-107_ses-01_task-szMonitoring_run-10,5.419075965881348,0.1539951115846634,0.0
0,107,sub-107_ses-01_task-szMonitoring_run-10,7.512523174285889,0.08676169067621231,0.0
0,107,sub-107_ses-01_task-szMonitoring_run-10,6.484653949737549,0.15998251736164093,0.0
0,107,sub-107_ses-01_task-szMonitoring_run-10,7.037572383880615,0.07631790265440941,0.0
1,108,sub-108_ses-01_task-szMonitoring_run-01,8.871936798095703,0.12716642394661903,0.0
1,108,sub-108_ses-01_task-szMonitoring_run-01,11.507637977600098,0.23914174735546112,0.0
1,108,sub-108_ses-01_task-szMonitoring_run-01,8.584407806396484,0.1274501271545887,0.0
1,108,sub-108_ses-01_task-szMonitoring_run-01,11.706216812133789,0.2318524271249771,0.0
1,108,sub-108_ses-01_task-szMonitoring_run-01,8.660430908203125,0.12751851230859756,0.0
1,108,sub-108_ses-01_task-szMonitoring_run-01,11.637950897216797,0.2370133176445961,0.0
1,108,sub-108_ses-01_task-szMonitoring_run-01,11.761260986328125,0.2327284812927246,0.0
1,108,sub-108_ses-01_task-szMonitoring_run-01,11.995792388916016,0.2313205599784851,0.0
1,108,sub-108_ses-01_task-szMonitoring_run-01,8.847342491149902,0.12528744339942932,0.0
1,108,sub-108_ses-01_task-szMonitoring_run-01,11.410309791564941,0.24314665794372559,0.0
1,108,sub-108_ses-01_task-szMonitoring_run-01,11.458171844482422,0.24124137312173843,0.0
1,108,sub-108_ses-01_task-szMonitoring_run-01,12.253883361816406,0.22963660955429077,0.0
1,108,sub-108_ses-01_task-szMonitoring_run-01,8.770516395568848,0.1262642703950405,0.0
1,108,sub-108_ses-01_task-szMonitoring_run-01,8.922975540161133,0.12359841540455818,0.0
0,108,sub-108_ses-01_task-szMonitoring_run-01,6.933900356292725,0.11672308668494225,0.0
0,108,sub-108_ses-01_task-szMonitoring_run-01,9.040117263793945,0.13181717693805695,0.0
0,108,sub-108_ses-01_task-szMonitoring_run-01,11.800494194030762,0.08557445555925369,0.0
0,108,sub-108_ses-01_task-szMonitoring_run-01,11.123225212097168,0.13484518602490425,0.0
0,108,sub-108_ses-01_task-szMonitoring_run-01,11.54596996307373,0.07124939188361168,0.0
0,108,sub-108_ses-01_task-szMonitoring_run-01,10.281571388244629,0.09209366887807846,0.0
0,108,sub-108_ses-01_task-szMonitoring_run-01,6.771819591522217,0.12606215104460716,0.0
0,108,sub-108_ses-01_task-szMonitoring_run-01,31.959421157836914,0.09370972216129303,0.0
0,108,sub-108_ses-01_task-szMonitoring_run-01,15.558692932128906,0.05520799569785595,0.0
0,108,sub-108_ses-01_task-szMonitoring_run-01,11.02955150604248,0.03518577478826046,0.0
0,108,sub-108_ses-01_task-szMonitoring_run-01,10.753602981567383,0.03849766030907631,0.0
0,108,sub-108_ses-01_task-szMonitoring_run-01,13.763566970825195,0.05600380897521973,0.0
0,108,sub-108_ses-01_task-szMonitoring_run-01,13.866988182067871,0.05207762308418751,0.0
0,109,sub-109_ses-01_task-szMonitoring_run-01,59.81217956542969,0.05118937790393829,0.0
0,109,sub-109_ses-01_task-szMonitoring_run-01,4.208184242248535,0.1492011919617653,0.0
0,109,sub-109_ses-01_task-szMonitoring_run-01,37.11735153198242,0.061826422810554504,0.0
0,109,sub-109_ses-01_task-szMonitoring_run-01,61.088462829589844,0.041045986115932465,0.0
0,109,sub-109_ses-01_task-szMonitoring_run-01,19.114669799804688,0.06234198063611984,0.0
0,109,sub-109_ses-01_task-szMonitoring_run-01,20.033092498779297,0.04390997439622879,0.0
0,109,sub-109_ses-01_task-szMonitoring_run-01,22.78120231628418,0.048493891954422,0.0
0,109,sub-109_ses-01_task-szMonitoring_run-01,12.642574310302734,0.059920310974121094,0.0
0,109,sub-109_ses-01_task-szMonitoring_run-01,49.53431701660156,0.05503200739622116,0.0
0,109,sub-109_ses-01_task-szMonitoring_run-01,39.991275787353516,0.04295247048139572,0.0
0,109,sub-109_ses-01_task-szMonitoring_run-01,23.2180118560791,0.04667486995458603,0.0
0,109,sub-109_ses-01_task-szMonitoring_run-01,31.64681053161621,0.045805424451828,0.0
0,109,sub-109_ses-01_task-szMonitoring_run-01,7.711489200592041,0.09383181482553482,0.0
0,109,sub-109_ses-01_task-szMonitoring_run-01,7.412909030914307,0.08767370879650116,0.0
0,109,sub-109_ses-01_task-szMonitoring_run-01,7.670799732208252,0.09230495244264603,0.0
0,109,sub-109_ses-01_task-szMonitoring_run-01,15.130616188049316,0.054216884076595306,0.0
0,109,sub-109_ses-01_task-szMonitoring_run-01,5.763022422790527,0.13618917763233185,0.0
0,109,sub-109_ses-01_task-szMonitoring_run-01,7.9946441650390625,0.06418687850236893,0.0
0,109,sub-109_ses-01_task-szMonitoring_run-02,19.01334571838379,0.11011090129613876,0.0
0,109,sub-109_ses-01_task-szMonitoring_run-02,6.186593055725098,0.15172945708036423,0.0
1,109,sub-109_ses-01_task-szMonitoring_run-03,67.3827133178711,0.03956395387649536,0.0
1,109,sub-109_ses-01_task-szMonitoring_run-03,39.0926513671875,0.04163271188735962,0.0
1,109,sub-109_ses-01_task-szMonitoring_run-03,69.7596206665039,0.04038117825984955,0.0
1,109,sub-109_ses-01_task-szMonitoring_run-03,70.22943878173828,0.04081618785858154,0.0
1,109,sub-109_ses-01_task-szMonitoring_run-03,72.53485107421875,0.043396368622779846,0.0
1,109,sub-109_ses-01_task-szMonitoring_run-03,72.53030395507812,0.04339972138404846,0.0
1,109,sub-109_ses-01_task-szMonitoring_run-03,70.70356750488281,0.04465872794389725,0.0
1,109,sub-109_ses-01_task-szMonitoring_run-03,40.42127990722656,0.042249977588653564,0.0
0,109,sub-109_ses-01_task-szMonitoring_run-03,6.159303188323975,0.08650390058755875,0.0
0,109,sub-109_ses-01_task-szMonitoring_run-03,9.340044975280762,0.10039134323596954,0.0
0,109,sub-109_ses-01_task-szMonitoring_run-03,74.62139129638672,0.07364799827337265,0.0
0,109,sub-109_ses-01_task-szMonitoring_run-03,3.7906341552734375,0.11584305763244629,0.0
0,109,sub-109_ses-01_task-szMonitoring_run-03,4.609919548034668,0.10780499130487442,0.0
0,109,sub-109_ses-01_task-szMonitoring_run-03,8.844486236572266,0.11756084114313126,0.0
0,109,sub-109_ses-01_task-szMonitoring_run-03,25.08980941772461,0.17232459411025047,0.0
0,109,sub-109_ses-01_task-szMonitoring_run-04,262.8963317871094,0.03741024434566498,0.0
0,109,sub-109_ses-01_task-szMonitoring_run-04,26.119861602783203,0.03662259131669998,0.0
0,109,sub-109_ses-01_task-szMonitoring_run-05,10.275472640991211,0.19253060966730118,0.0
0,109,sub-109_ses-01_task-szMonitoring_run-05,17.127628326416016,0.11119592934846878,0.0
0,109,sub-109_ses-01_task-szMonitoring_run-05,9.018932342529297,0.11537731438875198,0.0
0,109,sub-109_ses-01_task-szMonitoring_run-05,10.14517593383789,0.11703582108020782,0.0
0,109,sub-109_ses-01_task-szMonitoring_run-05,13.642190933227539,0.09277322143316269,0.0
0,109,sub-109_ses-01_task-szMonitoring_run-05,32.20429992675781,0.05976257473230362,0.0
0,109,sub-109_ses-01_task-szMonitoring_run-05,7.174312114715576,0.13880174607038498,0.0
0,109,sub-109_ses-01_task-szMonitoring_run-05,6.426908016204834,0.07826557010412216,0.0
0,109,sub-109_ses-01_task-szMonitoring_run-05,17.996665954589844,0.16180121153593063,0.0
0,109,sub-109_ses-01_task-szMonitoring_run-05,14.704163551330566,0.11642143875360489,0.0
0,109,sub-109_ses-01_task-szMonitoring_run-05,18.225418090820312,0.0712910071015358,0.0
0,109,sub-109_ses-01_task-szMonitoring_run-05,9.740497589111328,0.5212635323405266,0.0
0,109,sub-109_ses-01_task-szMonitoring_run-05,5.9655046463012695,0.13808192312717438,0.0
0,109,sub-109_ses-01_task-szMonitoring_run-05,9.606268882751465,0.1207205131649971,0.0
0,109,sub-109_ses-01_task-szMonitoring_run-05,41.373531341552734,0.15310858935117722,0.0
0,109,sub-109_ses-01_task-szMonitoring_run-05,9.916375160217285,0.30592230707407,0.0
0,109,sub-109_ses-01_task-szMonitoring_run-05,15.297097206115723,0.03979676961898804,0.0
0,109,sub-109_ses-01_task-szMonitoring_run-05,77.53223419189453,0.0797378346323967,0.0
0,109,sub-109_ses-01_task-szMonitoring_run-05,8.680502891540527,0.09119515120983124,0.0
1,109,sub-109_ses-01_task-szMonitoring_run-07,13.446379661560059,0.16520340368151665,0.0
1,109,sub-109_ses-01_task-szMonitoring_run-07,21.851472854614258,0.156465832144022,0.0
1,109,sub-109_ses-01_task-szMonitoring_run-07,15.127763748168945,0.16909780725836754,0.0
1,109,sub-109_ses-01_task-szMonitoring_run-07,13.413548469543457,0.16018616408109665,0.0
1,109,sub-109_ses-01_task-szMonitoring_run-07,14.557250022888184,0.16889622062444687,0.0
1,109,sub-109_ses-01_task-szMonitoring_run-07,16.358978271484375,0.1637248769402504,0.0
1,109,sub-109_ses-01_task-szMonitoring_run-07,18.4434814453125,0.16107109561562538,0.0
0,109,sub-109_ses-01_task-szMonitoring_run-07,13.519600868225098,0.17450671270489693,0.0
0,109,sub-109_ses-01_task-szMonitoring_run-07,15.840508460998535,0.05648234114050865,0.0
0,109,sub-109_ses-01_task-szMonitoring_run-07,26.94915008544922,0.12502872943878174,0.0
0,109,sub-109_ses-01_task-szMonitoring_run-07,13.113755226135254,0.20622222870588303,0.0
0,109,sub-109_ses-01_task-szMonitoring_run-07,15.85989761352539,0.06088545173406601,0.0
0,109,sub-109_ses-01_task-szMonitoring_run-07,19.34515953063965,0.05165146291255951,0.0
0,109,sub-109_ses-01_task-szMonitoring_run-09,22.689189910888672,0.059124212712049484,0.0
0,109,sub-109_ses-01_task-szMonitoring_run-09,32.248756408691406,0.08612395077943802,0.0
0,109,sub-109_ses-01_task-szMonitoring_run-09,23.634544372558594,0.05533189699053764,0.0
0,109,sub-109_ses-01_task-szMonitoring_run-09,11.8483304977417,0.1743793971836567,0.0
0,109,sub-109_ses-01_task-szMonitoring_run-09,9.89332103729248,0.10281113907694817,0.0
0,109,sub-109_ses-01_task-szMonitoring_run-09,17.032060623168945,0.11715828999876976,0.0
0,109,sub-109_ses-01_task-szMonitoring_run-09,15.034109115600586,0.11061124876141548,0.0
0,109,sub-109_ses-01_task-szMonitoring_run-09,4.949641704559326,0.2473534308373928,0.0
0,109,sub-109_ses-01_task-szMonitoring_run-09,15.641881942749023,0.09569994732737541,0.0
0,109,sub-109_ses-01_task-szMonitoring_run-09,71.20614624023438,0.07906174659729004,0.0
0,109,sub-109_ses-01_task-szMonitoring_run-09,12.751225471496582,0.154078908264637,0.0
0,109,sub-109_ses-01_task-szMonitoring_run-09,18.713722229003906,0.04769935458898544,0.0
0,109,sub-109_ses-01_task-szMonitoring_run-09,7.684415340423584,0.08942829817533493,0.0
0,109,sub-109_ses-01_task-szMonitoring_run-09,40.45140075683594,0.12406180053949356,0.0
0,109,sub-109_ses-01_task-szMonitoring_run-09,12.38308334350586,0.17226729914546013,0.0
0,110,sub-110_ses-01_task-szMonitoring_run-01,11.890081405639648,0.08200835436582565,0.0
0,110,sub-110_ses-01_task-szMonitoring_run-01,26.75400161743164,0.06539567559957504,0.0
0,110,sub-110_ses-01_task-szMonitoring_run-01,59.717403411865234,0.12941435724496841,0.0
0,110,sub-110_ses-01_task-szMonitoring_run-01,11.085126876831055,0.06300871819257736,0.0
0,110,sub-110_ses-01_task-szMonitoring_run-01,26.93738555908203,0.06530743092298508,0.0
0,110,sub-110_ses-01_task-szMonitoring_run-01,10.499122619628906,0.06714741140604019,0.0
0,110,sub-110_ses-01_task-szMonitoring_run-01,15.1416597366333,0.053351014852523804,0.0
0,110,sub-110_ses-01_task-szMonitoring_run-02,36.98486328125,0.06099650263786316,0.0
0,110,sub-110_ses-01_task-szMonitoring_run-02,51.90735626220703,0.07824967429041862,0.0
0,110,sub-110_ses-01_task-szMonitoring_run-02,21.921720504760742,0.057570233941078186,0.0
0,110,sub-110_ses-01_task-szMonitoring_run-02,18.808574676513672,0.07248218730092049,0.0
0,110,sub-110_ses-01_task-szMonitoring_run-02,10.622495651245117,0.09681449085474014,0.0
0,110,sub-110_ses-01_task-szMonitoring_run-02,19.56723976135254,0.08886963129043579,0.0
0,110,sub-110_ses-01_task-szMonitoring_run-02,9.680377960205078,0.11159597337245941,0.0
0,110,sub-110_ses-01_task-szMonitoring_run-02,24.808921813964844,0.06979404017329216,0.0
0,110,sub-110_ses-01_task-szMonitoring_run-02,29.4630184173584,0.08142188936471939,0.0
0,110,sub-110_ses-01_task-szMonitoring_run-03,9.108447074890137,0.08118835836648941,0.0
0,110,sub-110_ses-01_task-szMonitoring_run-03,29.84979248046875,0.05786368250846863,0.0
0,110,sub-110_ses-01_task-szMonitoring_run-04,11.387197494506836,0.051623351871967316,0.0
0,110,sub-110_ses-01_task-szMonitoring_run-04,26.319440841674805,0.08094419538974762,0.0
0,110,sub-110_ses-01_task-szMonitoring_run-04,24.150909423828125,0.04898660629987717,0.0
0,110,sub-110_ses-01_task-szMonitoring_run-04,41.751346588134766,0.11250269412994385,0.0
0,110,sub-110_ses-01_task-szMonitoring_run-04,11.841824531555176,0.06780757755041122,0.0
0,110,sub-110_ses-01_task-szMonitoring_run-04,26.301721572875977,0.08598224073648453,0.0
0,110,sub-110_ses-01_task-szMonitoring_run-04,24.801929473876953,0.06852608546614647,0.0
0,110,sub-110_ses-01_task-szMonitoring_run-04,29.42386245727539,0.09808364510536194,0.0
0,110,sub-110_ses-01_task-szMonitoring_run-04,34.931922912597656,0.06938587129116058,0.0
0,110,sub-110_ses-01_task-szMonitoring_run-04,56.35332107543945,0.0736960843205452,0.0
0,110,sub-110_ses-01_task-szMonitoring_run-04,23.65155792236328,0.05284545570611954,0.0
0,110,sub-110_ses-01_task-szMonitoring_run-04,40.02497482299805,0.04945161193609238,0.0
0,110,sub-110_ses-01_task-szMonitoring_run-04,42.5638542175293,0.04885455220937729,0.0
0,110,sub-110_ses-01_task-szMonitoring_run-04,10.072258949279785,0.07870426028966904,0.0
0,110,sub-110_ses-01_task-szMonitoring_run-04,38.014915466308594,0.06399041414260864,0.0
0,110,sub-110_ses-01_task-szMonitoring_run-04,21.143150329589844,0.08765554428100586,0.0
0,110,sub-110_ses-01_task-szMonitoring_run-05,43.64971160888672,0.13513951748609543,0.0
0,110,sub-110_ses-01_task-szMonitoring_run-05,22.234996795654297,0.05184512585401535,0.0
0,110,sub-110_ses-01_task-szMonitoring_run-05,8.997590065002441,0.1336515098810196,0.0
0,110,sub-110_ses-01_task-szMonitoring_run-06,22.533491134643555,0.11246535181999207,0.0
0,110,sub-110_ses-01_task-szMonitoring_run-06,16.128101348876953,0.11286783963441849,0.0
0,110,sub-110_ses-01_task-szMonitoring_run-06,26.13650894165039,0.05801621824502945,0.0
0,110,sub-110_ses-01_task-szMonitoring_run-06,9.099479675292969,0.07112731784582138,0.0
0,110,sub-110_ses-01_task-szMonitoring_run-06,17.899900436401367,0.10126843303442001,0.0
0,110,sub-110_ses-01_task-szMonitoring_run-06,15.363350868225098,0.09350452572107315,0.0
0,110,sub-110_ses-01_task-szMonitoring_run-06,18.3648738861084,0.12674007564783096,0.0
0,110,sub-110_ses-01_task-szMonitoring_run-06,22.291606903076172,0.07274138927459717,0.0
0,110,sub-110_ses-01_task-szMonitoring_run-06,22.463592529296875,0.10548405721783638,0.0
0,110,sub-110_ses-01_task-szMonitoring_run-06,17.629751205444336,0.07753405719995499,0.0
0,110,sub-110_ses-01_task-szMonitoring_run-06,9.763073921203613,0.12189612165093422,0.0
0,110,sub-110_ses-01_task-szMonitoring_run-06,40.411415100097656,0.05885130167007446,0.0
0,110,sub-110_ses-01_task-szMonitoring_run-06,17.353857040405273,0.12296754121780396,0.0
0,110,sub-110_ses-01_task-szMonitoring_run-06,13.636634826660156,0.07997254282236099,0.0
0,110,sub-110_ses-01_task-szMonitoring_run-06,12.71752643585205,0.1050301119685173,0.0
0,110,sub-110_ses-01_task-szMonitoring_run-07,12.237098693847656,0.0961318090558052,0.0
0,110,sub-110_ses-01_task-szMonitoring_run-07,8.829595565795898,0.08091522008180618,0.0
0,110,sub-110_ses-01_task-szMonitoring_run-07,10.237777709960938,0.06848903745412827,0.0
0,110,sub-110_ses-01_task-szMonitoring_run-07,17.35800552368164,0.09079138562083244,0.0
0,110,sub-110_ses-01_task-szMonitoring_run-07,21.737295150756836,0.07152059674263,0.0
0,110,sub-110_ses-01_task-szMonitoring_run-07,19.57274627685547,0.0838007926940918,0.0
0,110,sub-110_ses-01_task-szMonitoring_run-07,21.828292846679688,0.09514307230710983,0.0
0,110,sub-110_ses-01_task-szMonitoring_run-07,41.29134750366211,0.058869484812021255,0.0
0,110,sub-110_ses-01_task-szMonitoring_run-07,12.843049049377441,0.09862570092082024,0.0
0,110,sub-110_ses-01_task-szMonitoring_run-07,27.71126365661621,0.06637931615114212,0.0
0,110,sub-110_ses-01_task-szMonitoring_run-07,16.06325340270996,0.11005391925573349,0.0
0,110,sub-110_ses-01_task-szMonitoring_run-07,18.249860763549805,0.08644060790538788,0.0
0,110,sub-110_ses-01_task-szMonitoring_run-07,16.881004333496094,0.09230021014809608,0.0
0,110,sub-110_ses-01_task-szMonitoring_run-07,44.6212043762207,0.06199582666158676,0.0
0,110,sub-110_ses-01_task-szMonitoring_run-07,25.65179443359375,0.05952361226081848,0.0
1,110,sub-110_ses-01_task-szMonitoring_run-08,30.00518226623535,0.07017697021365166,0.0
1,110,sub-110_ses-01_task-szMonitoring_run-08,29.950054168701172,0.06952056288719177,0.0
1,110,sub-110_ses-01_task-szMonitoring_run-08,30.13236427307129,0.06774525344371796,0.0
1,110,sub-110_ses-01_task-szMonitoring_run-08,29.997652053833008,0.06791753694415092,0.0
1,110,sub-110_ses-01_task-szMonitoring_run-08,30.87874412536621,0.07132875919342041,0.0
1,110,sub-110_ses-01_task-szMonitoring_run-08,30.344234466552734,0.07249574735760689,0.0
1,110,sub-110_ses-01_task-szMonitoring_run-08,30.66983985900879,0.06764434650540352,0.0
0,110,sub-110_ses-01_task-szMonitoring_run-08,29.20427131652832,0.06833517551422119,0.0
0,111,sub-111_ses-01_task-szMonitoring_run-01,5.26636266708374,0.1433604210615158,0.0
0,111,sub-111_ses-01_task-szMonitoring_run-01,6.73916482925415,0.16029250621795654,0.0
0,111,sub-111_ses-01_task-szMonitoring_run-01,4.604992866516113,0.18899819254875183,0.0
0,111,sub-111_ses-01_task-szMonitoring_run-01,4.872939586639404,0.17986826598644257,0.0
0,111,sub-111_ses-01_task-szMonitoring_run-01,9.497580528259277,0.1484353318810463,0.0
0,111,sub-111_ses-01_task-szMonitoring_run-01,40.51839065551758,0.09417080879211426,0.0
0,111,sub-111_ses-01_task-szMonitoring_run-01,6.689074993133545,0.16967076063156128,0.0
0,111,sub-111_ses-01_task-szMonitoring_run-02,9.38058853149414,0.13695764541625977,0.0
0,111,sub-111_ses-01_task-szMonitoring_run-02,5.260817050933838,0.03880882449448109,0.0
0,111,sub-111_ses-01_task-szMonitoring_run-02,28.1588191986084,0.05172426253557205,0.0
0,111,sub-111_ses-01_task-szMonitoring_run-02,9.912825584411621,0.1644698791205883,0.0
0,111,sub-111_ses-01_task-szMonitoring_run-02,21.491640090942383,0.04884939827024937,0.0
0,111,sub-111_ses-01_task-szMonitoring_run-02,25.851892471313477,0.04317837581038475,0.0
0,111,sub-111_ses-01_task-szMonitoring_run-02,25.227304458618164,0.038118673488497734,0.0
0,111,sub-111_ses-01_task-szMonitoring_run-03,40.625877380371094,0.08388464152812958,0.0
0,111,sub-111_ses-01_task-szMonitoring_run-03,4.431149482727051,0.1355324536561966,0.0
0,111,sub-111_ses-01_task-szMonitoring_run-03,10.092357635498047,0.17445586621761322,0.0
0,111,sub-111_ses-01_task-szMonitoring_run-03,22.685768127441406,0.0875253789126873,0.0
0,111,sub-111_ses-01_task-szMonitoring_run-03,7.131235122680664,0.14091398939490318,0.0
0,111,sub-111_ses-01_task-szMonitoring_run-03,4.1741790771484375,0.12638336792588234,0.0
0,111,sub-111_ses-01_task-szMonitoring_run-03,13.63202953338623,0.16871577873826027,0.0
0,111,sub-111_ses-01_task-szMonitoring_run-03,27.434846878051758,0.1214439645409584,0.0
0,111,sub-111_ses-01_task-szMonitoring_run-04,7.293125629425049,0.06518523953855038,0.0
0,111,sub-111_ses-01_task-szMonitoring_run-04,5.203976154327393,0.10455633327364922,0.0
0,111,sub-111_ses-01_task-szMonitoring_run-04,5.888121604919434,0.10675534978508949,0.0
0,111,sub-111_ses-01_task-szMonitoring_run-04,8.399738311767578,0.07364123314619064,0.0
0,111,sub-111_ses-01_task-szMonitoring_run-04,18.3571720123291,0.043270157650113106,0.0
0,111,sub-111_ses-01_task-szMonitoring_run-05,9.675203323364258,0.07769844122231007,0.0
0,111,sub-111_ses-01_task-szMonitoring_run-05,4.469864368438721,0.25020189955830574,0.0
0,111,sub-111_ses-01_task-szMonitoring_run-05,5.850236415863037,0.10924061387777328,0.0
0,111,sub-111_ses-01_task-szMonitoring_run-05,21.942903518676758,0.052750011906027794,0.0
0,111,sub-111_ses-01_task-szMonitoring_run-05,29.09868812561035,0.05551238730549812,0.0
0,111,sub-111_ses-01_task-szMonitoring_run-05,15.039132118225098,0.04701169393956661,0.0
1,111,sub-111_ses-01_task-szMonitoring_run-06,6.739415645599365,0.09936377219855785,0.0
1,111,sub-111_ses-01_task-szMonitoring_run-06,23.505884170532227,0.04558413662016392,0.0
1,111,sub-111_ses-01_task-szMonitoring_run-06,6.61599588394165,0.1161041185259819,0.0
1,111,sub-111_ses-01_task-szMonitoring_run-06,22.112491607666016,0.045805228874087334,0.0
1,111,sub-111_ses-01_task-szMonitoring_run-06,6.564619064331055,0.11310614086687565,0.0
1,111,sub-111_ses-01_task-szMonitoring_run-06,16.316448211669922,0.04955676943063736,0.0
1,111,sub-111_ses-01_task-szMonitoring_run-06,15.338174819946289,0.0519807543605566,0.0
1,111,sub-111_ses-01_task-szMonitoring_run-06,6.608153343200684,0.10458437167108059,0.0
1,111,sub-111_ses-01_task-szMonitoring_run-06,6.8036603927612305,0.10060480795800686,0.0
1,111,sub-111_ses-01_task-szMonitoring_run-06,6.685656547546387,0.10974446311593056,0.0
1,111,sub-111_ses-01_task-szMonitoring_run-06,14.996936798095703,0.044547608122229576,0.0
1,111,sub-111_ses-01_task-szMonitoring_run-06,6.481847763061523,0.11158724315464497,0.0
1,111,sub-111_ses-01_task-szMonitoring_run-06,6.698663711547852,0.09766813926398754,0.0
1,111,sub-111_ses-01_task-szMonitoring_run-06,15.815266609191895,0.04335464723408222,0.0
1,111,sub-111_ses-01_task-szMonitoring_run-06,26.287023544311523,0.045255374163389206,0.0
1,111,sub-111_ses-01_task-szMonitoring_run-06,6.489434719085693,0.11373402923345566,0.0
0,111,sub-111_ses-01_task-szMonitoring_run-06,6.095571041107178,0.1203501895070076,0.0
0,111,sub-111_ses-01_task-szMonitoring_run-06,9.289606094360352,0.06369060836732388,0.0
0,111,sub-111_ses-01_task-szMonitoring_run-06,5.263174533843994,0.23447375372052193,0.0
0,111,sub-111_ses-01_task-szMonitoring_run-06,5.415233612060547,0.13242191821336746,0.0
0,111,sub-111_ses-01_task-szMonitoring_run-06,18.64860725402832,0.03775252867490053,0.0
0,111,sub-111_ses-01_task-szMonitoring_run-06,19.513059616088867,0.028818407095968723,0.0
0,112,sub-112_ses-01_task-szMonitoring_run-01,17.15896224975586,0.09313104301691055,0.0
0,112,sub-112_ses-01_task-szMonitoring_run-01,16.811782836914062,0.13521011173725128,0.0
0,112,sub-112_ses-01_task-szMonitoring_run-01,9.917078971862793,0.1794486567378044,0.0
0,112,sub-112_ses-01_task-szMonitoring_run-01,13.581180572509766,0.21854247152805328,0.0
0,112,sub-112_ses-01_task-szMonitoring_run-01,7.11529016494751,0.10646703094244003,0.0
0,112,sub-112_ses-01_task-szMonitoring_run-01,9.645394325256348,0.1539834886789322,0.0
0,112,sub-112_ses-01_task-szMonitoring_run-02,16.138198852539062,0.045199790969491005,0.0
0,112,sub-112_ses-01_task-szMonitoring_run-02,26.700284957885742,0.03902772068977356,0.0
0,112,sub-112_ses-01_task-szMonitoring_run-02,25.33365821838379,0.03653339948505163,0.0
0,112,sub-112_ses-01_task-szMonitoring_run-02,5.740933895111084,0.06966034509241581,0.0
0,112,sub-112_ses-01_task-szMonitoring_run-02,16.003385543823242,0.03838622570037842,0.0
0,112,sub-112_ses-01_task-szMonitoring_run-02,6.753025531768799,0.06485996767878532,0.0
0,112,sub-112_ses-01_task-szMonitoring_run-02,5.047000408172607,0.09514802508056164,0.0
1,112,sub-112_ses-01_task-szMonitoring_run-03,8.140365600585938,0.04184975381940603,0.0
1,112,sub-112_ses-01_task-szMonitoring_run-03,8.273225784301758,0.04407205805182457,0.0
1,112,sub-112_ses-01_task-szMonitoring_run-03,8.427712440490723,0.04552024137228727,0.0
1,112,sub-112_ses-01_task-szMonitoring_run-03,8.181390762329102,0.041603367775678635,0.0
1,112,sub-112_ses-01_task-szMonitoring_run-03,8.499723434448242,0.04610585793852806,0.0
1,112,sub-112_ses-01_task-szMonitoring_run-03,8.42803955078125,0.050206891261041164,0.0
1,112,sub-112_ses-01_task-szMonitoring_run-03,8.418078422546387,0.044312337413430214,0.0
0,112,sub-112_ses-01_task-szMonitoring_run-03,15.574163436889648,0.050389197655022144,0.0
0,112,sub-112_ses-01_task-szMonitoring_run-03,6.422846794128418,0.04123248625546694,0.0
0,112,sub-112_ses-01_task-szMonitoring_run-03,9.54338264465332,0.05109771154820919,0.0
0,112,sub-112_ses-01_task-szMonitoring_run-03,11.30041790008545,0.029089421965181828,0.0
0,112,sub-112_ses-01_task-szMonitoring_run-03,5.967915058135986,0.04587861243635416,0.0
0,112,sub-112_ses-01_task-szMonitoring_run-03,6.167172908782959,0.045937041752040386,0.0
1,112,sub-112_ses-01_task-szMonitoring_run-04,16.877965927124023,0.050283671356737614,0.0
1,112,sub-112_ses-01_task-szMonitoring_run-04,13.70230484008789,0.053237201645970345,0.0
1,112,sub-112_ses-01_task-szMonitoring_run-04,13.683526992797852,0.05396274011582136,0.0
1,112,sub-112_ses-01_task-szMonitoring_run-04,16.10606575012207,0.0520858122035861,0.0
1,112,sub-112_ses-01_task-szMonitoring_run-04,17.597776412963867,0.05000900849699974,0.0
1,112,sub-112_ses-01_task-szMonitoring_run-04,13.551593780517578,0.054064144380390644,0.0
1,112,sub-112_ses-01_task-szMonitoring_run-04,13.863113403320312,0.05476540420204401,0.0
1,112,sub-112_ses-01_task-szMonitoring_run-04,13.860236167907715,0.05460358317941427,0.0
1,112,sub-112_ses-01_task-szMonitoring_run-04,14.414299964904785,0.053140788339078426,0.0
0,112,sub-112_ses-01_task-szMonitoring_run-04,18.58858871459961,0.00989916268736124,0.0
0,112,sub-112_ses-01_task-szMonitoring_run-04,18.383459091186523,0.012851213105022907,0.0
0,112,sub-112_ses-01_task-szMonitoring_run-04,40.812583923339844,0.010028691962361336,0.0
0,112,sub-112_ses-01_task-szMonitoring_run-04,13.333392143249512,0.05101731512695551,0.0
0,112,sub-112_ses-01_task-szMonitoring_run-04,14.901001930236816,0.013044067658483982,0.0
0,112,sub-112_ses-01_task-szMonitoring_run-04,15.722983360290527,0.04077600780874491,0.0
0,112,sub-112_ses-01_task-szMonitoring_run-04,13.366620063781738,0.012154487892985344,0.0
1,112,sub-112_ses-01_task-szMonitoring_run-05,14.508947372436523,0.04233131092041731,0.0
1,112,sub-112_ses-01_task-szMonitoring_run-05,14.370779037475586,0.045008307322859764,0.0
1,112,sub-112_ses-01_task-szMonitoring_run-05,13.76307487487793,0.050485583022236824,0.0
1,112,sub-112_ses-01_task-szMonitoring_run-05,13.246743202209473,0.04828000720590353,0.0
1,112,sub-112_ses-01_task-szMonitoring_run-05,13.87471866607666,0.046267034485936165,0.0
1,112,sub-112_ses-01_task-szMonitoring_run-05,12.900582313537598,0.05216100439429283,0.0
1,112,sub-112_ses-01_task-szMonitoring_run-05,13.902939796447754,0.05381150357425213,0.0
0,112,sub-112_ses-01_task-szMonitoring_run-05,22.167879104614258,0.08000742923468351,0.0
0,112,sub-112_ses-01_task-szMonitoring_run-05,4.66678524017334,0.054978422820568085,0.0
0,112,sub-112_ses-01_task-szMonitoring_run-05,12.508796691894531,0.09974855929613113,0.0
0,112,sub-112_ses-01_task-szMonitoring_run-05,22.716503143310547,0.040990482084453106,0.0
0,112,sub-112_ses-01_task-szMonitoring_run-05,17.469038009643555,0.057259622029960155,0.0
0,112,sub-112_ses-01_task-szMonitoring_run-05,9.167706489562988,0.09113488718867302,0.0
0,112,sub-112_ses-01_task-szMonitoring_run-05,16.59086799621582,0.055514016188681126,0.0
0,112,sub-112_ses-01_task-szMonitoring_run-05,3.9265849590301514,0.10496761836111546,0.0
0,112,sub-112_ses-01_task-szMonitoring_run-05,19.90420913696289,0.05554699432104826,0.0
0,112,sub-112_ses-01_task-szMonitoring_run-05,9.211570739746094,0.08677713014185429,0.0
0,112,sub-112_ses-01_task-szMonitoring_run-05,13.022355079650879,0.09684110805392265,0.0
1,112,sub-112_ses-01_task-szMonitoring_run-06,25.35972023010254,0.01555878110229969,0.0
1,112,sub-112_ses-01_task-szMonitoring_run-06,24.364612579345703,0.016062770038843155,0.0
1,112,sub-112_ses-01_task-szMonitoring_run-06,22.466794967651367,0.015733201056718826,0.0
1,112,sub-112_ses-01_task-szMonitoring_run-06,22.87787628173828,0.016494172625243664,0.0
1,112,sub-112_ses-01_task-szMonitoring_run-06,23.476791381835938,0.016728585585951805,0.0
1,112,sub-112_ses-01_task-szMonitoring_run-06,22.819011688232422,0.016046735458076,0.0
1,112,sub-112_ses-01_task-szMonitoring_run-06,23.181272506713867,0.015840680338442326,0.0
0,112,sub-112_ses-01_task-szMonitoring_run-06,15.01381778717041,0.02838805876672268,0.0
0,112,sub-112_ses-01_task-szMonitoring_run-06,12.896537780761719,0.028036385774612427,0.0
0,112,sub-112_ses-01_task-szMonitoring_run-06,22.071815490722656,0.019493582658469677,0.0
0,112,sub-112_ses-01_task-szMonitoring_run-06,11.64063835144043,0.02446105983108282,0.0
0,113,sub-113_ses-01_task-szMonitoring_run-01,38.74879837036133,0.06212407350540161,0.0
0,113,sub-113_ses-01_task-szMonitoring_run-01,5.996269702911377,0.1033291220664978,0.0
0,113,sub-113_ses-01_task-szMonitoring_run-01,39.48283767700195,0.06083732843399048,0.0
0,113,sub-113_ses-01_task-szMonitoring_run-01,13.728582382202148,0.09266070276498795,0.0
1,113,sub-113_ses-01_task-szMonitoring_run-02,8.147395133972168,0.15367484092712402,0.0
1,113,sub-113_ses-01_task-szMonitoring_run-02,7.176505088806152,0.15112315863370895,0.0
1,113,sub-113_ses-01_task-szMonitoring_run-02,4.446014881134033,0.16431070864200592,0.0
1,113,sub-113_ses-01_task-szMonitoring_run-02,4.619633197784424,0.16072481125593185,0.0
1,113,sub-113_ses-01_task-szMonitoring_run-02,4.44088888168335,0.1657743901014328,0.0
1,113,sub-113_ses-01_task-szMonitoring_run-02,4.559362888336182,0.1582215428352356,0.0
1,113,sub-113_ses-01_task-szMonitoring_run-02,4.683528900146484,0.16027331352233887,0.0
1,113,sub-113_ses-01_task-szMonitoring_run-02,8.628157615661621,0.15609291940927505,0.0
1,113,sub-113_ses-01_task-szMonitoring_run-02,4.617836952209473,0.1578054502606392,0.0
1,113,sub-113_ses-01_task-szMonitoring_run-02,8.31218433380127,0.1593811884522438,0.0
1,113,sub-113_ses-01_task-szMonitoring_run-02,7.722862243652344,0.15100209414958954,0.0
1,113,sub-113_ses-01_task-szMonitoring_run-02,7.132872581481934,0.14948946237564087,0.0
1,113,sub-113_ses-01_task-szMonitoring_run-02,7.524984359741211,0.1606215015053749,0.0
1,113,sub-113_ses-01_task-szMonitoring_run-02,7.798381805419922,0.16011992841959,0.0
0,113,sub-113_ses-01_task-szMonitoring_run-02,41.506229400634766,0.04356599226593971,0.0
0,113,sub-113_ses-01_task-szMonitoring_run-02,10.548627853393555,0.16215959191322327,0.0
0,113,sub-113_ses-01_task-szMonitoring_run-02,8.083775520324707,0.17416254431009293,0.0
0,113,sub-113_ses-01_task-szMonitoring_run-02,5.80654239654541,0.13958515226840973,0.0
0,113,sub-113_ses-01_task-szMonitoring_run-02,6.188366413116455,0.18946734070777893,0.0
0,113,sub-113_ses-01_task-szMonitoring_run-02,6.229538440704346,0.16838916391134262,0.0
0,113,sub-113_ses-01_task-szMonitoring_run-02,16.8739013671875,0.057575520128011703,0.0
0,113,sub-113_ses-01_task-szMonitoring_run-02,6.216063499450684,0.13632597029209137,0.0
0,113,sub-113_ses-01_task-szMonitoring_run-02,4.892337799072266,0.1751837357878685,0.0
0,113,sub-113_ses-01_task-szMonitoring_run-03,9.61634635925293,0.13115506246685982,0.0
0,113,sub-113_ses-01_task-szMonitoring_run-03,6.929871559143066,0.09345225244760513,0.0
1,113,sub-113_ses-01_task-szMonitoring_run-04,17.391626358032227,0.08355396799743176,0.0
1,113,sub-113_ses-01_task-szMonitoring_run-04,15.602004051208496,0.08523637615144253,0.0
1,113,sub-113_ses-01_task-szMonitoring_run-04,6.594864845275879,0.1591143049299717,0.0
1,113,sub-113_ses-01_task-szMonitoring_run-04,6.510409832000732,0.19004887342453003,0.0
1,113,sub-113_ses-01_task-szMonitoring_run-04,9.989456176757812,0.19917144626379013,0.0
1,113,sub-113_ses-01_task-szMonitoring_run-04,16.79518699645996,0.08622170053422451,0.0
1,113,sub-113_ses-01_task-szMonitoring_run-04,16.84426498413086,0.0855138711631298,0.0
1,113,sub-113_ses-01_task-szMonitoring_run-04,15.295072555541992,0.08587987348437309,0.0
1,113,sub-113_ses-01_task-szMonitoring_run-04,6.523305892944336,0.16616258770227432,0.0
1,113,sub-113_ses-01_task-szMonitoring_run-04,6.7008209228515625,0.1531035266816616,0.0
1,113,sub-113_ses-01_task-szMonitoring_run-04,15.198500633239746,0.09267068281769753,0.0
1,113,sub-113_ses-01_task-szMonitoring_run-04,16.490623474121094,0.08528192527592182,0.0
1,113,sub-113_ses-01_task-szMonitoring_run-04,10.647012710571289,0.19505199417471886,0.0
1,113,sub-113_ses-01_task-szMonitoring_run-04,6.517823696136475,0.17094166576862335,0.0
0,113,sub-113_ses-01_task-szMonitoring_run-04,39.23067092895508,0.038374826312065125,0.0
0,113,sub-113_ses-01_task-szMonitoring_run-04,45.49104309082031,0.046840861439704895,0.0
0,113,sub-113_ses-01_task-szMonitoring_run-04,44.55050277709961,0.0322265550494194,0.0
0,113,sub-113_ses-01_task-szMonitoring_run-04,47.65410614013672,0.040832966566085815,0.0
0,113,sub-113_ses-01_task-szMonitoring_run-04,24.374059677124023,0.05088629201054573,0.0
0,113,sub-113_ses-01_task-szMonitoring_run-04,9.945524215698242,0.1513059288263321,0.0
0,113,sub-113_ses-01_task-szMonitoring_run-04,44.69004821777344,0.041283439844846725,0.0
0,113,sub-113_ses-01_task-szMonitoring_run-04,13.852423667907715,0.145135885104537,0.0
0,113,sub-113_ses-01_task-szMonitoring_run-04,60.1093635559082,0.03910089656710625,0.0
0,113,sub-113_ses-01_task-szMonitoring_run-04,28.819557189941406,0.046668268740177155,0.0
0,113,sub-113_ses-01_task-szMonitoring_run-04,10.566215515136719,0.1174011304974556,0.0
0,113,sub-113_ses-01_task-szMonitoring_run-04,17.224491119384766,0.1534272152930498,0.0
1,113,sub-113_ses-01_task-szMonitoring_run-05,8.686629295349121,0.12066486477851868,0.0
1,113,sub-113_ses-01_task-szMonitoring_run-05,7.250965118408203,0.10739532113075256,0.0
1,113,sub-113_ses-01_task-szMonitoring_run-05,9.971755981445312,0.10931853204965591,0.0
1,113,sub-113_ses-01_task-szMonitoring_run-05,5.920709133148193,0.10305388271808624,0.0
1,113,sub-113_ses-01_task-szMonitoring_run-05,9.77163314819336,0.11731318384408951,0.0
1,113,sub-113_ses-01_task-szMonitoring_run-05,9.888962745666504,0.11124999821186066,0.0
1,113,sub-113_ses-01_task-szMonitoring_run-06,10.038841247558594,0.15064698457717896,0.0
1,113,sub-113_ses-01_task-szMonitoring_run-06,10.182791709899902,0.15158624947071075,0.0
1,113,sub-113_ses-01_task-szMonitoring_run-06,10.35680103302002,0.14256802946329117,0.0
1,113,sub-113_ses-01_task-szMonitoring_run-06,9.884477615356445,0.1558583676815033,0.0
0,113,sub-113_ses-01_task-szMonitoring_run-06,7.9583539962768555,0.18193892389535904,0.0
0,113,sub-113_ses-01_task-szMonitoring_run-06,52.82608413696289,0.03345402330160141,0.0
0,113,sub-113_ses-01_task-szMonitoring_run-06,5.263420104980469,0.1997290700674057,0.0
0,113,sub-113_ses-01_task-szMonitoring_run-06,5.044009685516357,0.18781723827123642,0.0
0,113,sub-113_ses-01_task-szMonitoring_run-06,34.999732971191406,0.03069956973195076,0.0
0,113,sub-113_ses-01_task-szMonitoring_run-06,4.7607903480529785,0.20559636503458023,0.0
0,113,sub-113_ses-01_task-szMonitoring_run-06,9.175511360168457,0.12859483808279037,0.0
0,113,sub-113_ses-01_task-szMonitoring_run-06,7.35597562789917,0.1583191230893135,0.0
0,113,sub-113_ses-01_task-szMonitoring_run-06,11.89671802520752,0.11829568445682526,0.0
0,113,sub-113_ses-01_task-szMonitoring_run-06,6.83410120010376,0.1798427551984787,0.0
0,113,sub-113_ses-01_task-szMonitoring_run-06,53.79232406616211,0.040953028947114944,0.0
0,113,sub-113_ses-01_task-szMonitoring_run-06,45.059730529785156,0.04037494212388992,0.0
0,113,sub-113_ses-01_task-szMonitoring_run-06,177.9242401123047,0.02789352461695671,0.0
0,113,sub-113_ses-01_task-szMonitoring_run-07,17.685352325439453,0.12854991108179092,0.0
0,113,sub-113_ses-01_task-szMonitoring_run-07,18.863018035888672,0.13511480391025543,0.0
0,113,sub-113_ses-01_task-szMonitoring_run-07,23.055089950561523,0.20758765935897827,0.0
0,113,sub-113_ses-01_task-szMonitoring_run-07,17.051042556762695,0.2187756970524788,0.0
0,113,sub-113_ses-01_task-szMonitoring_run-07,7.057875156402588,0.2961552757769823,0.0
0,113,sub-113_ses-01_task-szMonitoring_run-07,21.722274780273438,0.11997229605913162,0.0
1,113,sub-113_ses-01_task-szMonitoring_run-08,7.2103352546691895,0.11455537751317024,0.0
1,113,sub-113_ses-01_task-szMonitoring_run-08,4.993980884552002,0.13561622612178326,0.0
1,113,sub-113_ses-01_task-szMonitoring_run-08,7.224282741546631,0.11291537247598171,0.0
1,113,sub-113_ses-01_task-szMonitoring_run-08,6.951864719390869,0.11911738850176334,0.0
1,113,sub-113_ses-01_task-szMonitoring_run-08,7.219085216522217,0.11649612709879875,0.0
1,113,sub-113_ses-01_task-szMonitoring_run-08,4.8646321296691895,0.1646139658987522,0.0
1,113,sub-113_ses-01_task-szMonitoring_run-08,7.446200370788574,0.11506646499037743,0.0
1,113,sub-113_ses-01_task-szMonitoring_run-08,4.805225849151611,0.1510738879442215,0.0
1,113,sub-113_ses-01_task-szMonitoring_run-08,5.006198883056641,0.14536557532846928,0.0
1,113,sub-113_ses-01_task-szMonitoring_run-08,7.728655815124512,0.11649612709879875,0.0
1,113,sub-113_ses-01_task-szMonitoring_run-08,4.811649322509766,0.16512971743941307,0.0
1,113,sub-113_ses-01_task-szMonitoring_run-08,6.79932165145874,0.1164382603019476,0.0
1,113,sub-113_ses-01_task-szMonitoring_run-08,7.953028202056885,0.11771532706916332,0.0
0,113,sub-113_ses-01_task-szMonitoring_run-08,13.14720630645752,0.03566998243331909,0.0
0,113,sub-113_ses-01_task-szMonitoring_run-08,8.207757949829102,0.07544972840696573,0.0
0,113,sub-113_ses-01_task-szMonitoring_run-08,8.844212532043457,0.044888852164149284,0.0
0,113,sub-113_ses-01_task-szMonitoring_run-08,7.836548328399658,0.12158406153321266,0.0
0,113,sub-113_ses-01_task-szMonitoring_run-08,15.52768325805664,0.03733880817890167,0.0
0,113,sub-113_ses-01_task-szMonitoring_run-08,19.055389404296875,0.018831059336662292,0.0
0,113,sub-113_ses-01_task-szMonitoring_run-08,48.77977752685547,0.03491668589413166,0.0
0,113,sub-113_ses-01_task-szMonitoring_run-08,30.729021072387695,0.021428219974040985,0.0
0,113,sub-113_ses-01_task-szMonitoring_run-08,6.859401702880859,0.08655824512243271,0.0
0,113,sub-113_ses-01_task-szMonitoring_run-08,37.09376525878906,0.010961689054965973,0.0
0,113,sub-113_ses-01_task-szMonitoring_run-08,15.170313835144043,0.023626020178198814,0.0
0,113,sub-113_ses-01_task-szMonitoring_run-08,9.330160140991211,0.10822230577468872,0.0
0,114,sub-114_ses-01_task-szMonitoring_run-01,22.709386825561523,0.06643277406692505,0.0
0,114,sub-114_ses-01_task-szMonitoring_run-01,68.5531997680664,0.0557875856757164,0.0
0,114,sub-114_ses-01_task-szMonitoring_run-01,22.144298553466797,0.049670055508613586,0.0
0,114,sub-114_ses-01_task-szMonitoring_run-01,8.07575511932373,0.081016406416893,0.0
0,114,sub-114_ses-01_task-szMonitoring_run-01,15.444551467895508,0.06429561227560043,0.0
0,114,sub-114_ses-01_task-szMonitoring_run-01,108.7281723022461,0.08491745591163635,0.0
1,114,sub-114_ses-01_task-szMonitoring_run-02,5.003373622894287,0.1425066888332367,0.0
1,114,sub-114_ses-01_task-szMonitoring_run-02,4.797670364379883,0.15269074589014053,0.0
1,114,sub-114_ses-01_task-szMonitoring_run-02,4.771419525146484,0.15564975142478943,0.0
1,114,sub-114_ses-01_task-szMonitoring_run-02,5.042832374572754,0.14138052612543106,0.0
1,114,sub-114_ses-01_task-szMonitoring_run-02,5.0301618576049805,0.14692123234272003,0.0
1,114,sub-114_ses-01_task-szMonitoring_run-02,4.783956527709961,0.1481945589184761,0.0
1,114,sub-114_ses-01_task-szMonitoring_run-02,4.971462726593018,0.15006668865680695,0.0
0,114,sub-114_ses-01_task-szMonitoring_run-02,40.18915939331055,0.057564906775951385,0.0
0,114,sub-114_ses-01_task-szMonitoring_run-02,35.723411560058594,0.055462829768657684,0.0
0,114,sub-114_ses-01_task-szMonitoring_run-02,6.106911659240723,0.08860531449317932,0.0
0,114,sub-114_ses-01_task-szMonitoring_run-02,6.0410051345825195,0.08992953598499298,0.0
0,114,sub-114_ses-01_task-szMonitoring_run-02,6.043109893798828,0.08756528794765472,0.0
0,114,sub-114_ses-01_task-szMonitoring_run-02,6.052609920501709,0.08566777408123016,0.0
0,114,sub-114_ses-01_task-szMonitoring_run-02,8.924518585205078,0.06431826949119568,0.0
0,114,sub-114_ses-01_task-szMonitoring_run-02,100.68585968017578,0.10301817208528519,0.0
0,114,sub-114_ses-01_task-szMonitoring_run-04,101.24542999267578,0.09419696033000946,0.0
0,114,sub-114_ses-01_task-szMonitoring_run-04,103.1753921508789,0.1026998907327652,0.0
0,114,sub-114_ses-01_task-szMonitoring_run-05,6.545209884643555,0.10540642589330673,0.0
0,114,sub-114_ses-01_task-szMonitoring_run-05,7.128712177276611,0.09086296707391739,0.0
1,114,sub-114_ses-01_task-szMonitoring_run-06,66.6646728515625,0.05947493761777878,0.0
1,114,sub-114_ses-01_task-szMonitoring_run-06,67.82630157470703,0.05285542458295822,0.0
1,114,sub-114_ses-01_task-szMonitoring_run-06,66.19955444335938,0.055603183805942535,0.0
1,114,sub-114_ses-01_task-szMonitoring_run-06,65.7388916015625,0.05624445527791977,0.0
1,114,sub-114_ses-01_task-szMonitoring_run-06,67.4925537109375,0.05840273201465607,0.0
1,114,sub-114_ses-01_task-szMonitoring_run-06,71.71666717529297,0.05771172046661377,0.0
0,114,sub-114_ses-01_task-szMonitoring_run-06,6.4057207107543945,0.06917393207550049,0.0
0,114,sub-114_ses-01_task-szMonitoring_run-06,64.82398986816406,0.056041568517684937,0.0
0,114,sub-114_ses-01_task-szMonitoring_run-06,9.242902755737305,0.049341097474098206,0.0
0,114,sub-114_ses-01_task-szMonitoring_run-06,57.261600494384766,0.061155833303928375,0.0
0,114,sub-114_ses-01_task-szMonitoring_run-06,8.644203186035156,0.05437788367271423,0.0
0,114,sub-114_ses-01_task-szMonitoring_run-07,48.91239547729492,0.05794268846511841,0.0
0,114,sub-114_ses-01_task-szMonitoring_run-07,382.654296875,0.06427542120218277,0.0
0,114,sub-114_ses-01_task-szMonitoring_run-07,6.088141441345215,0.08053623139858246,0.0
0,114,sub-114_ses-01_task-szMonitoring_run-07,56.660037994384766,0.05105218291282654,0.0
0,114,sub-114_ses-01_task-szMonitoring_run-07,86.01200866699219,0.057283490896224976,0.0
0,114,sub-114_ses-01_task-szMonitoring_run-09,7.202540874481201,0.07755398005247116,0.0
0,114,sub-114_ses-01_task-szMonitoring_run-09,187.96133422851562,0.0542193204164505,0.0
0,114,sub-114_ses-01_task-szMonitoring_run-09,4.81971549987793,0.08882367610931396,0.0
0,114,sub-114_ses-01_task-szMonitoring_run-09,4.81971549987793,0.08887283504009247,0.0
0,114,sub-114_ses-01_task-szMonitoring_run-09,6.419093608856201,0.07851894199848175,0.0
0,114,sub-114_ses-01_task-szMonitoring_run-09,109.04525756835938,0.07523690909147263,0.0
0,114,sub-114_ses-01_task-szMonitoring_run-09,6.0123443603515625,0.089774489402771,0.0
0,114,sub-114_ses-01_task-szMonitoring_run-09,5.721710205078125,0.0965694859623909,0.0
0,114,sub-114_ses-01_task-szMonitoring_run-09,4.744899749755859,0.08960505574941635,0.0
1,114,sub-114_ses-01_task-szMonitoring_run-10,20.07280731201172,0.07991676777601242,0.0
1,114,sub-114_ses-01_task-szMonitoring_run-10,20.281917572021484,0.08102152496576309,0.0
1,114,sub-114_ses-01_task-szMonitoring_run-10,20.246410369873047,0.07761654257774353,0.0
1,114,sub-114_ses-01_task-szMonitoring_run-10,20.165739059448242,0.07856009900569916,0.0
1,114,sub-114_ses-01_task-szMonitoring_run-10,20.199466705322266,0.07996165007352829,0.0
0,114,sub-114_ses-01_task-szMonitoring_run-10,42.00723648071289,0.03573942184448242,0.0
0,114,sub-114_ses-01_task-szMonitoring_run-10,60.524681091308594,0.04083402454853058,0.0
0,114,sub-114_ses-01_task-szMonitoring_run-10,9.906935691833496,0.09552615135908127,0.0
0,114,sub-114_ses-01_task-szMonitoring_run-10,78.95441436767578,0.0667237862944603,0.0
0,114,sub-114_ses-01_task-szMonitoring_run-10,40.07851791381836,0.04057517647743225,0.0
0,114,sub-114_ses-01_task-szMonitoring_run-10,15.218240737915039,0.05201917886734009,0.0
0,114,sub-114_ses-01_task-szMonitoring_run-10,42.38329315185547,0.03930837661027908,0.0
0,114,sub-114_ses-01_task-szMonitoring_run-11,0.0,0.0,1.0
0,114,sub-114_ses-01_task-szMonitoring_run-12,56.38401412963867,0.061086125671863556,0.0
0,114,sub-114_ses-01_task-szMonitoring_run-12,113.48213958740234,0.07888423651456833,0.0
0,114,sub-114_ses-01_task-szMonitoring_run-12,112.99774932861328,0.08043601363897324,0.0
0,114,sub-114_ses-01_task-szMonitoring_run-12,11.225138664245605,0.06655766814947128,0.0
0,114,sub-114_ses-01_task-szMonitoring_run-12,366.2661437988281,0.05924195051193237,0.0
0,114,sub-114_ses-01_task-szMonitoring_run-12,55.07561111450195,0.07748860120773315,0.0
0,114,sub-114_ses-01_task-szMonitoring_run-12,22.844419479370117,0.08484004437923431,0.0
0,114,sub-114_ses-01_task-szMonitoring_run-12,325.6980895996094,0.05812482535839081,0.0
0,114,sub-114_ses-01_task-szMonitoring_run-12,3.9420993328094482,0.06554925441741943,0.0
0,114,sub-114_ses-01_task-szMonitoring_run-12,24.676498413085938,0.08554733544588089,0.0
0,114,sub-114_ses-01_task-szMonitoring_run-12,11.078808784484863,0.09282049536705017,0.0
0,114,sub-114_ses-01_task-szMonitoring_run-13,9.85698413848877,0.06201428174972534,0.0
0,114,sub-114_ses-01_task-szMonitoring_run-13,57.42437744140625,0.06903734803199768,0.0
0,114,sub-114_ses-01_task-szMonitoring_run-13,10.2075834274292,0.07018899917602539,0.0
0,114,sub-114_ses-01_task-szMonitoring_run-13,6.803135395050049,0.06999295949935913,0.0
0,114,sub-114_ses-01_task-szMonitoring_run-13,6.417997360229492,0.07312649488449097,0.0
0,114,sub-114_ses-01_task-szMonitoring_run-13,11.347970008850098,0.06809712946414948,0.0
0,114,sub-114_ses-01_task-szMonitoring_run-14,9.160890579223633,0.061992913484573364,0.0
0,114,sub-114_ses-01_task-szMonitoring_run-15,13.82701301574707,0.06026330590248108,0.0
0,114,sub-114_ses-01_task-szMonitoring_run-15,10.407224655151367,0.07700532674789429,0.0
0,114,sub-114_ses-01_task-szMonitoring_run-15,84.12356567382812,0.08906757086515427,0.0
0,114,sub-114_ses-01_task-szMonitoring_run-15,8.678610801696777,0.052056699991226196,0.0
0,114,sub-114_ses-01_task-szMonitoring_run-15,101.38788604736328,0.05904531478881836,0.0
0,114,sub-114_ses-01_task-szMonitoring_run-15,15.738186836242676,0.05709591507911682,0.0
0,114,sub-114_ses-01_task-szMonitoring_run-16,110.65972900390625,0.044888027012348175,0.0
0,114,sub-114_ses-01_task-szMonitoring_run-16,64.42269134521484,0.0466863289475441,0.0
0,115,sub-115_ses-01_task-szMonitoring_run-01,16.17745018005371,0.12874313443899155,0.0
0,115,sub-115_ses-01_task-szMonitoring_run-01,12.384574890136719,0.369886826723814,0.0
0,115,sub-115_ses-01_task-szMonitoring_run-01,18.710805892944336,0.3122689798474312,0.0
0,115,sub-115_ses-01_task-szMonitoring_run-01,17.4291934967041,0.14508561044931412,0.0
0,115,sub-115_ses-01_task-szMonitoring_run-03,31.036893844604492,0.07616271078586578,0.0
0,115,sub-115_ses-01_task-szMonitoring_run-03,9.395286560058594,0.09985081478953362,0.0
0,115,sub-115_ses-01_task-szMonitoring_run-03,37.997718811035156,0.07665225863456726,0.0
0,115,sub-115_ses-01_task-szMonitoring_run-03,16.523962020874023,0.09531104937195778,0.0
0,115,sub-115_ses-01_task-szMonitoring_run-04,25.593124389648438,0.09404062107205391,0.0
0,115,sub-115_ses-01_task-szMonitoring_run-04,19.42757797241211,0.16470396891236305,0.0
0,115,sub-115_ses-01_task-szMonitoring_run-04,20.186960220336914,0.08253689110279083,0.0
0,115,sub-115_ses-01_task-szMonitoring_run-06,35.03965377807617,0.06454191356897354,0.0
0,115,sub-115_ses-01_task-szMonitoring_run-07,57.896156311035156,0.058743685483932495,0.0
0,115,sub-115_ses-01_task-szMonitoring_run-07,44.522064208984375,0.058535173535346985,0.0
0,115,sub-115_ses-01_task-szMonitoring_run-08,55.138492584228516,0.07067109271883965,0.0
0,115,sub-115_ses-01_task-szMonitoring_run-08,35.35945129394531,0.10390229523181915,0.0
0,115,sub-115_ses-01_task-szMonitoring_run-08,35.12390899658203,0.08866921439766884,0.0
0,115,sub-115_ses-01_task-szMonitoring_run-08,25.826589584350586,0.1203315369784832,0.0
0,115,sub-115_ses-01_task-szMonitoring_run-08,25.266450881958008,0.12230801209807396,0.0
1,115,sub-115_ses-01_task-szMonitoring_run-09,24.847211837768555,0.18191717937588692,0.0
1,115,sub-115_ses-01_task-szMonitoring_run-09,24.11699676513672,0.19022836163640022,0.0
1,115,sub-115_ses-01_task-szMonitoring_run-09,29.004697799682617,0.1414438858628273,0.0
1,115,sub-115_ses-01_task-szMonitoring_run-09,28.523935317993164,0.1441693939268589,0.0
1,115,sub-115_ses-01_task-szMonitoring_run-09,25.430084228515625,0.17075947299599648,0.0
1,115,sub-115_ses-01_task-szMonitoring_run-09,28.734956741333008,0.14182593673467636,0.0
1,115,sub-115_ses-01_task-szMonitoring_run-09,23.949066162109375,0.19612142071127892,0.0
1,115,sub-115_ses-01_task-szMonitoring_run-09,27.224742889404297,0.15491141751408577,0.0
0,115,sub-115_ses-01_task-szMonitoring_run-09,52.91655349731445,0.06580621749162674,0.0
0,115,sub-115_ses-01_task-szMonitoring_run-09,56.583229064941406,0.06419065594673157,0.0
0,115,sub-115_ses-01_task-szMonitoring_run-10,14.797213554382324,0.10906234756112099,0.0
0,115,sub-115_ses-01_task-szMonitoring_run-10,28.198469161987305,0.06352603062987328,0.0
0,115,sub-115_ses-01_task-szMonitoring_run-10,18.713829040527344,0.1396942138671875,0.0
0,115,sub-115_ses-01_task-szMonitoring_run-11,37.92529296875,0.11044898629188538,0.0
0,115,sub-115_ses-01_task-szMonitoring_run-11,64.80976104736328,0.0673418715596199,0.0
1,115,sub-115_ses-01_task-szMonitoring_run-12,12.487196922302246,0.15081997588276863,0.0
1,115,sub-115_ses-01_task-szMonitoring_run-12,13.939305305480957,0.14208217337727547,0.0
1,115,sub-115_ses-01_task-szMonitoring_run-12,14.119199752807617,0.1428837850689888,0.0
1,115,sub-115_ses-01_task-szMonitoring_run-12,12.104896545410156,0.1538960002362728,0.0
1,115,sub-115_ses-01_task-szMonitoring_run-12,12.933773040771484,0.14905552938580513,0.0
1,115,sub-115_ses-01_task-szMonitoring_run-12,12.87072467803955,0.14929426461458206,0.0
1,115,sub-115_ses-01_task-szMonitoring_run-12,12.754586219787598,0.1495070978999138,0.0
0,115,sub-115_ses-01_task-szMonitoring_run-12,25.901714324951172,0.1685137376189232,0.0
0,115,sub-115_ses-01_task-szMonitoring_run-12,14.999308586120605,0.13077769801020622,0.0
0,115,sub-115_ses-01_task-szMonitoring_run-12,36.293907165527344,0.0636214055120945,0.0
0,115,sub-115_ses-01_task-szMonitoring_run-13,94.19937896728516,0.09021305292844772,0.0
0,115,sub-115_ses-01_task-szMonitoring_run-13,47.17718505859375,0.05762147158384323,0.0
0,115,sub-115_ses-01_task-szMonitoring_run-13,61.915836334228516,0.10097616910934448,0.0
0,115,sub-115_ses-01_task-szMonitoring_run-13,58.525611877441406,0.11484421789646149,0.0
0,115,sub-115_ses-01_task-szMonitoring_run-14,28.077177047729492,0.061946019530296326,0.0
0,115,sub-115_ses-01_task-szMonitoring_run-14,23.3259220123291,0.08777177706360817,0.0
0,115,sub-115_ses-01_task-szMonitoring_run-14,31.54914665222168,0.0687553882598877,0.0
0,115,sub-115_ses-01_task-szMonitoring_run-14,36.6907844543457,0.0823746919631958,0.0
0,115,sub-115_ses-01_task-szMonitoring_run-14,18.80055809020996,0.09041483700275421,0.0
0,115,sub-115_ses-01_task-szMonitoring_run-15,22.28704261779785,0.08099054917693138,0.0
0,115,sub-115_ses-01_task-szMonitoring_run-16,25.297718048095703,0.14289114251732826,0.0
0,115,sub-115_ses-01_task-szMonitoring_run-17,55.513832092285156,0.12858807295560837,0.0
0,115,sub-115_ses-01_task-szMonitoring_run-18,25.107683181762695,0.12101462483406067,0.0
0,115,sub-115_ses-01_task-szMonitoring_run-18,9.356487274169922,0.13278433680534363,0.0
0,115,sub-115_ses-01_task-szMonitoring_run-18,41.73261260986328,0.11527258157730103,0.0
0,115,sub-115_ses-01_task-szMonitoring_run-18,23.063148498535156,0.0680348351597786,0.0
0,115,sub-115_ses-01_task-szMonitoring_run-18,36.07903289794922,0.1570153385400772,0.0
0,115,sub-115_ses-01_task-szMonitoring_run-19,8.01044750213623,0.083462905138731,0.0
0,115,sub-115_ses-01_task-szMonitoring_run-19,9.936156272888184,0.18473172187805176,0.0
0,115,sub-115_ses-01_task-szMonitoring_run-20,31.30501937866211,0.09312735497951508,0.0
0,115,sub-115_ses-01_task-szMonitoring_run-22,14.801119804382324,0.0988796055316925,0.0
0,115,sub-115_ses-01_task-szMonitoring_run-23,10.93689250946045,0.1642257496714592,0.0
0,115,sub-115_ses-01_task-szMonitoring_run-24,10.301704406738281,0.1125134751200676,0.0
0,115,sub-115_ses-01_task-szMonitoring_run-25,14.079251289367676,0.12814373522996902,0.0
0,115,sub-115_ses-01_task-szMonitoring_run-25,23.163211822509766,0.06835516914725304,0.0
0,115,sub-115_ses-01_task-szMonitoring_run-26,32.182552337646484,0.05829692259430885,0.0
0,115,sub-115_ses-01_task-szMonitoring_run-26,20.49831199645996,0.02137013990432024,0.0
0,115,sub-115_ses-01_task-szMonitoring_run-26,17.781736373901367,0.02409081906080246,0.0
0,115,sub-115_ses-01_task-szMonitoring_run-27,9.722445487976074,0.08007454499602318,0.0
0,115,sub-115_ses-01_task-szMonitoring_run-27,13.297356605529785,0.13954024389386177,0.0
0,115,sub-115_ses-01_task-szMonitoring_run-27,11.378501892089844,0.15245514176785946,0.0
0,115,sub-115_ses-01_task-szMonitoring_run-27,11.057815551757812,0.14100214652717113,0.0
0,115,sub-115_ses-01_task-szMonitoring_run-28,7.865583896636963,0.1936695221811533,0.0
0,115,sub-115_ses-01_task-szMonitoring_run-29,7.046847343444824,0.2179877832531929,0.0
0,115,sub-115_ses-01_task-szMonitoring_run-29,9.74081039428711,0.15719598531723022,0.0
0,115,sub-115_ses-01_task-szMonitoring_run-29,8.549520492553711,0.17866003513336182,0.0
0,115,sub-115_ses-01_task-szMonitoring_run-29,32.33851623535156,0.09939755499362946,0.0
0,115,sub-115_ses-01_task-szMonitoring_run-30,16.38782501220703,0.11096090078353882,0.0
0,115,sub-115_ses-01_task-szMonitoring_run-30,29.33413314819336,0.15182143449783325,0.0
0,115,sub-115_ses-01_task-szMonitoring_run-30,15.079232215881348,0.125326469540596,0.0
0,115,sub-115_ses-01_task-szMonitoring_run-31,17.472026824951172,0.10470286756753922,0.0
0,115,sub-115_ses-01_task-szMonitoring_run-31,37.44941329956055,0.0743575245141983,0.0
0,115,sub-115_ses-01_task-szMonitoring_run-31,36.23414611816406,0.06529593467712402,0.0
0,115,sub-115_ses-01_task-szMonitoring_run-31,24.80113983154297,0.06817846745252609,0.0
0,115,sub-115_ses-01_task-szMonitoring_run-31,5.357243537902832,0.02501342073082924,0.0
0,115,sub-115_ses-01_task-szMonitoring_run-31,29.550243377685547,0.06192915141582489,0.0
0,115,sub-115_ses-01_task-szMonitoring_run-31,39.02362823486328,0.0603705495595932,0.0
0,115,sub-115_ses-01_task-szMonitoring_run-32,24.02431297302246,0.13724335283041,0.0
0,115,sub-115_ses-01_task-szMonitoring_run-32,61.02302932739258,0.10917003452777863,0.0
0,115,sub-115_ses-01_task-szMonitoring_run-32,26.52029800415039,0.15137173980474472,0.0
0,115,sub-115_ses-01_task-szMonitoring_run-33,8.041077613830566,0.12118108943104744,0.0
0,115,sub-115_ses-01_task-szMonitoring_run-33,24.816303253173828,0.06860142014920712,0.0
0,115,sub-115_ses-01_task-szMonitoring_run-33,18.569923400878906,0.09150979202240705,0.0
0,115,sub-115_ses-01_task-szMonitoring_run-34,12.982343673706055,0.0833868645131588,0.0
0,115,sub-115_ses-01_task-szMonitoring_run-34,43.62543487548828,0.13490860164165497,0.0
0,115,sub-115_ses-01_task-szMonitoring_run-35,25.096349716186523,0.06307617574930191,0.0
0,115,sub-115_ses-01_task-szMonitoring_run-35,24.080116271972656,0.09638264030218124,0.0
0,115,sub-115_ses-01_task-szMonitoring_run-35,19.555870056152344,0.07225002720952034,0.0
0,115,sub-115_ses-01_task-szMonitoring_run-37,16.7476863861084,0.12322872504591942,0.0
0,115,sub-115_ses-01_task-szMonitoring_run-37,24.316247940063477,0.1303413212299347,0.0
0,115,sub-115_ses-01_task-szMonitoring_run-38,50.59095001220703,0.12418016418814659,0.0
0,115,sub-115_ses-01_task-szMonitoring_run-38,21.058042526245117,0.1572764851152897,0.0
0,115,sub-115_ses-01_task-szMonitoring_run-38,46.080997467041016,0.13392850011587143,0.0
0,115,sub-115_ses-01_task-szMonitoring_run-38,28.956270217895508,0.113484937697649,0.0
0,115,sub-115_ses-01_task-szMonitoring_run-39,9.86754035949707,0.143868213519454,0.0
0,115,sub-115_ses-01_task-szMonitoring_run-44,26.189069747924805,0.15763770788908005,0.0
0,115,sub-115_ses-01_task-szMonitoring_run-44,22.829133987426758,0.08533106744289398,0.0
0,115,sub-115_ses-01_task-szMonitoring_run-44,22.711244583129883,0.15559794753789902,0.0
0,115,sub-115_ses-01_task-szMonitoring_run-44,32.63777542114258,0.11158193647861481,0.0
0,115,sub-115_ses-01_task-szMonitoring_run-45,28.988128662109375,0.16053942404687405,0.0
0,115,sub-115_ses-01_task-szMonitoring_run-45,14.131335258483887,0.06910894811153412,0.0
0,115,sub-115_ses-01_task-szMonitoring_run-45,11.928722381591797,0.12391963228583336,0.0
0,115,sub-115_ses-01_task-szMonitoring_run-48,16.81681251525879,0.16958142817020416,0.0
0,115,sub-115_ses-01_task-szMonitoring_run-48,21.381101608276367,0.20343036577105522,0.0
0,115,sub-115_ses-01_task-szMonitoring_run-48,13.12441349029541,0.1521880328655243,0.0
0,115,sub-115_ses-01_task-szMonitoring_run-48,35.55574035644531,0.20349926501512527,0.0
0,115,sub-115_ses-01_task-szMonitoring_run-48,14.829849243164062,0.15001054853200912,0.0
1,115,sub-115_ses-01_task-szMonitoring_run-49,36.30329132080078,0.16106387227773666,0.0
1,115,sub-115_ses-01_task-szMonitoring_run-49,37.27608108520508,0.14053191989660263,0.0
1,115,sub-115_ses-01_task-szMonitoring_run-49,36.472572326660156,0.15681960433721542,0.0
1,115,sub-115_ses-01_task-szMonitoring_run-49,37.04221725463867,0.15999899804592133,0.0
1,115,sub-115_ses-01_task-szMonitoring_run-49,36.6511116027832,0.16212736815214157,0.0
1,115,sub-115_ses-01_task-szMonitoring_run-49,36.89926528930664,0.15547679364681244,0.0
1,115,sub-115_ses-01_task-szMonitoring_run-49,37.24799346923828,0.144825741648674,0.0
0,115,sub-115_ses-01_task-szMonitoring_run-49,67.31005096435547,0.12607531249523163,0.0
0,115,sub-115_ses-01_task-szMonitoring_run-49,25.129348754882812,0.1265488862991333,0.0
0,115,sub-115_ses-01_task-szMonitoring_run-49,17.389606475830078,0.1482490971684456,0.0
0,115,sub-115_ses-01_task-szMonitoring_run-49,33.314754486083984,0.1390148550271988,0.0
0,115,sub-115_ses-01_task-szMonitoring_run-49,59.205509185791016,0.13351398706436157,0.0
0,115,sub-115_ses-01_task-szMonitoring_run-50,14.178624153137207,0.30976593866944313,0.0
0,115,sub-115_ses-01_task-szMonitoring_run-50,6.954468250274658,0.17767082154750824,0.0
0,115,sub-115_ses-01_task-szMonitoring_run-50,45.546024322509766,0.15597175806760788,0.0
0,115,sub-115_ses-01_task-szMonitoring_run-50,22.48556137084961,0.15743441134691238,0.0
0,115,sub-115_ses-01_task-szMonitoring_run-50,26.489870071411133,0.14041712880134583,0.0
0,115,sub-115_ses-01_task-szMonitoring_run-51,11.26675033569336,0.21656841598451138,0.0
0,115,sub-115_ses-01_task-szMonitoring_run-51,10.51702880859375,0.2021088469773531,0.0
0,115,sub-115_ses-01_task-szMonitoring_run-51,34.664913177490234,0.19917834922671318,0.0
0,115,sub-115_ses-01_task-szMonitoring_run-51,14.254318237304688,0.23632271960377693,0.0
0,115,sub-115_ses-01_task-szMonitoring_run-51,13.39372444152832,0.21820910833775997,0.0
1,115,sub-115_ses-01_task-szMonitoring_run-52,22.514001846313477,0.037968834862113,0.0
1,115,sub-115_ses-01_task-szMonitoring_run-52,12.344686508178711,0.03528247028589249,0.0
1,115,sub-115_ses-01_task-szMonitoring_run-52,22.73773956298828,0.03718690201640129,0.0
1,115,sub-115_ses-01_task-szMonitoring_run-52,62.58688735961914,0.033138737082481384,0.0
1,115,sub-115_ses-01_task-szMonitoring_run-52,12.609061241149902,0.034873273223638535,0.0
1,115,sub-115_ses-01_task-szMonitoring_run-52,22.20194435119629,0.04328309930860996,0.0
0,115,sub-115_ses-01_task-szMonitoring_run-53,11.810674667358398,0.12887528166174889,0.0
0,115,sub-115_ses-01_task-szMonitoring_run-53,19.930673599243164,0.10003232583403587,0.0
0,115,sub-115_ses-01_task-szMonitoring_run-53,26.002777099609375,0.07680535688996315,0.0
0,115,sub-115_ses-01_task-szMonitoring_run-53,21.289756774902344,0.04472431354224682,0.0
0,115,sub-115_ses-01_task-szMonitoring_run-54,40.6290397644043,0.1400827243924141,0.0
0,115,sub-115_ses-01_task-szMonitoring_run-54,15.124687194824219,0.19149543344974518,0.0
0,115,sub-115_ses-01_task-szMonitoring_run-54,26.89088249206543,0.11814482510089874,0.0
0,115,sub-115_ses-01_task-szMonitoring_run-54,15.830222129821777,0.21149863302707672,0.0
0,115,sub-115_ses-01_task-szMonitoring_run-54,31.541584014892578,0.18075627833604813,0.0
1,115,sub-115_ses-01_task-szMonitoring_run-55,14.006820678710938,0.0806744433939457,0.0
1,115,sub-115_ses-01_task-szMonitoring_run-55,31.554460525512695,0.06292546540498734,0.0
1,115,sub-115_ses-01_task-szMonitoring_run-55,31.605810165405273,0.0632067322731018,0.0
1,115,sub-115_ses-01_task-szMonitoring_run-55,30.222740173339844,0.0700722485780716,0.0
0,115,sub-115_ses-01_task-szMonitoring_run-55,20.130176544189453,0.16334614902734756,0.0
0,115,sub-115_ses-01_task-szMonitoring_run-55,20.090036392211914,0.10917514935135841,0.0
0,115,sub-115_ses-01_task-szMonitoring_run-55,16.453094482421875,0.09240661561489105,0.0
0,115,sub-115_ses-01_task-szMonitoring_run-55,21.368165969848633,0.14569661393761635,0.0
0,115,sub-115_ses-01_task-szMonitoring_run-55,26.829893112182617,0.1310819610953331,0.0
1,115,sub-115_ses-01_task-szMonitoring_run-57,14.734721183776855,0.0770515576004982,0.0
1,115,sub-115_ses-01_task-szMonitoring_run-57,15.141366004943848,0.07706065848469734,0.0
1,115,sub-115_ses-01_task-szMonitoring_run-57,14.919011116027832,0.07356176897883415,0.0
1,115,sub-115_ses-01_task-szMonitoring_run-57,15.649864196777344,0.07414570823311806,0.0
1,115,sub-115_ses-01_task-szMonitoring_run-57,16.027263641357422,0.08418643847107887,0.0
1,115,sub-115_ses-01_task-szMonitoring_run-57,15.76611042022705,0.07892737537622452,0.0
1,115,sub-115_ses-01_task-szMonitoring_run-57,14.805771827697754,0.08818358182907104,0.0
1,115,sub-115_ses-01_task-szMonitoring_run-57,14.73709774017334,0.0778488963842392,0.0
0,115,sub-115_ses-01_task-szMonitoring_run-57,62.432838439941406,0.1067916601896286,0.0
0,115,sub-115_ses-01_task-szMonitoring_run-57,13.468749046325684,0.09531721845269203,0.0
0,115,sub-115_ses-01_task-szMonitoring_run-58,13.424301147460938,0.08591008931398392,0.0
0,115,sub-115_ses-01_task-szMonitoring_run-58,8.863258361816406,0.09692471846938133,0.0
0,115,sub-115_ses-01_task-szMonitoring_run-58,10.094928741455078,0.09741493687033653,0.0
0,115,sub-115_ses-01_task-szMonitoring_run-60,16.78544807434082,0.06439924240112305,0.0
0,115,sub-115_ses-01_task-szMonitoring_run-60,16.92754364013672,0.06612293422222137,0.0
0,115,sub-115_ses-01_task-szMonitoring_run-61,6.343177318572998,0.12042308086529374,0.0
0,115,sub-115_ses-01_task-szMonitoring_run-63,13.536934852600098,0.23897956311702728,0.0
0,115,sub-115_ses-01_task-szMonitoring_run-64,10.778486251831055,0.14234119281172752,0.0
0,115,sub-115_ses-01_task-szMonitoring_run-64,12.818004608154297,0.11577267572283745,0.0
0,115,sub-115_ses-01_task-szMonitoring_run-64,16.441320419311523,0.112636998295784,0.0
0,115,sub-115_ses-01_task-szMonitoring_run-65,35.356239318847656,0.04094698838889599,0.0
0,115,sub-115_ses-01_task-szMonitoring_run-66,22.494129180908203,0.21898330748081207,0.0
0,115,sub-115_ses-01_task-szMonitoring_run-66,6.499530792236328,0.07544247806072235,0.0
0,115,sub-115_ses-01_task-szMonitoring_run-66,12.697644233703613,0.04705725237727165,0.0
0,115,sub-115_ses-01_task-szMonitoring_run-66,22.494129180908203,0.2178812325000763,0.0
0,115,sub-115_ses-01_task-szMonitoring_run-66,8.406018257141113,0.22899595648050308,0.0
0,115,sub-115_ses-01_task-szMonitoring_run-66,6.871623992919922,0.058097622357308865,0.0
0,115,sub-115_ses-01_task-szMonitoring_run-67,19.46934700012207,0.08991941809654236,0.0
0,115,sub-115_ses-01_task-szMonitoring_run-67,18.773731231689453,0.13567522168159485,0.0
0,115,sub-115_ses-01_task-szMonitoring_run-68,15.716741561889648,0.034222688525915146,0.0
0,115,sub-115_ses-01_task-szMonitoring_run-68,17.531341552734375,0.0732670146971941,0.0
0,115,sub-115_ses-01_task-szMonitoring_run-68,18.37173080444336,0.04428672976791859,0.0
0,115,sub-115_ses-01_task-szMonitoring_run-68,19.030115127563477,0.06261228118091822,0.0
0,115,sub-115_ses-01_task-szMonitoring_run-68,18.70964813232422,0.042674364522099495,0.0
0,115,sub-115_ses-01_task-szMonitoring_run-68,17.26495361328125,0.06455596163868904,0.0
0,115,sub-115_ses-01_task-szMonitoring_run-69,13.18598747253418,0.14106037095189095,0.0
0,115,sub-115_ses-01_task-szMonitoring_run-69,34.891319274902344,0.07699020020663738,0.0
0,115,sub-115_ses-01_task-szMonitoring_run-69,12.696925163269043,0.1695989929139614,0.0
0,116,sub-116_ses-01_task-szMonitoring_run-02,19.049720764160156,0.1906205266714096,0.0
0,116,sub-116_ses-01_task-szMonitoring_run-02,8.862934112548828,0.2429676651954651,0.0
0,116,sub-116_ses-01_task-szMonitoring_run-03,19.28989028930664,0.08151501417160034,0.0
0,116,sub-116_ses-01_task-szMonitoring_run-03,24.00495719909668,0.09980905801057816,0.0
0,116,sub-116_ses-01_task-szMonitoring_run-03,13.264009475708008,0.17238998040556908,0.0
0,116,sub-116_ses-01_task-szMonitoring_run-04,16.321331024169922,0.2150300294160843,0.0
0,116,sub-116_ses-01_task-szMonitoring_run-04,9.354719161987305,0.16003283858299255,0.0
0,116,sub-116_ses-01_task-szMonitoring_run-05,12.22943115234375,0.036955930292606354,0.0
1,116,sub-116_ses-01_task-szMonitoring_run-06,33.05670928955078,0.16699235886335373,0.0
1,116,sub-116_ses-01_task-szMonitoring_run-06,33.82974624633789,0.16674332320690155,0.0
1,116,sub-116_ses-01_task-szMonitoring_run-06,28.78093147277832,0.1808425635099411,0.0
1,116,sub-116_ses-01_task-szMonitoring_run-06,33.05670928955078,0.16699235886335373,0.0
1,116,sub-116_ses-01_task-szMonitoring_run-06,29.40056037902832,0.18011610954999924,0.0
0,116,sub-116_ses-01_task-szMonitoring_run-09,18.82305145263672,0.13242673128843307,0.0
0,116,sub-116_ses-01_task-szMonitoring_run-09,21.675296783447266,0.09063268825411797,0.0
0,116,sub-116_ses-01_task-szMonitoring_run-09,44.58781051635742,0.0595698356628418,0.0
0,116,sub-116_ses-01_task-szMonitoring_run-09,28.59593963623047,0.04669652506709099,0.0
0,116,sub-116_ses-01_task-szMonitoring_run-10,15.312679290771484,0.2056778110563755,0.0
0,116,sub-116_ses-01_task-szMonitoring_run-10,13.297093391418457,0.1776605062186718,0.0
0,116,sub-116_ses-01_task-szMonitoring_run-10,32.87419128417969,0.2622751072049141,0.0
0,116,sub-116_ses-01_task-szMonitoring_run-11,20.19712257385254,0.09272628277540207,0.0
0,116,sub-116_ses-01_task-szMonitoring_run-11,20.991622924804688,0.08004718646407127,0.0
0,116,sub-116_ses-01_task-szMonitoring_run-12,8.563360214233398,0.20373872481286526,0.0
0,116,sub-116_ses-01_task-szMonitoring_run-12,22.40302848815918,0.2650238126516342,0.0
0,116,sub-116_ses-01_task-szMonitoring_run-12,24.55854034423828,0.23914388567209244,0.0
0,116,sub-116_ses-01_task-szMonitoring_run-12,10.753764152526855,0.21337815746665,0.0
0,116,sub-116_ses-01_task-szMonitoring_run-12,43.6087760925293,0.18059443682432175,0.0
0,116,sub-116_ses-01_task-szMonitoring_run-12,10.992155075073242,0.2951979301869869,0.0
0,116,sub-116_ses-01_task-szMonitoring_run-12,9.542083740234375,0.27921411395072937,0.0
0,116,sub-116_ses-01_task-szMonitoring_run-12,17.162050247192383,0.15092726051807404,0.0
0,116,sub-116_ses-01_task-szMonitoring_run-12,5.799093246459961,0.22445454820990562,0.0
0,116,sub-116_ses-01_task-szMonitoring_run-13,24.142284393310547,0.15989812463521957,0.0
0,116,sub-116_ses-01_task-szMonitoring_run-14,17.974157333374023,0.2883823923766613,0.0
0,116,sub-116_ses-01_task-szMonitoring_run-14,15.237138748168945,0.14378192648291588,0.0
0,116,sub-116_ses-01_task-szMonitoring_run-14,21.378482818603516,0.2777261473238468,0.0
0,116,sub-116_ses-01_task-szMonitoring_run-15,21.065753936767578,0.10701286792755127,0.0
0,116,sub-116_ses-01_task-szMonitoring_run-15,28.845436096191406,0.06637558154761791,0.0
0,116,sub-116_ses-01_task-szMonitoring_run-15,19.838850021362305,0.04842265695333481,0.0
0,116,sub-116_ses-01_task-szMonitoring_run-15,24.577167510986328,0.09126800298690796,0.0
0,116,sub-116_ses-01_task-szMonitoring_run-16,11.520313262939453,0.13905185088515282,0.0
0,116,sub-116_ses-01_task-szMonitoring_run-16,17.583772659301758,0.21198799461126328,0.0
0,116,sub-116_ses-01_task-szMonitoring_run-17,20.607830047607422,0.24478575587272644,0.0
1,116,sub-116_ses-01_task-szMonitoring_run-18,11.7454252243042,0.11072000861167908,0.0
1,116,sub-116_ses-01_task-szMonitoring_run-18,15.061525344848633,0.11299526691436768,0.0
1,116,sub-116_ses-01_task-szMonitoring_run-18,12.000842094421387,0.11056569218635559,0.0
1,116,sub-116_ses-01_task-szMonitoring_run-18,11.7177095413208,0.11179986596107483,0.0
1,116,sub-116_ses-01_task-szMonitoring_run-18,12.087589263916016,0.10976743698120117,0.0
1,116,sub-116_ses-01_task-szMonitoring_run-18,11.916303634643555,0.11155480146408081,0.0
1,116,sub-116_ses-01_task-szMonitoring_run-18,11.862687110900879,0.10969045758247375,0.0
0,116,sub-116_ses-01_task-szMonitoring_run-18,5.2241363525390625,0.2005525901913643,0.0
0,116,sub-116_ses-01_task-szMonitoring_run-18,5.144179821014404,0.1960035227239132,0.0
0,116,sub-116_ses-01_task-szMonitoring_run-18,10.86523151397705,0.22229646518826485,0.0
0,116,sub-116_ses-01_task-szMonitoring_run-18,10.83777904510498,0.22848935052752495,0.0
1,116,sub-116_ses-01_task-szMonitoring_run-19,8.067410469055176,0.18313606455922127,0.0
1,116,sub-116_ses-01_task-szMonitoring_run-19,8.678404808044434,0.16650256514549255,0.0
1,116,sub-116_ses-01_task-szMonitoring_run-19,8.167961120605469,0.1750887669622898,0.0
1,116,sub-116_ses-01_task-szMonitoring_run-19,8.104493141174316,0.16850916296243668,0.0
1,116,sub-116_ses-01_task-szMonitoring_run-19,10.607062339782715,0.15770966932177544,0.0
1,116,sub-116_ses-01_task-szMonitoring_run-19,8.018131256103516,0.18927821516990662,0.0
1,116,sub-116_ses-01_task-szMonitoring_run-19,8.183399200439453,0.17332983762025833,0.0
1,116,sub-116_ses-01_task-szMonitoring_run-19,8.427383422851562,0.16818129643797874,0.0
0,116,sub-116_ses-01_task-szMonitoring_run-20,10.897040367126465,0.09152011200785637,0.0
0,116,sub-116_ses-01_task-szMonitoring_run-20,16.847280502319336,0.1518812868744135,0.0
0,116,sub-116_ses-01_task-szMonitoring_run-21,17.344154357910156,0.05632849410176277,0.0
0,116,sub-116_ses-01_task-szMonitoring_run-21,30.39286231994629,0.06311542727053165,0.0
0,116,sub-116_ses-01_task-szMonitoring_run-21,18.01351547241211,0.03700435161590576,0.0
0,116,sub-116_ses-01_task-szMonitoring_run-22,8.533761978149414,0.4272378459572792,0.0
0,116,sub-116_ses-01_task-szMonitoring_run-22,4.90525484085083,0.1413181610405445,0.0
1,116,sub-116_ses-01_task-szMonitoring_run-24,8.178146362304688,0.11475792899727821,0.0
1,116,sub-116_ses-01_task-szMonitoring_run-24,7.634358882904053,0.11303482577204704,0.0
1,116,sub-116_ses-01_task-szMonitoring_run-24,8.593908309936523,0.12120618298649788,0.0
1,116,sub-116_ses-01_task-szMonitoring_run-24,8.130688667297363,0.11810260266065598,0.0
0,116,sub-116_ses-01_task-szMonitoring_run-24,12.989453315734863,0.05556759983301163,0.0
0,116,sub-116_ses-01_task-szMonitoring_run-24,13.612908363342285,0.0932259876281023,0.0
1,116,sub-116_ses-01_task-szMonitoring_run-25,25.847795486450195,0.08694554306566715,0.0
1,116,sub-116_ses-01_task-szMonitoring_run-25,18.366207122802734,0.09413885697722435,0.0
1,116,sub-116_ses-01_task-szMonitoring_run-25,24.116783142089844,0.08618387579917908,0.0
1,116,sub-116_ses-01_task-szMonitoring_run-25,14.8810396194458,0.1028550136834383,0.0
1,116,sub-116_ses-01_task-szMonitoring_run-25,25.875247955322266,0.0848728846758604,0.0
1,116,sub-116_ses-01_task-szMonitoring_run-25,15.764431953430176,0.10223685204982758,0.0
1,116,sub-116_ses-01_task-szMonitoring_run-25,16.359533309936523,0.10106549970805645,0.0
0,116,sub-116_ses-01_task-szMonitoring_run-25,15.977792739868164,0.1593543216586113,0.0
1,116,sub-116_ses-01_task-szMonitoring_run-26,8.094501495361328,0.16116520389914513,0.0
1,116,sub-116_ses-01_task-szMonitoring_run-26,8.762208938598633,0.14976555109024048,0.0
1,116,sub-116_ses-01_task-szMonitoring_run-26,8.471044540405273,0.1523292399942875,0.0
1,116,sub-116_ses-01_task-szMonitoring_run-26,8.03490161895752,0.16096535697579384,0.0
1,116,sub-116_ses-01_task-szMonitoring_run-27,26.491758346557617,0.06972712650895119,0.0
1,116,sub-116_ses-01_task-szMonitoring_run-27,26.628562927246094,0.06878210231661797,0.0
0,116,sub-116_ses-01_task-szMonitoring_run-27,20.557716369628906,0.05373845435678959,0.0
0,116,sub-116_ses-01_task-szMonitoring_run-27,37.03406524658203,0.029923202469944954,0.0
0,117,sub-117_ses-01_task-szMonitoring_run-01,30.28754234313965,0.10193976759910583,0.0
0,117,sub-117_ses-01_task-szMonitoring_run-01,11.144163131713867,0.14324992895126343,0.0
0,117,sub-117_ses-01_task-szMonitoring_run-02,52.56563949584961,0.08145633339881897,0.0
0,117,sub-117_ses-01_task-szMonitoring_run-02,44.67573928833008,0.04357154667377472,0.0
0,117,sub-117_ses-01_task-szMonitoring_run-02,42.28569412231445,0.07936035096645355,0.0
0,117,sub-117_ses-01_task-szMonitoring_run-02,11.335756301879883,0.1226809024810791,0.0
0,117,sub-117_ses-01_task-szMonitoring_run-03,62.19794845581055,0.05692267417907715,0.0
0,117,sub-117_ses-01_task-szMonitoring_run-04,11.748774528503418,0.20985203608870506,0.0
0,117,sub-117_ses-01_task-szMonitoring_run-05,13.63959789276123,0.22425498440861702,0.0
1,117,sub-117_ses-01_task-szMonitoring_run-06,31.036090850830078,0.11996100842952728,0.0
1,117,sub-117_ses-01_task-szMonitoring_run-06,45.8319206237793,0.11775855720043182,0.0
1,117,sub-117_ses-01_task-szMonitoring_run-06,32.773345947265625,0.11457903683185577,0.0
1,117,sub-117_ses-01_task-szMonitoring_run-06,41.288246154785156,0.11629296839237213,0.0
1,117,sub-117_ses-01_task-szMonitoring_run-06,34.18345642089844,0.11225377023220062,0.0
1,117,sub-117_ses-01_task-szMonitoring_run-06,34.8714714050293,0.12003902345895767,0.0
1,117,sub-117_ses-01_task-szMonitoring_run-06,27.788896560668945,0.12104357779026031,0.0
0,117,sub-117_ses-01_task-szMonitoring_run-06,65.03843688964844,0.128446064889431,0.0
0,117,sub-117_ses-01_task-szMonitoring_run-06,42.41397476196289,0.1400884985923767,0.0
1,117,sub-117_ses-01_task-szMonitoring_run-07,63.4444465637207,0.17163972556591034,0.0
1,117,sub-117_ses-01_task-szMonitoring_run-07,67.45110321044922,0.16518282145261765,0.0
1,117,sub-117_ses-01_task-szMonitoring_run-07,53.850887298583984,0.21016693115234375,0.0
1,117,sub-117_ses-01_task-szMonitoring_run-07,53.20072937011719,0.2099553719162941,0.0
1,117,sub-117_ses-01_task-szMonitoring_run-07,53.58101272583008,0.20823948830366135,0.0
1,117,sub-117_ses-01_task-szMonitoring_run-07,60.54182052612305,0.18747342377901077,0.0
1,117,sub-117_ses-01_task-szMonitoring_run-07,54.31086349487305,0.20682799816131592,0.0
0,117,sub-117_ses-01_task-szMonitoring_run-07,84.05412292480469,0.0859103575348854,0.0
0,117,sub-117_ses-01_task-szMonitoring_run-08,19.589872360229492,0.21491853147745132,0.0
0,117,sub-117_ses-01_task-szMonitoring_run-08,18.65525245666504,0.19684047996997833,0.0
0,117,sub-117_ses-01_task-szMonitoring_run-08,19.646249771118164,0.21049271151423454,0.0
0,117,sub-117_ses-01_task-szMonitoring_run-09,12.831138610839844,0.2842726204544306,0.0
0,117,sub-117_ses-01_task-szMonitoring_run-09,11.748058319091797,0.2699536718428135,0.0
0,117,sub-117_ses-01_task-szMonitoring_run-09,27.946762084960938,0.16668406873941422,0.0
0,117,sub-117_ses-01_task-szMonitoring_run-09,21.858110427856445,0.2122977152466774,0.0
1,117,sub-117_ses-01_task-szMonitoring_run-10,198.69760131835938,0.11167045682668686,0.0
1,117,sub-117_ses-01_task-szMonitoring_run-10,213.84535217285156,0.11170906573534012,0.0
1,117,sub-117_ses-01_task-szMonitoring_run-10,213.43699645996094,0.11170906573534012,0.0
1,117,sub-117_ses-01_task-szMonitoring_run-10,72.71394348144531,0.11128047108650208,0.0
1,117,sub-117_ses-01_task-szMonitoring_run-10,73.52159881591797,0.11006593704223633,0.0
1,117,sub-117_ses-01_task-szMonitoring_run-10,207.65475463867188,0.11167045682668686,0.0
0,117,sub-117_ses-01_task-szMonitoring_run-10,210.7322540283203,0.0519925057888031,0.0
0,117,sub-117_ses-01_task-szMonitoring_run-10,14.802229881286621,0.20239802449941635,0.0
0,117,sub-117_ses-01_task-szMonitoring_run-10,144.84754943847656,0.0662427693605423,0.0
0,117,sub-117_ses-01_task-szMonitoring_run-10,22.289417266845703,0.157966248691082,0.0
0,117,sub-117_ses-01_task-szMonitoring_run-10,14.917131423950195,0.20262277498841286,0.0
0,117,sub-117_ses-01_task-szMonitoring_run-10,10.97227668762207,0.2385602444410324,0.0
0,117,sub-117_ses-01_task-szMonitoring_run-11,22.687498092651367,0.16131993383169174,0.0
0,117,sub-117_ses-01_task-szMonitoring_run-11,134.63941955566406,0.07765800505876541,0.0
0,117,sub-117_ses-01_task-szMonitoring_run-11,23.658172607421875,0.15853240340948105,0.0
0,117,sub-117_ses-01_task-szMonitoring_run-12,28.633975982666016,0.1295423060655594,0.0
0,117,sub-117_ses-01_task-szMonitoring_run-12,18.911725997924805,0.14667129516601562,0.0
0,117,sub-117_ses-01_task-szMonitoring_run-12,48.72579574584961,0.1097068041563034,0.0
0,117,sub-117_ses-01_task-szMonitoring_run-13,9.78805160522461,0.09830871969461441,0.0
0,117,sub-117_ses-01_task-szMonitoring_run-13,9.77750015258789,0.08939483016729355,0.0
0,117,sub-117_ses-01_task-szMonitoring_run-13,12.327725410461426,0.10603237897157669,0.0
0,117,sub-117_ses-01_task-szMonitoring_run-14,117.16987609863281,0.04753658175468445,0.0
0,117,sub-117_ses-01_task-szMonitoring_run-14,87.17594146728516,0.03488971292972565,0.0
0,117,sub-117_ses-01_task-szMonitoring_run-14,43.546749114990234,0.10694338381290436,0.0
0,117,sub-117_ses-01_task-szMonitoring_run-15,33.51666259765625,0.08067134767770767,0.0
0,117,sub-117_ses-01_task-szMonitoring_run-15,67.39208221435547,0.06577595323324203,0.0
0,117,sub-117_ses-01_task-szMonitoring_run-15,175.29000854492188,0.02736981213092804,0.0
0,117,sub-117_ses-01_task-szMonitoring_run-15,88.55242156982422,0.05512464791536331,0.0
0,117,sub-117_ses-01_task-szMonitoring_run-15,163.74099731445312,0.036099448800086975,0.0
0,117,sub-117_ses-01_task-szMonitoring_run-16,12.026185035705566,0.030622996389865875,0.0
0,117,sub-117_ses-01_task-szMonitoring_run-16,6.2579827308654785,0.027630627155303955,0.0
0,117,sub-117_ses-01_task-szMonitoring_run-16,5.693665027618408,0.028338149189949036,0.0
0,117,sub-117_ses-01_task-szMonitoring_run-17,78.7260971069336,0.06043119728565216,0.0
0,117,sub-117_ses-01_task-szMonitoring_run-17,16.617515563964844,0.10501070320606232,0.0
0,117,sub-117_ses-01_task-szMonitoring_run-17,60.50531005859375,0.0391102060675621,0.0
0,117,sub-117_ses-01_task-szMonitoring_run-17,64.6634521484375,0.04340219497680664,0.0
0,117,sub-117_ses-01_task-szMonitoring_run-17,48.50340270996094,0.12145891413092613,0.0
0,117,sub-117_ses-01_task-szMonitoring_run-17,26.87980842590332,0.1418367326259613,0.0
0,117,sub-117_ses-01_task-szMonitoring_run-17,27.675039291381836,0.1444275826215744,0.0
0,118,sub-118_ses-01_task-szMonitoring_run-01,3.71327805519104,0.18438024073839188,0.0
0,118,sub-118_ses-01_task-szMonitoring_run-01,14.342470169067383,0.07039868831634521,0.0
0,118,sub-118_ses-01_task-szMonitoring_run-01,10.470345497131348,0.07194430381059647,0.0
0,118,sub-118_ses-01_task-szMonitoring_run-02,11.452601432800293,0.049892887473106384,0.0
0,118,sub-118_ses-01_task-szMonitoring_run-02,11.658870697021484,0.04994402453303337,0.0
0,118,sub-118_ses-01_task-szMonitoring_run-02,21.444822311401367,0.05027054250240326,0.0
0,118,sub-118_ses-01_task-szMonitoring_run-02,22.4536190032959,0.05431392043828964,0.0
0,118,sub-118_ses-01_task-szMonitoring_run-02,11.389628410339355,0.04863137751817703,0.0
0,118,sub-118_ses-01_task-szMonitoring_run-02,9.646864891052246,0.053641729056835175,0.0
1,118,sub-118_ses-01_task-szMonitoring_run-03,14.87377643585205,0.07696893066167831,0.0
1,118,sub-118_ses-01_task-szMonitoring_run-03,16.387357711791992,0.07516205310821533,0.0
0,118,sub-118_ses-01_task-szMonitoring_run-03,21.992935180664062,0.08082862570881844,0.0
0,118,sub-118_ses-01_task-szMonitoring_run-03,20.949527740478516,0.05655497685074806,0.0
0,118,sub-118_ses-01_task-szMonitoring_run-03,21.726558685302734,0.08188338950276375,0.0
0,118,sub-118_ses-01_task-szMonitoring_run-04,14.70431137084961,0.07974046468734741,0.0
0,118,sub-118_ses-01_task-szMonitoring_run-04,16.30636215209961,0.07382103055715561,0.0
0,118,sub-118_ses-01_task-szMonitoring_run-05,19.908533096313477,0.07949607819318771,0.0
0,118,sub-118_ses-01_task-szMonitoring_run-05,5.8251800537109375,0.10298994556069374,0.0
0,118,sub-118_ses-01_task-szMonitoring_run-05,10.022553443908691,0.15939761325716972,0.0
0,118,sub-118_ses-01_task-szMonitoring_run-05,9.156144142150879,0.11179639399051666,0.0
0,118,sub-118_ses-01_task-szMonitoring_run-07,9.767260551452637,0.0973009318113327,0.0
0,118,sub-118_ses-01_task-szMonitoring_run-07,8.430848121643066,0.1024082712829113,0.0
0,118,sub-118_ses-01_task-szMonitoring_run-08,20.222919464111328,0.14561156928539276,0.0
0,118,sub-118_ses-01_task-szMonitoring_run-09,7.239112377166748,0.12444712221622467,0.0
0,118,sub-118_ses-01_task-szMonitoring_run-09,15.10413932800293,0.06320013478398323,0.0
0,118,sub-118_ses-01_task-szMonitoring_run-09,6.972611904144287,0.11755617335438728,0.0
0,118,sub-118_ses-01_task-szMonitoring_run-10,12.652316093444824,0.11306671798229218,0.0
0,118,sub-118_ses-01_task-szMonitoring_run-10,8.335783958435059,0.07710205763578415,0.0
0,118,sub-118_ses-01_task-szMonitoring_run-10,21.623151779174805,0.07341257855296135,0.0
0,118,sub-118_ses-01_task-szMonitoring_run-10,14.528449058532715,0.09129036590456963,0.0
0,118,sub-118_ses-01_task-szMonitoring_run-12,6.8482441902160645,0.14394865557551384,0.0
0,118,sub-118_ses-01_task-szMonitoring_run-12,12.394513130187988,0.27631859108805656,0.0
0,118,sub-118_ses-01_task-szMonitoring_run-12,13.515424728393555,0.2746875695884228,0.0
0,118,sub-118_ses-01_task-szMonitoring_run-12,9.939462661743164,0.14359288290143013,0.0
0,118,sub-118_ses-01_task-szMonitoring_run-12,10.595999717712402,0.13274141028523445,0.0
0,118,sub-118_ses-01_task-szMonitoring_run-13,7.0354180335998535,0.12996592745184898,0.0
0,118,sub-118_ses-01_task-szMonitoring_run-14,5.793342590332031,0.15799006819725037,0.0
0,118,sub-118_ses-01_task-szMonitoring_run-14,7.088249683380127,0.18396751582622528,0.0
0,118,sub-118_ses-01_task-szMonitoring_run-14,10.46860408782959,0.1423705369234085,0.0
0,118,sub-118_ses-01_task-szMonitoring_run-14,6.335794448852539,0.17886699363589287,0.0
0,118,sub-118_ses-01_task-szMonitoring_run-14,7.8615922927856445,0.17640015110373497,0.0
0,118,sub-118_ses-01_task-szMonitoring_run-14,13.951714515686035,0.12931684032082558,0.0
0,118,sub-118_ses-01_task-szMonitoring_run-15,18.02443504333496,0.146055668592453,0.0
0,118,sub-118_ses-01_task-szMonitoring_run-16,24.652048110961914,0.059076033532619476,0.0
0,118,sub-118_ses-01_task-szMonitoring_run-16,21.058137893676758,0.051107317209243774,0.0
0,118,sub-118_ses-01_task-szMonitoring_run-17,7.587368965148926,0.1745804212987423,0.0
0,118,sub-118_ses-01_task-szMonitoring_run-17,11.54339599609375,0.14373702555894852,0.0
0,118,sub-118_ses-01_task-szMonitoring_run-17,8.546109199523926,0.1748107559978962,0.0
0,118,sub-118_ses-01_task-szMonitoring_run-18,16.364242553710938,0.2192012071609497,0.0
0,118,sub-118_ses-01_task-szMonitoring_run-19,11.959959030151367,0.2992220036685467,0.0
0,118,sub-118_ses-01_task-szMonitoring_run-19,11.756064414978027,0.15933544002473354,0.0
0,118,sub-118_ses-01_task-szMonitoring_run-19,8.276731491088867,0.1695871539413929,0.0
0,118,sub-118_ses-01_task-szMonitoring_run-19,15.006677627563477,0.25415798276662827,0.0
0,118,sub-118_ses-01_task-szMonitoring_run-19,14.700806617736816,0.12254733964800835,0.0
0,118,sub-118_ses-01_task-szMonitoring_run-20,11.24312973022461,0.0927036926150322,0.0
0,118,sub-118_ses-01_task-szMonitoring_run-20,12.348126411437988,0.16213038563728333,0.0
0,118,sub-118_ses-01_task-szMonitoring_run-20,11.161130905151367,0.09246105700731277,0.0
0,118,sub-118_ses-01_task-szMonitoring_run-20,17.864866256713867,0.33872533589601517,0.0
0,118,sub-118_ses-01_task-szMonitoring_run-22,10.896347999572754,0.1283067837357521,0.0
0,118,sub-118_ses-01_task-szMonitoring_run-22,28.825353622436523,0.09060417488217354,0.0
0,118,sub-118_ses-01_task-szMonitoring_run-22,10.758991241455078,0.13170722499489784,0.0
0,118,sub-118_ses-01_task-szMonitoring_run-22,10.962830543518066,0.31230659037828445,0.0
0,118,sub-118_ses-01_task-szMonitoring_run-22,11.013294219970703,0.12616290524601936,0.0
0,118,sub-118_ses-01_task-szMonitoring_run-23,8.097528457641602,0.14906323328614235,0.0
0,118,sub-118_ses-01_task-szMonitoring_run-23,13.538634300231934,0.25908027216792107,0.0
0,118,sub-118_ses-01_task-szMonitoring_run-23,15.327954292297363,0.25789956003427505,0.0
0,118,sub-118_ses-01_task-szMonitoring_run-23,9.996283531188965,0.39567437767982483,0.0
0,118,sub-118_ses-01_task-szMonitoring_run-25,9.353269577026367,0.04519473761320114,0.0
0,118,sub-118_ses-01_task-szMonitoring_run-26,22.112661361694336,0.13994938135147095,0.0
0,118,sub-118_ses-01_task-szMonitoring_run-26,26.39756202697754,0.07047350611537695,0.0
0,119,sub-119_ses-01_task-szMonitoring_run-01,12.316469192504883,0.06809443235397339,0.0
0,119,sub-119_ses-01_task-szMonitoring_run-01,15.408632278442383,0.07395511120557785,0.0
0,119,sub-119_ses-01_task-szMonitoring_run-01,15.625905990600586,0.07472234964370728,0.0
0,119,sub-119_ses-01_task-szMonitoring_run-01,9.58382511138916,0.058838315308094025,0.0
0,119,sub-119_ses-01_task-szMonitoring_run-01,14.753005027770996,0.07018233835697174,0.0
0,119,sub-119_ses-01_task-szMonitoring_run-01,9.181568145751953,0.0636664479970932,0.0
0,119,sub-119_ses-01_task-szMonitoring_run-02,26.22061538696289,0.13343945890665054,0.0
0,119,sub-119_ses-01_task-szMonitoring_run-02,38.232460021972656,0.08926292508840561,0.0
0,119,sub-119_ses-01_task-szMonitoring_run-02,20.99233627319336,0.07860574126243591,0.0
0,119,sub-119_ses-01_task-szMonitoring_run-03,26.579631805419922,0.08100494742393494,0.0
0,119,sub-119_ses-01_task-szMonitoring_run-03,21.519453048706055,0.13428256288170815,0.0
0,119,sub-119_ses-01_task-szMonitoring_run-03,68.494384765625,0.10966786369681358,0.0
0,119,sub-119_ses-01_task-szMonitoring_run-03,14.631589889526367,0.1300087496638298,0.0
0,119,sub-119_ses-01_task-szMonitoring_run-05,13.006180763244629,0.19119268283247948,0.0
0,119,sub-119_ses-01_task-szMonitoring_run-06,45.69080352783203,0.10710907727479935,0.0
0,119,sub-119_ses-01_task-szMonitoring_run-06,15.524951934814453,0.14910726621747017,0.0
0,119,sub-119_ses-01_task-szMonitoring_run-06,22.33893394470215,0.11338328570127487,0.0
0,119,sub-119_ses-01_task-szMonitoring_run-07,10.742844581604004,0.16612547636032104,0.0
0,119,sub-119_ses-01_task-szMonitoring_run-07,9.244853973388672,0.15321829169988632,0.0
0,119,sub-119_ses-01_task-szMonitoring_run-08,30.59178352355957,0.10195725783705711,0.0
0,119,sub-119_ses-01_task-szMonitoring_run-08,71.97802734375,0.11806746199727058,0.0
0,119,sub-119_ses-01_task-szMonitoring_run-08,20.293100357055664,0.1832960732281208,0.0
0,119,sub-119_ses-01_task-szMonitoring_run-08,20.845827102661133,0.10462651774287224,0.0
0,119,sub-119_ses-01_task-szMonitoring_run-08,79.33617401123047,0.10948885977268219,0.0
0,119,sub-119_ses-01_task-szMonitoring_run-08,32.16390609741211,0.12652268260717392,0.0
0,119,sub-119_ses-01_task-szMonitoring_run-08,30.015146255493164,0.10544129461050034,0.0
0,119,sub-119_ses-01_task-szMonitoring_run-09,3.623109817504883,0.24022896029055119,0.0
0,119,sub-119_ses-01_task-szMonitoring_run-09,4.742727279663086,0.2452465333044529,0.0
0,119,sub-119_ses-01_task-szMonitoring_run-10,6.794461250305176,0.2813347466289997,0.0
0,119,sub-119_ses-01_task-szMonitoring_run-11,11.731987953186035,0.1336573250591755,0.0
0,119,sub-119_ses-01_task-szMonitoring_run-11,7.857877731323242,0.22795320767909288,0.0
0,119,sub-119_ses-01_task-szMonitoring_run-12,15.798622131347656,0.1353854164481163,0.0
0,119,sub-119_ses-01_task-szMonitoring_run-12,11.695088386535645,0.21728402003645897,0.0
0,119,sub-119_ses-01_task-szMonitoring_run-12,6.32854700088501,0.2095724605023861,0.0
0,119,sub-119_ses-01_task-szMonitoring_run-12,11.565401077270508,0.17184054479002953,0.0
0,119,sub-119_ses-01_task-szMonitoring_run-12,7.941875457763672,0.18044127896428108,0.0
0,119,sub-119_ses-01_task-szMonitoring_run-12,12.550283432006836,0.14917374774813652,0.0
0,119,sub-119_ses-01_task-szMonitoring_run-13,39.589393615722656,0.12263061851263046,0.0
0,119,sub-119_ses-01_task-szMonitoring_run-13,17.98079490661621,0.11246093735098839,0.0
0,119,sub-119_ses-01_task-szMonitoring_run-13,63.49892807006836,0.08251841366291046,0.0
0,119,sub-119_ses-01_task-szMonitoring_run-14,10.942487716674805,0.19386684149503708,0.0
0,119,sub-119_ses-01_task-szMonitoring_run-14,20.55396270751953,0.11627355962991714,0.0
0,119,sub-119_ses-01_task-szMonitoring_run-14,9.791065216064453,0.19591310620307922,0.0
0,119,sub-119_ses-01_task-szMonitoring_run-16,8.22324275970459,0.15294045954942703,0.0
0,119,sub-119_ses-01_task-szMonitoring_run-16,6.684928894042969,0.19381587952375412,0.0
0,119,sub-119_ses-01_task-szMonitoring_run-16,8.775084495544434,0.1829303577542305,0.0
0,119,sub-119_ses-01_task-szMonitoring_run-16,6.272336483001709,0.1661760862916708,0.0
0,119,sub-119_ses-01_task-szMonitoring_run-17,11.376558303833008,0.15786262601613998,0.0
0,119,sub-119_ses-01_task-szMonitoring_run-17,20.27621078491211,0.19842977076768875,0.0
0,119,sub-119_ses-01_task-szMonitoring_run-17,7.243293762207031,0.1709924153983593,0.0
0,119,sub-119_ses-01_task-szMonitoring_run-17,12.748003959655762,0.2114977203309536,0.0
0,119,sub-119_ses-01_task-szMonitoring_run-17,6.287502288818359,0.19268263317644596,0.0
0,119,sub-119_ses-01_task-szMonitoring_run-18,35.35065460205078,0.13148166239261627,0.0
0,119,sub-119_ses-01_task-szMonitoring_run-18,37.41381072998047,0.07706152647733688,0.0
0,119,sub-119_ses-01_task-szMonitoring_run-18,13.507570266723633,0.1672993302345276,0.0
0,119,sub-119_ses-01_task-szMonitoring_run-18,24.87063980102539,0.11275094375014305,0.0
0,119,sub-119_ses-01_task-szMonitoring_run-20,14.000753402709961,0.1450205296278,0.0
0,119,sub-119_ses-01_task-szMonitoring_run-20,15.127185821533203,0.14461087435483932,0.0
0,119,sub-119_ses-01_task-szMonitoring_run-20,22.041851043701172,0.1849755197763443,0.0
0,119,sub-119_ses-01_task-szMonitoring_run-21,11.672918319702148,0.24124378338456154,0.0
0,119,sub-119_ses-01_task-szMonitoring_run-21,19.206096649169922,0.15001993998885155,0.0
0,119,sub-119_ses-01_task-szMonitoring_run-21,22.493703842163086,0.18383349664509296,0.0
0,119,sub-119_ses-01_task-szMonitoring_run-22,11.21739387512207,0.2276757750660181,0.0
0,119,sub-119_ses-01_task-szMonitoring_run-22,6.573602199554443,0.1467296276241541,0.0
0,119,sub-119_ses-01_task-szMonitoring_run-23,17.47658920288086,0.10797458700835705,0.0
0,119,sub-119_ses-01_task-szMonitoring_run-23,20.331485748291016,0.12295275181531906,0.0
0,119,sub-119_ses-01_task-szMonitoring_run-23,23.55469512939453,0.1446177065372467,0.0
0,119,sub-119_ses-01_task-szMonitoring_run-23,9.442943572998047,0.16594483144581318,0.0
0,119,sub-119_ses-01_task-szMonitoring_run-26,15.306509017944336,0.10788233578205109,0.0
0,119,sub-119_ses-01_task-szMonitoring_run-27,14.54748821258545,0.13790330290794373,0.0
0,119,sub-119_ses-01_task-szMonitoring_run-29,9.596542358398438,0.15024961903691292,0.0
0,119,sub-119_ses-01_task-szMonitoring_run-29,12.148042678833008,0.1682407408952713,0.0
0,119,sub-119_ses-01_task-szMonitoring_run-29,30.453466415405273,0.13924814760684967,0.0
0,119,sub-119_ses-01_task-szMonitoring_run-29,10.232588768005371,0.11413512378931046,0.0
0,119,sub-119_ses-01_task-szMonitoring_run-29,20.826602935791016,0.1790456473827362,0.0
1,119,sub-119_ses-01_task-szMonitoring_run-30,23.652233123779297,0.14732562378048897,0.0
1,119,sub-119_ses-01_task-szMonitoring_run-30,20.49892807006836,0.1607266366481781,0.0
1,119,sub-119_ses-01_task-szMonitoring_run-30,24.695335388183594,0.1487286612391472,0.0
1,119,sub-119_ses-01_task-szMonitoring_run-30,23.902212142944336,0.15067242458462715,0.0
1,119,sub-119_ses-01_task-szMonitoring_run-30,21.745738983154297,0.16057953983545303,0.0
1,119,sub-119_ses-01_task-szMonitoring_run-31,19.367046356201172,0.16655327007174492,0.0
1,119,sub-119_ses-01_task-szMonitoring_run-31,18.826196670532227,0.1611323580145836,0.0
1,119,sub-119_ses-01_task-szMonitoring_run-31,19.215946197509766,0.16911698877811432,0.0
1,119,sub-119_ses-01_task-szMonitoring_run-31,19.49590301513672,0.1719721034169197,0.0
1,119,sub-119_ses-01_task-szMonitoring_run-31,18.95537757873535,0.16313603520393372,0.0
1,119,sub-119_ses-01_task-szMonitoring_run-31,18.35936164855957,0.1563963033258915,0.0
1,119,sub-119_ses-01_task-szMonitoring_run-31,19.385591506958008,0.18363961204886436,0.0
1,119,sub-119_ses-01_task-szMonitoring_run-31,19.019495010375977,0.17098798602819443,0.0
0,119,sub-119_ses-01_task-szMonitoring_run-31,13.16655445098877,0.1460614837706089,0.0
0,119,sub-119_ses-01_task-szMonitoring_run-32,26.444292068481445,0.1625942587852478,0.0
0,119,sub-119_ses-01_task-szMonitoring_run-32,20.067832946777344,0.12077091261744499,0.0
0,119,sub-119_ses-01_task-szMonitoring_run-32,20.648412704467773,0.16093140095472336,0.0
0,119,sub-119_ses-01_task-szMonitoring_run-32,21.183563232421875,0.1405169516801834,0.0
0,119,sub-119_ses-01_task-szMonitoring_run-33,21.35227394104004,0.047616032883524895,0.0
0,119,sub-119_ses-01_task-szMonitoring_run-33,11.05647087097168,0.12470311671495438,0.0
0,119,sub-119_ses-01_task-szMonitoring_run-33,22.602294921875,0.14153718203306198,0.0
0,119,sub-119_ses-01_task-szMonitoring_run-33,10.26098918914795,0.13085269927978516,0.0
0,119,sub-119_ses-01_task-szMonitoring_run-33,13.981950759887695,0.11089449375867844,0.0
0,119,sub-119_ses-01_task-szMonitoring_run-34,18.799829483032227,0.09292549639940262,0.0
0,119,sub-119_ses-01_task-szMonitoring_run-34,11.705195426940918,0.0309279877692461,0.0
0,119,sub-119_ses-01_task-szMonitoring_run-34,15.518315315246582,0.200224494561553,0.0
0,119,sub-119_ses-01_task-szMonitoring_run-34,9.971787452697754,0.039908481761813164,0.0
0,119,sub-119_ses-01_task-szMonitoring_run-34,14.03968334197998,0.055665476247668266,0.0
0,119,sub-119_ses-01_task-szMonitoring_run-34,29.0362491607666,0.06853358261287212,0.0
0,119,sub-119_ses-01_task-szMonitoring_run-34,22.58198356628418,0.1168406717479229,0.0
0,119,sub-119_ses-01_task-szMonitoring_run-34,19.511642456054688,0.036682406440377235,0.0
0,119,sub-119_ses-01_task-szMonitoring_run-35,10.744097709655762,0.12040147185325623,0.0
0,119,sub-119_ses-01_task-szMonitoring_run-35,5.4619832038879395,0.15716836601495743,0.0
0,119,sub-119_ses-01_task-szMonitoring_run-36,14.138019561767578,0.032550884410738945,0.0
0,119,sub-119_ses-01_task-szMonitoring_run-36,7.639924049377441,0.08995934017002583,0.0
0,119,sub-119_ses-01_task-szMonitoring_run-36,10.607471466064453,0.0395166389644146,0.0
0,119,sub-119_ses-01_task-szMonitoring_run-37,14.24388599395752,0.09559538960456848,0.0
0,119,sub-119_ses-01_task-szMonitoring_run-37,17.5861873626709,0.10533219575881958,0.0
0,119,sub-119_ses-01_task-szMonitoring_run-37,9.596126556396484,0.14465774223208427,0.0
0,119,sub-119_ses-01_task-szMonitoring_run-38,40.48018264770508,0.1458737850189209,0.0
0,119,sub-119_ses-01_task-szMonitoring_run-38,18.589202880859375,0.16929611563682556,0.0
0,119,sub-119_ses-01_task-szMonitoring_run-39,11.16927433013916,0.09876296669244766,0.0
0,119,sub-119_ses-01_task-szMonitoring_run-39,28.348176956176758,0.102000892162323,0.0
0,119,sub-119_ses-01_task-szMonitoring_run-39,18.896154403686523,0.15502716600894928,0.0
0,119,sub-119_ses-01_task-szMonitoring_run-39,11.450310707092285,0.0898299440741539,0.0
0,119,sub-119_ses-01_task-szMonitoring_run-40,18.93778419494629,0.08305416256189346,0.0
0,119,sub-119_ses-01_task-szMonitoring_run-40,28.344594955444336,0.07988651469349861,0.0
0,121,sub-121_ses-01_task-szMonitoring_run-102,9.711678504943848,0.060388097539544106,0.0
0,121,sub-121_ses-01_task-szMonitoring_run-109,10.33034896850586,0.029610875993967056,0.0
0,121,sub-121_ses-01_task-szMonitoring_run-56,80.26558685302734,0.06946641206741333,0.0
0,121,sub-121_ses-01_task-szMonitoring_run-82,23.045196533203125,0.41266221180558205,0.0
0,121,sub-121_ses-01_task-szMonitoring_run-87,16.810712814331055,0.038539495319128036,0.0
0,121,sub-121_ses-01_task-szMonitoring_run-88,16.31492805480957,0.03252360876649618,0.0
0,122,sub-122_ses-01_task-szMonitoring_run-19,46.1408576965332,0.009898629039525986,0.0
0,122,sub-122_ses-01_task-szMonitoring_run-20,9.09791088104248,0.17750097485259175,0.0
0,122,sub-122_ses-01_task-szMonitoring_run-41,32.88822937011719,0.10853992402553558,0.0
0,122,sub-122_ses-01_task-szMonitoring_run-53,7.244269847869873,0.2028056364506483,0.0
0,122,sub-122_ses-01_task-szMonitoring_run-58,7.436966896057129,0.14700894244015217,0.0
0,122,sub-122_ses-01_task-szMonitoring_run-59,9.41690731048584,0.24644780438393354,0.0
0,122,sub-122_ses-01_task-szMonitoring_run-62,31.84511375427246,0.1277691125869751,0.0
0,122,sub-122_ses-01_task-szMonitoring_run-65,68.8846206665039,0.05583763122558594,0.0
0,122,sub-122_ses-01_task-szMonitoring_run-66,9.370573997497559,0.2702401028946042,0.0
0,123,sub-123_ses-01_task-szMonitoring_run-18,28.64168930053711,0.08345067128539085,0.0
0,123,sub-123_ses-01_task-szMonitoring_run-36,21.222671508789062,0.05576859414577484,0.0
0,123,sub-123_ses-01_task-szMonitoring_run-37,24.002931594848633,0.04394771717488766,0.0
0,123,sub-123_ses-01_task-szMonitoring_run-38,23.788082122802734,0.032947465777397156,0.0
0,123,sub-123_ses-01_task-szMonitoring_run-42,12.615765571594238,0.08711839467287064,0.0
0,123,sub-123_ses-01_task-szMonitoring_run-54,22.322296142578125,0.06815727055072784,0.0
0,123,sub-123_ses-01_task-szMonitoring_run-65,16.533079147338867,0.05061403941363096,0.0
1,125,sub-125_ses-01_task-szMonitoring_run-21,9.626128196716309,0.11543972790241241,0.0
1,125,sub-125_ses-01_task-szMonitoring_run-21,10.295478820800781,0.10438869148492813,0.0
1,125,sub-125_ses-01_task-szMonitoring_run-21,10.505758285522461,0.10068603977560997,0.0
1,125,sub-125_ses-01_task-szMonitoring_run-21,9.999456405639648,0.09988746792078018,0.0
1,125,sub-125_ses-01_task-szMonitoring_run-21,9.819160461425781,0.12084624543786049,0.0
1,125,sub-125_ses-01_task-szMonitoring_run-21,10.026735305786133,0.1166277602314949,0.0
1,125,sub-125_ses-01_task-szMonitoring_run-21,10.807048797607422,0.1085156537592411,0.0
0,125,sub-125_ses-01_task-szMonitoring_run-30,25.912342071533203,0.04516155458986759,0.0
0,125,sub-125_ses-01_task-szMonitoring_run-62,6.958573818206787,0.07172349840402603,0.0
0,125,sub-125_ses-01_task-szMonitoring_run-63,18.194807052612305,0.0404617041349411,0.0
0,125,sub-125_ses-01_task-szMonitoring_run-72,16.139177322387695,0.04262988269329071,0.0
0,125,sub-125_ses-01_task-szMonitoring_run-74,33.42295455932617,0.03694247454404831,0.0
